ISBN,Book-Title,Book-Author,Year-Of-Publication,Publisher,Image-URL-S,Image-URL-M,Image-URL-L,content,rating_count,average_rating,weighted_rating
0345354621,The Terminal Man,Michael Crichton,1988,Ballantine Books,http://images.amazon.com/images/P/0345354621.01.THUMBZZZ.jpg,http://images.amazon.com/images/P/0345354621.01.MZZZZZZZ.jpg,http://images.amazon.com/images/P/0345354621.01.LZZZZZZZ.jpg,The Terminal Man Michael Crichton Ballantine Books,25,7.36,7.577130618437101
0440220602,The Chamber,John Grisham,1995,Dell Publishing Company,http://images.amazon.com/images/P/0440220602.01.THUMBZZZ.jpg,http://images.amazon.com/images/P/0440220602.01.MZZZZZZZ.jpg,http://images.amazon.com/images/P/0440220602.01.LZZZZZZZ.jpg,The Chamber John Grisham Dell Publishing Company,104,7.394230769230769,7.467507079271529
0684867621,The Girl Who Loved Tom Gordon : A Novel,Stephen King,1999,Scribner,http://images.amazon.com/images/P/0684867621.01.THUMBZZZ.jpg,http://images.amazon.com/images/P/0684867621.01.MZZZZZZZ.jpg,http://images.amazon.com/images/P/0684867621.01.LZZZZZZZ.jpg,The Girl Who Loved Tom Gordon : A Novel Stephen King Scribner,43,7.046511627906977,7.301125044915389
0060930187,The Bell Jar : A Novel (Perennial Classics),Sylvia Plath,2000,Perennial,http://images.amazon.com/images/P/0060930187.01.THUMBZZZ.jpg,http://images.amazon.com/images/P/0060930187.01.MZZZZZZZ.jpg,http://images.amazon.com/images/P/0060930187.01.LZZZZZZZ.jpg,The Bell Jar : A Novel (Perennial Classics) Sylvia Plath Perennial,28,8.0,7.936893288118116
0375760911,The Idiot Girls' Action Adventure Club,Laurie Notaro,2002,Villard Books,http://images.amazon.com/images/P/0375760911.01.THUMBZZZ.jpg,http://images.amazon.com/images/P/0375760911.01.MZZZZZZZ.jpg,http://images.amazon.com/images/P/0375760911.01.LZZZZZZZ.jpg,The Idiot Girls' Action Adventure Club Laurie Notaro Villard Books,40,7.4,7.5495146304944925
0689817851,Go Ask Alice,Anonymous,1998,Simon Pulse,http://images.amazon.com/images/P/0689817851.01.THUMBZZZ.jpg,http://images.amazon.com/images/P/0689817851.01.MZZZZZZZ.jpg,http://images.amazon.com/images/P/0689817851.01.LZZZZZZZ.jpg,Go Ask Alice Anonymous Simon Pulse,33,7.96969696969697,7.923978826974896
3423202327,MÃ?Â¶rder ohne Gesicht.,Henning Mankell,1999,Dtv,http://images.amazon.com/images/P/3423202327.01.THUMBZZZ.jpg,http://images.amazon.com/images/P/3423202327.01.MZZZZZZZ.jpg,http://images.amazon.com/images/P/3423202327.01.LZZZZZZZ.jpg,MÃ?Â¶rder ohne Gesicht. Henning Mankell Dtv,10,7.5,7.732362594322317
3492045170,Stupid White Men. Eine Abrechnung mit dem Amerika unter George W. Bush,Michael Moore,2003,Piper,http://images.amazon.com/images/P/3492045170.01.THUMBZZZ.jpg,http://images.amazon.com/images/P/3492045170.01.MZZZZZZZ.jpg,http://images.amazon.com/images/P/3492045170.01.LZZZZZZZ.jpg,Stupid White Men. Eine Abrechnung mit dem Amerika unter George W. Bush Michael Moore Piper,7,8.285714285714286,7.961884364061834
3548359698,Warum MÃ?Â¤nner nicht zuhÃ?Â¶ren und Frauen schlecht einparken.,Allan Pease,2000,Ullstein Tb,http://images.amazon.com/images/P/3548359698.01.THUMBZZZ.jpg,http://images.amazon.com/images/P/3548359698.01.MZZZZZZZ.jpg,http://images.amazon.com/images/P/3548359698.01.LZZZZZZZ.jpg,Warum MÃ?Â¤nner nicht zuhÃ?Â¶ren und Frauen schlecht einparken. Allan Pease Ullstein Tb,5,7.2,7.718835113186781
0312283709,Running with Scissors,Augusten Burroughs,2002,St. Martin's Press,http://images.amazon.com/images/P/0312283709.01.THUMBZZZ.jpg,http://images.amazon.com/images/P/0312283709.01.MZZZZZZZ.jpg,http://images.amazon.com/images/P/0312283709.01.LZZZZZZZ.jpg,Running with Scissors Augusten Burroughs St. Martin's Press,18,7.611111111111111,7.736075732359724
0446605484,Roses Are Red (Alex Cross Novels),James Patterson,2001,Warner Vision,http://images.amazon.com/images/P/0446605484.01.THUMBZZZ.jpg,http://images.amazon.com/images/P/0446605484.01.MZZZZZZZ.jpg,http://images.amazon.com/images/P/0446605484.01.LZZZZZZZ.jpg,Roses Are Red (Alex Cross Novels) James Patterson Warner Vision,57,8.12280701754386,8.05156984194376
0446611212,Violets Are Blue,James Patterson,2002,Warner Vision,http://images.amazon.com/images/P/0446611212.01.THUMBZZZ.jpg,http://images.amazon.com/images/P/0446611212.01.MZZZZZZZ.jpg,http://images.amazon.com/images/P/0446611212.01.LZZZZZZZ.jpg,Violets Are Blue James Patterson Warner Vision,72,7.75,7.771422585105103
0609804138,The Sweet Potato Queens' Book of Love,JILL CONNER BROWNE,1999,Three Rivers Press,http://images.amazon.com/images/P/0609804138.01.THUMBZZZ.jpg,http://images.amazon.com/images/P/0609804138.01.MZZZZZZZ.jpg,http://images.amazon.com/images/P/0609804138.01.LZZZZZZZ.jpg,The Sweet Potato Queens' Book of Love JILL CONNER BROWNE Three Rivers Press,74,7.594594594594595,7.648626359890102
074343627X,Dreamcatcher,Stephen King,2001,Pocket,http://images.amazon.com/images/P/074343627X.01.THUMBZZZ.jpg,http://images.amazon.com/images/P/074343627X.01.MZZZZZZZ.jpg,http://images.amazon.com/images/P/074343627X.01.LZZZZZZZ.jpg,Dreamcatcher Stephen King Pocket,56,7.267857142857143,7.420669445127231
0971880107,Wild Animus,Rich Shapero,2004,Too Far,http://images.amazon.com/images/P/0971880107.01.THUMBZZZ.jpg,http://images.amazon.com/images/P/0971880107.01.MZZZZZZZ.jpg,http://images.amazon.com/images/P/0971880107.01.LZZZZZZZ.jpg,Wild Animus Rich Shapero Too Far,198,4.040404040404041,4.3897746689434385
0330262130,Restaurant At the End of the Universe,Douglas Adams,0,Pan Books Ltd,http://images.amazon.com/images/P/0330262130.01.THUMBZZZ.jpg,http://images.amazon.com/images/P/0330262130.01.MZZZZZZZ.jpg,http://images.amazon.com/images/P/0330262130.01.LZZZZZZZ.jpg,Restaurant At the End of the Universe Douglas Adams Pan Books Ltd,19,8.31578947368421,8.076176354606911
0385720920,Choke,CHUCK PALAHNIUK,2002,Anchor,http://images.amazon.com/images/P/0385720920.01.THUMBZZZ.jpg,http://images.amazon.com/images/P/0385720920.01.MZZZZZZZ.jpg,http://images.amazon.com/images/P/0385720920.01.LZZZZZZZ.jpg,Choke CHUCK PALAHNIUK Anchor,29,8.241379310344827,8.081038323054479
0553262505,"A Wizard of Earthsea (Earthsea Trilogy, Book 1)",URSULA K. LE GUIN,1984,Bantam,http://images.amazon.com/images/P/0553262505.01.THUMBZZZ.jpg,http://images.amazon.com/images/P/0553262505.01.MZZZZZZZ.jpg,http://images.amazon.com/images/P/0553262505.01.LZZZZZZZ.jpg,"A Wizard of Earthsea (Earthsea Trilogy, Book 1) URSULA K. LE GUIN Bantam",26,7.461538461538462,7.629801691949337
0425189864,Mortal Prey,John Sandford,2003,Berkley Publishing Group,http://images.amazon.com/images/P/0425189864.01.THUMBZZZ.jpg,http://images.amazon.com/images/P/0425189864.01.MZZZZZZZ.jpg,http://images.amazon.com/images/P/0425189864.01.LZZZZZZZ.jpg,Mortal Prey John Sandford Berkley Publishing Group,23,7.956521739130435,7.906299484410919
0440236053,Writ of Execution,Perri O'Shaughnessy,2002,Dell Publishing Company,http://images.amazon.com/images/P/0440236053.01.THUMBZZZ.jpg,http://images.amazon.com/images/P/0440236053.01.MZZZZZZZ.jpg,http://images.amazon.com/images/P/0440236053.01.LZZZZZZZ.jpg,Writ of Execution Perri O'Shaughnessy Dell Publishing Company,24,7.375,7.59024722340158
0440241073,The Summons,John Grisham,2002,Dell Publishing Company,http://images.amazon.com/images/P/0440241073.01.THUMBZZZ.jpg,http://images.amazon.com/images/P/0440241073.01.MZZZZZZZ.jpg,http://images.amazon.com/images/P/0440241073.01.LZZZZZZZ.jpg,The Summons John Grisham Dell Publishing Company,114,7.412280701754386,7.477394610669176
0553586122,Reap the Wind,Iris Johansen,2002,Bantam Books,http://images.amazon.com/images/P/0553586122.01.THUMBZZZ.jpg,http://images.amazon.com/images/P/0553586122.01.MZZZZZZZ.jpg,http://images.amazon.com/images/P/0553586122.01.LZZZZZZZ.jpg,Reap the Wind Iris Johansen Bantam Books,26,7.730769230769231,7.781975604992815
0316154059,City of Bones,Michael Connelly,2002,Warner Books,http://images.amazon.com/images/P/0316154059.01.THUMBZZZ.jpg,http://images.amazon.com/images/P/0316154059.01.MZZZZZZZ.jpg,http://images.amazon.com/images/P/0316154059.01.LZZZZZZZ.jpg,City of Bones Michael Connelly Warner Books,19,7.894736842105263,7.871048149478705
0345452550,A Cold Heart: An Alex Delaware Novel,JONATHAN KELLERMAN,2003,Ballantine Books,http://images.amazon.com/images/P/0345452550.01.THUMBZZZ.jpg,http://images.amazon.com/images/P/0345452550.01.MZZZZZZZ.jpg,http://images.amazon.com/images/P/0345452550.01.LZZZZZZZ.jpg,A Cold Heart: An Alex Delaware Novel JONATHAN KELLERMAN Ballantine Books,21,7.476190476190476,7.6578262885285255
0399148639,Mortal Prey,John Sandford,2002,Putnam Publishing Group,http://images.amazon.com/images/P/0399148639.01.THUMBZZZ.jpg,http://images.amazon.com/images/P/0399148639.01.MZZZZZZZ.jpg,http://images.amazon.com/images/P/0399148639.01.LZZZZZZZ.jpg,Mortal Prey John Sandford Putnam Publishing Group,23,7.956521739130435,7.906299484410919
0671024094,The Coffin Dancer (Lincoln Rhyme Novels (Paperback)),Jeffery Deaver,1999,Pocket Books,http://images.amazon.com/images/P/0671024094.01.THUMBZZZ.jpg,http://images.amazon.com/images/P/0671024094.01.MZZZZZZZ.jpg,http://images.amazon.com/images/P/0671024094.01.LZZZZZZZ.jpg,The Coffin Dancer (Lincoln Rhyme Novels (Paperback)) Jeffery Deaver Pocket Books,21,7.857142857142857,7.852948239748037
0679450408,Silent Witness,Richard North Patterson,1997,Random House Inc,http://images.amazon.com/images/P/0679450408.01.THUMBZZZ.jpg,http://images.amazon.com/images/P/0679450408.01.MZZZZZZZ.jpg,http://images.amazon.com/images/P/0679450408.01.LZZZZZZZ.jpg,Silent Witness Richard North Patterson Random House Inc,14,7.357142857142857,7.646202289107927
0743486226,Angels & Demons,Dan Brown,2003,Atria,http://images.amazon.com/images/P/0743486226.01.THUMBZZZ.jpg,http://images.amazon.com/images/P/0743486226.01.MZZZZZZZ.jpg,http://images.amazon.com/images/P/0743486226.01.LZZZZZZZ.jpg,Angels & Demons Dan Brown Atria,23,7.826086956521739,7.836532042550454
0060391626,I Know This Much Is True (Oprah's Book Club),Wally Lamb,1998,Regan Books,http://images.amazon.com/images/P/0060391626.01.THUMBZZZ.jpg,http://images.amazon.com/images/P/0060391626.01.MZZZZZZZ.jpg,http://images.amazon.com/images/P/0060391626.01.LZZZZZZZ.jpg,I Know This Much Is True (Oprah's Book Club) Wally Lamb Regan Books,50,8.3,8.17101254042385
0330332775,Bridget Jones's Diary,Helen Fielding,1997,Picador (UK),http://images.amazon.com/images/P/0330332775.01.THUMBZZZ.jpg,http://images.amazon.com/images/P/0330332775.01.MZZZZZZZ.jpg,http://images.amazon.com/images/P/0330332775.01.LZZZZZZZ.jpg,Bridget Jones's Diary Helen Fielding Picador (UK),33,7.2727272727272725,7.4900165628239534
0670869902,How Stella Got Her Groove Back,Terry McMillan,1996,Viking Books,http://images.amazon.com/images/P/0670869902.01.THUMBZZZ.jpg,http://images.amazon.com/images/P/0670869902.01.MZZZZZZZ.jpg,http://images.amazon.com/images/P/0670869902.01.LZZZZZZZ.jpg,How Stella Got Her Groove Back Terry McMillan Viking Books,22,6.409090909090909,7.094544710230227
0671021001,She's Come Undone (Oprah's Book Club),Wally Lamb,1998,Pocket,http://images.amazon.com/images/P/0671021001.01.THUMBZZZ.jpg,http://images.amazon.com/images/P/0671021001.01.MZZZZZZZ.jpg,http://images.amazon.com/images/P/0671021001.01.LZZZZZZZ.jpg,She's Come Undone (Oprah's Book Club) Wally Lamb Pocket,146,7.760273972602739,7.770908902588371
0312195516,The Red Tent (Bestselling Backlist),Anita Diamant,1998,Picador USA,http://images.amazon.com/images/P/0312195516.01.THUMBZZZ.jpg,http://images.amazon.com/images/P/0312195516.01.MZZZZZZZ.jpg,http://images.amazon.com/images/P/0312195516.01.LZZZZZZZ.jpg,The Red Tent (Bestselling Backlist) Anita Diamant Picador USA,226,8.358407079646017,8.316954787925486
0446608955,A Walk to Remember,Nicholas Sparks,2000,Warner Books,http://images.amazon.com/images/P/0446608955.01.THUMBZZZ.jpg,http://images.amazon.com/images/P/0446608955.01.MZZZZZZZ.jpg,http://images.amazon.com/images/P/0446608955.01.LZZZZZZZ.jpg,A Walk to Remember Nicholas Sparks Warner Books,90,7.7555555555555555,7.7724625257242685
0670892963,Bridget Jones : The Edge of Reason,Helen Fielding,2000,Viking Books,http://images.amazon.com/images/P/0670892963.01.THUMBZZZ.jpg,http://images.amazon.com/images/P/0670892963.01.MZZZZZZZ.jpg,http://images.amazon.com/images/P/0670892963.01.LZZZZZZZ.jpg,Bridget Jones : The Edge of Reason Helen Fielding Viking Books,51,7.2745098039215685,7.436209546896754
0804114986,The Bonesetter's Daughter,Amy Tan,2002,Ballantine Books,http://images.amazon.com/images/P/0804114986.01.THUMBZZZ.jpg,http://images.amazon.com/images/P/0804114986.01.MZZZZZZZ.jpg,http://images.amazon.com/images/P/0804114986.01.LZZZZZZZ.jpg,The Bonesetter's Daughter Amy Tan Ballantine Books,75,8.026666666666667,7.989167135049152
002542730X,Politically Correct Bedtime Stories: Modern Tales for Our Life and Times,James Finn Garner,1994,John Wiley & Sons Inc,http://images.amazon.com/images/P/002542730X.01.THUMBZZZ.jpg,http://images.amazon.com/images/P/002542730X.01.MZZZZZZZ.jpg,http://images.amazon.com/images/P/002542730X.01.LZZZZZZZ.jpg,Politically Correct Bedtime Stories: Modern Tales for Our Life and Times James Finn Garner John Wiley & Sons Inc,54,7.796296296296297,7.810417267968507
0061009059,One for the Money (Stephanie Plum Novels (Paperback)),Janet Evanovich,1995,HarperTorch,http://images.amazon.com/images/P/0061009059.01.THUMBZZZ.jpg,http://images.amazon.com/images/P/0061009059.01.MZZZZZZZ.jpg,http://images.amazon.com/images/P/0061009059.01.LZZZZZZZ.jpg,One for the Money (Stephanie Plum Novels (Paperback)) Janet Evanovich HarperTorch,103,7.87378640776699,7.869681933574548
0316776963,Me Talk Pretty One Day,David Sedaris,2001,Back Bay Books,http://images.amazon.com/images/P/0316776963.01.THUMBZZZ.jpg,http://images.amazon.com/images/P/0316776963.01.MZZZZZZZ.jpg,http://images.amazon.com/images/P/0316776963.01.LZZZZZZZ.jpg,Me Talk Pretty One Day David Sedaris Back Bay Books,115,8.017391304347827,7.9923768728123665
0345413903,The Murder Book,Jonathan Kellerman,2003,Ballantine Books,http://images.amazon.com/images/P/0345413903.01.THUMBZZZ.jpg,http://images.amazon.com/images/P/0345413903.01.MZZZZZZZ.jpg,http://images.amazon.com/images/P/0345413903.01.LZZZZZZZ.jpg,The Murder Book Jonathan Kellerman Ballantine Books,48,8.020833333333334,7.970159968083376
0380702843,The Return of the Indian (Indian in the Cupboard),Lynne Reid Banks,1999,HarperTrophy,http://images.amazon.com/images/P/0380702843.01.THUMBZZZ.jpg,http://images.amazon.com/images/P/0380702843.01.MZZZZZZZ.jpg,http://images.amazon.com/images/P/0380702843.01.LZZZZZZZ.jpg,The Return of the Indian (Indian in the Cupboard) Lynne Reid Banks HarperTrophy,18,8.61111111111111,8.20975994288604
0385424736,The Rainmaker,John Grisham,1995,Doubleday Books,http://images.amazon.com/images/P/0385424736.01.THUMBZZZ.jpg,http://images.amazon.com/images/P/0385424736.01.MZZZZZZZ.jpg,http://images.amazon.com/images/P/0385424736.01.LZZZZZZZ.jpg,The Rainmaker John Grisham Doubleday Books,39,7.871794871794871,7.86391318355372
0385486804,Into the Wild,Jon Krakauer,1997,Anchor,http://images.amazon.com/images/P/0385486804.01.THUMBZZZ.jpg,http://images.amazon.com/images/P/0385486804.01.MZZZZZZZ.jpg,http://images.amazon.com/images/P/0385486804.01.LZZZZZZZ.jpg,Into the Wild Jon Krakauer Anchor,73,8.082191780821917,8.031944922899672
0385503857,Oryx and Crake,Margaret Atwood,2003,Nan A. Talese,http://images.amazon.com/images/P/0385503857.01.THUMBZZZ.jpg,http://images.amazon.com/images/P/0385503857.01.MZZZZZZZ.jpg,http://images.amazon.com/images/P/0385503857.01.LZZZZZZZ.jpg,Oryx and Crake Margaret Atwood Nan A. Talese,26,8.423076923076923,8.173279952818902
0385504209,The Da Vinci Code,Dan Brown,2003,Doubleday,http://images.amazon.com/images/P/0385504209.01.THUMBZZZ.jpg,http://images.amazon.com/images/P/0385504209.01.MZZZZZZZ.jpg,http://images.amazon.com/images/P/0385504209.01.LZZZZZZZ.jpg,The Da Vinci Code Dan Brown Doubleday,325,8.569230769230769,8.527451819796143
039304016X,The Perfect Storm: A True Story of Men Against the Sea,Sebastian Junger,1997,Little Brown and Company,http://images.amazon.com/images/P/039304016X.01.THUMBZZZ.jpg,http://images.amazon.com/images/P/039304016X.01.MZZZZZZZ.jpg,http://images.amazon.com/images/P/039304016X.01.LZZZZZZZ.jpg,The Perfect Storm: A True Story of Men Against the Sea Sebastian Junger Little Brown and Company,10,8.2,7.96569592765565
0399501487,Lord of the Flies,William Gerald Golding,1959,Perigee Trade,http://images.amazon.com/images/P/0399501487.01.THUMBZZZ.jpg,http://images.amazon.com/images/P/0399501487.01.MZZZZZZZ.jpg,http://images.amazon.com/images/P/0399501487.01.LZZZZZZZ.jpg,Lord of the Flies William Gerald Golding Perigee Trade,85,8.105882352941176,8.05686550313971
0425116840,The Cardinal of the Kremlin (Jack Ryan Novels),Tom Clancy,1989,Berkley Publishing Group,http://images.amazon.com/images/P/0425116840.01.THUMBZZZ.jpg,http://images.amazon.com/images/P/0425116840.01.MZZZZZZZ.jpg,http://images.amazon.com/images/P/0425116840.01.LZZZZZZZ.jpg,The Cardinal of the Kremlin (Jack Ryan Novels) Tom Clancy Berkley Publishing Group,32,7.53125,7.653286112109029
0425133516,The Hunt for Red October (Jack Ryan Novels),Tom Clancy,1997,Berkley Publishing Group,http://images.amazon.com/images/P/0425133516.01.THUMBZZZ.jpg,http://images.amazon.com/images/P/0425133516.01.MZZZZZZZ.jpg,http://images.amazon.com/images/P/0425133516.01.LZZZZZZZ.jpg,The Hunt for Red October (Jack Ryan Novels) Tom Clancy Berkley Publishing Group,18,7.611111111111111,7.736075732359724
0440224764,The Partner,John Grisham,1998,Dell Publishing Company,http://images.amazon.com/images/P/0440224764.01.THUMBZZZ.jpg,http://images.amazon.com/images/P/0440224764.01.MZZZZZZZ.jpg,http://images.amazon.com/images/P/0440224764.01.LZZZZZZZ.jpg,The Partner John Grisham Dell Publishing Company,105,7.6,7.639767022637356
0440236061,Unfit to Practice,Perri O'Shaughnessy,2003,Dell Publishing Company,http://images.amazon.com/images/P/0440236061.01.THUMBZZZ.jpg,http://images.amazon.com/images/P/0440236061.01.MZZZZZZZ.jpg,http://images.amazon.com/images/P/0440236061.01.LZZZZZZZ.jpg,Unfit to Practice Perri O'Shaughnessy Dell Publishing Company,17,7.647058823529412,7.75596967107215
0440236738,Gone for Good,HARLAN COBEN,2003,Dell,http://images.amazon.com/images/P/0440236738.01.THUMBZZZ.jpg,http://images.amazon.com/images/P/0440236738.01.MZZZZZZZ.jpg,http://images.amazon.com/images/P/0440236738.01.LZZZZZZZ.jpg,Gone for Good HARLAN COBEN Dell,27,8.148148148148149,8.020656975099353
0441627404,The Once and Future King,T. H. White,1987,Ace Books,http://images.amazon.com/images/P/0441627404.01.THUMBZZZ.jpg,http://images.amazon.com/images/P/0441627404.01.MZZZZZZZ.jpg,http://images.amazon.com/images/P/0441627404.01.LZZZZZZZ.jpg,The Once and Future King T. H. White Ace Books,17,7.9411764705882355,7.891104806207285
0446350982,Presumed Innocent,Scott Turow,1988,Warner Books,http://images.amazon.com/images/P/0446350982.01.THUMBZZZ.jpg,http://images.amazon.com/images/P/0446350982.01.MZZZZZZZ.jpg,http://images.amazon.com/images/P/0446350982.01.LZZZZZZZ.jpg,Presumed Innocent Scott Turow Warner Books,18,7.944444444444445,7.893970469201829
0446608890,Saving Faith,David Baldacci,2000,Warner Vision,http://images.amazon.com/images/P/0446608890.01.THUMBZZZ.jpg,http://images.amazon.com/images/P/0446608890.01.MZZZZZZZ.jpg,http://images.amazon.com/images/P/0446608890.01.LZZZZZZZ.jpg,Saving Faith David Baldacci Warner Vision,34,7.5,7.629090330179065
0451191153,The Fountainhead,Ayn Rand,1996,New American Library,http://images.amazon.com/images/P/0451191153.01.THUMBZZZ.jpg,http://images.amazon.com/images/P/0451191153.01.MZZZZZZZ.jpg,http://images.amazon.com/images/P/0451191153.01.LZZZZZZZ.jpg,The Fountainhead Ayn Rand New American Library,25,8.4,8.154908396214879
0451203593,24 Hours,Greg Iles,2001,Signet Book,http://images.amazon.com/images/P/0451203593.01.THUMBZZZ.jpg,http://images.amazon.com/images/P/0451203593.01.MZZZZZZZ.jpg,http://images.amazon.com/images/P/0451203593.01.LZZZZZZZ.jpg,24 Hours Greg Iles Signet Book,19,7.947368421052632,7.896689175119731
0452284449,The Virgin Blue,Tracy Chevalier,2003,Plume Books,http://images.amazon.com/images/P/0452284449.01.THUMBZZZ.jpg,http://images.amazon.com/images/P/0452284449.01.MZZZZZZZ.jpg,http://images.amazon.com/images/P/0452284449.01.LZZZZZZZ.jpg,The Virgin Blue Tracy Chevalier Plume Books,40,7.9,7.882847963827825
0553280368,C Is for Corpse (Kinsey Millhone Mysteries (Paperback)),Sue Grafton,1987,Bantam,http://images.amazon.com/images/P/0553280368.01.THUMBZZZ.jpg,http://images.amazon.com/images/P/0553280368.01.MZZZZZZZ.jpg,http://images.amazon.com/images/P/0553280368.01.LZZZZZZZ.jpg,C Is for Corpse (Kinsey Millhone Mysteries (Paperback)) Sue Grafton Bantam,48,8.375,8.220159968083376
0553571656,The Beekeeper's Apprentice,LAURIE R. KING,1996,Bantam,http://images.amazon.com/images/P/0553571656.01.THUMBZZZ.jpg,http://images.amazon.com/images/P/0553571656.01.MZZZZZZZ.jpg,http://images.amazon.com/images/P/0553571656.01.LZZZZZZZ.jpg,The Beekeeper's Apprentice LAURIE R. KING Bantam,24,7.958333333333333,7.908429041583398
0671528904,Mindhunter : Inside the FBI's Elite Serial Crime Unit,John E. Douglas,1996,Pocket,http://images.amazon.com/images/P/0671528904.01.THUMBZZZ.jpg,http://images.amazon.com/images/P/0671528904.01.MZZZZZZZ.jpg,http://images.amazon.com/images/P/0671528904.01.LZZZZZZZ.jpg,Mindhunter : Inside the FBI's Elite Serial Crime Unit John E. Douglas Pocket,16,8.0,7.91585771749082
0679731148,A Year in Provence,Peter Mayle,1991,Vintage Books USA,http://images.amazon.com/images/P/0679731148.01.THUMBZZZ.jpg,http://images.amazon.com/images/P/0679731148.01.MZZZZZZZ.jpg,http://images.amazon.com/images/P/0679731148.01.LZZZZZZZ.jpg,A Year in Provence Peter Mayle Vintage Books USA,38,8.026315789473685,7.965015134994302
0679736042,Toujours Provence (Vintage Departures),Peter Mayle,1992,Vintage Books USA,http://images.amazon.com/images/P/0679736042.01.THUMBZZZ.jpg,http://images.amazon.com/images/P/0679736042.01.MZZZZZZZ.jpg,http://images.amazon.com/images/P/0679736042.01.LZZZZZZZ.jpg,Toujours Provence (Vintage Departures) Peter Mayle Vintage Books USA,19,7.2631578947368425,7.563355841786398
0740723367,The Meaning Of Life,Bradley Trevor Greive,2002,Andrews McMeel Publishing,http://images.amazon.com/images/P/0740723367.01.THUMBZZZ.jpg,http://images.amazon.com/images/P/0740723367.01.MZZZZZZZ.jpg,http://images.amazon.com/images/P/0740723367.01.LZZZZZZZ.jpg,The Meaning Of Life Bradley Trevor Greive Andrews McMeel Publishing,17,8.529411764705882,8.161375076477555
0743406176,If Only It Were True,Marc Levy,2000,Atria,http://images.amazon.com/images/P/0743406176.01.THUMBZZZ.jpg,http://images.amazon.com/images/P/0743406176.01.MZZZZZZZ.jpg,http://images.amazon.com/images/P/0743406176.01.LZZZZZZZ.jpg,If Only It Were True Marc Levy Atria,18,7.888888888888889,7.867654679728146
0743412028,Pay It Forward,Catherine Ryan Hyde,2000,Pocket,http://images.amazon.com/images/P/0743412028.01.THUMBZZZ.jpg,http://images.amazon.com/images/P/0743412028.01.MZZZZZZZ.jpg,http://images.amazon.com/images/P/0743412028.01.LZZZZZZZ.jpg,Pay It Forward Catherine Ryan Hyde Pocket,41,7.439024390243903,7.57329307917491
0743457943,Trading Places,Fern Michaels,2003,Pocket Star,http://images.amazon.com/images/P/0743457943.01.THUMBZZZ.jpg,http://images.amazon.com/images/P/0743457943.01.MZZZZZZZ.jpg,http://images.amazon.com/images/P/0743457943.01.LZZZZZZZ.jpg,Trading Places Fern Michaels Pocket Star,17,7.529411764705882,7.701915617018096
0767903382,Tender at the Bone: Growing Up at the Table,Ruth Reichl,1999,Broadway Books,http://images.amazon.com/images/P/0767903382.01.THUMBZZZ.jpg,http://images.amazon.com/images/P/0767903382.01.MZZZZZZZ.jpg,http://images.amazon.com/images/P/0767903382.01.LZZZZZZZ.jpg,Tender at the Bone: Growing Up at the Table Ruth Reichl Broadway Books,16,8.0625,7.943635495268597
0786866845,Ice Bound: A Doctor's Incredible Battle for Survival at the South Pole,Dr. Jerri Nielsen,2001,Miramax,http://images.amazon.com/images/P/0786866845.01.THUMBZZZ.jpg,http://images.amazon.com/images/P/0786866845.01.MZZZZZZZ.jpg,http://images.amazon.com/images/P/0786866845.01.LZZZZZZZ.jpg,Ice Bound: A Doctor's Incredible Battle for Survival at the South Pole Dr. Jerri Nielsen Miramax,23,8.217391304347826,8.04583436813185
0811802981,The Golden Mean: In Which the Extraordinary Correspondence of Griffin & Sabine Concludes,Nick Bantock,1993,Chronicle Books,http://images.amazon.com/images/P/0811802981.01.THUMBZZZ.jpg,http://images.amazon.com/images/P/0811802981.01.MZZZZZZZ.jpg,http://images.amazon.com/images/P/0811802981.01.LZZZZZZZ.jpg,The Golden Mean: In Which the Extraordinary Correspondence of Griffin & Sabine Concludes Nick Bantock Chronicle Books,22,9.0,8.451687567373083
0811811409,"The Venetian's Wife: A Strangely Sensual Tale of a Renaissance Explorer, a Computer, and a Metamorphosis",Nick Bantock,1996,Chronicle Books,http://images.amazon.com/images/P/0811811409.01.THUMBZZZ.jpg,http://images.amazon.com/images/P/0811811409.01.MZZZZZZZ.jpg,http://images.amazon.com/images/P/0811811409.01.LZZZZZZZ.jpg,"The Venetian's Wife: A Strangely Sensual Tale of a Renaissance Explorer, a Computer, and a Metamorphosis Nick Bantock Chronicle Books",18,8.277777777777779,8.051865206043935
0836217691,Homicidal Psycho Jungle Cat: A Calvin and Hobbes Collection,Bill Watterson,1994,Andrews McMeel Publishing,http://images.amazon.com/images/P/0836217691.01.THUMBZZZ.jpg,http://images.amazon.com/images/P/0836217691.01.MZZZZZZZ.jpg,http://images.amazon.com/images/P/0836217691.01.LZZZZZZZ.jpg,Homicidal Psycho Jungle Cat: A Calvin and Hobbes Collection Bill Watterson Andrews McMeel Publishing,20,9.35,8.599271945741737
0836218515,Prehistory of the Far Side,Gary Larson,1989,Andrews McMeel Publishing,http://images.amazon.com/images/P/0836218515.01.THUMBZZZ.jpg,http://images.amazon.com/images/P/0836218515.01.MZZZZZZZ.jpg,http://images.amazon.com/images/P/0836218515.01.LZZZZZZZ.jpg,Prehistory of the Far Side Gary Larson Andrews McMeel Publishing,16,8.4375,8.110302161935264
0836221192,Dilbert Fugitive From The Cubicle Police,Scott Adams,1996,Andrews McMeel Publishing,http://images.amazon.com/images/P/0836221192.01.THUMBZZZ.jpg,http://images.amazon.com/images/P/0836221192.01.MZZZZZZZ.jpg,http://images.amazon.com/images/P/0836221192.01.LZZZZZZZ.jpg,Dilbert Fugitive From The Cubicle Police Scott Adams Andrews McMeel Publishing,16,8.5625,8.16585771749082
0316666343,The Lovely Bones: A Novel,Alice Sebold,2002,"Little, Brown",http://images.amazon.com/images/P/0316666343.01.THUMBZZZ.jpg,http://images.amazon.com/images/P/0316666343.01.MZZZZZZZ.jpg,http://images.amazon.com/images/P/0316666343.01.LZZZZZZZ.jpg,"The Lovely Bones: A Novel Alice Sebold Little, Brown",414,8.256038647342995,8.237260087165136
0671027360,Angels & Demons,Dan Brown,2001,Pocket Star,http://images.amazon.com/images/P/0671027360.01.THUMBZZZ.jpg,http://images.amazon.com/images/P/0671027360.01.MZZZZZZZ.jpg,http://images.amazon.com/images/P/0671027360.01.LZZZZZZZ.jpg,Angels & Demons Dan Brown Pocket Star,188,8.175531914893616,8.144090758796487
0380718340,Cruel & Unusual (Kay Scarpetta Mysteries (Paperback)),Patricia D. Cornwell,1994,Avon,http://images.amazon.com/images/P/0380718340.01.THUMBZZZ.jpg,http://images.amazon.com/images/P/0380718340.01.MZZZZZZZ.jpg,http://images.amazon.com/images/P/0380718340.01.LZZZZZZZ.jpg,Cruel & Unusual (Kay Scarpetta Mysteries (Paperback)) Patricia D. Cornwell Avon,64,8.234375,8.142510450353209
0553292722,Still Waters,TAMI HOAG,1992,Bantam,http://images.amazon.com/images/P/0553292722.01.THUMBZZZ.jpg,http://images.amazon.com/images/P/0553292722.01.MZZZZZZZ.jpg,http://images.amazon.com/images/P/0553292722.01.LZZZZZZZ.jpg,Still Waters TAMI HOAG Bantam,32,7.0,7.3263630351859526
0553571885,A Thin Dark Line (Mysteries & Horror),TAMI HOAG,1998,Bantam,http://images.amazon.com/images/P/0553571885.01.THUMBZZZ.jpg,http://images.amazon.com/images/P/0553571885.01.MZZZZZZZ.jpg,http://images.amazon.com/images/P/0553571885.01.LZZZZZZZ.jpg,A Thin Dark Line (Mysteries & Horror) TAMI HOAG Bantam,29,8.137931034482758,8.01981383325856
0316603570,3rd Degree,James Patterson,2004,"Little, Brown",http://images.amazon.com/images/P/0316603570.01.THUMBZZZ.jpg,http://images.amazon.com/images/P/0316603570.01.MZZZZZZZ.jpg,http://images.amazon.com/images/P/0316603570.01.LZZZZZZZ.jpg,"3rd Degree James Patterson Little, Brown",33,8.363636363636363,8.16926184584282
0316693200,2nd Chance,James Patterson,2002,"Little, Brown",http://images.amazon.com/images/P/0316693200.01.THUMBZZZ.jpg,http://images.amazon.com/images/P/0316693200.01.MZZZZZZZ.jpg,http://images.amazon.com/images/P/0316693200.01.LZZZZZZZ.jpg,"2nd Chance James Patterson Little, Brown",49,7.816326530612245,7.825664896082168
0385508042,The King of Torts,John Grisham,2003,Doubleday Books,http://images.amazon.com/images/P/0385508042.01.THUMBZZZ.jpg,http://images.amazon.com/images/P/0385508042.01.MZZZZZZZ.jpg,http://images.amazon.com/images/P/0385508042.01.LZZZZZZZ.jpg,The King of Torts John Grisham Doubleday Books,57,7.5964912280701755,7.66195945233337
0385510438,The Last Juror,John Grisham,2004,Doubleday,http://images.amazon.com/images/P/0385510438.01.THUMBZZZ.jpg,http://images.amazon.com/images/P/0385510438.01.MZZZZZZZ.jpg,http://images.amazon.com/images/P/0385510438.01.LZZZZZZZ.jpg,The Last Juror John Grisham Doubleday,47,8.46808510638298,8.283147430293575
0440241537,The King of Torts,JOHN GRISHAM,2003,Dell,http://images.amazon.com/images/P/0440241537.01.THUMBZZZ.jpg,http://images.amazon.com/images/P/0440241537.01.MZZZZZZZ.jpg,http://images.amazon.com/images/P/0440241537.01.LZZZZZZZ.jpg,The King of Torts JOHN GRISHAM Dell,63,7.650793650793651,7.698444311200838
0446530891,Split Second,David Baldacci,2003,Warner Books,http://images.amazon.com/images/P/0446530891.01.THUMBZZZ.jpg,http://images.amazon.com/images/P/0446530891.01.MZZZZZZZ.jpg,http://images.amazon.com/images/P/0446530891.01.LZZZZZZZ.jpg,Split Second David Baldacci Warner Books,19,7.894736842105263,7.871048149478705
0446613843,The Jester,James Patterson,2004,Warner Books,http://images.amazon.com/images/P/0446613843.01.THUMBZZZ.jpg,http://images.amazon.com/images/P/0446613843.01.MZZZZZZZ.jpg,http://images.amazon.com/images/P/0446613843.01.LZZZZZZZ.jpg,The Jester James Patterson Warner Books,19,7.684210526315789,7.768484046914603
0515133302,Hemlock Bay,Catherine Coulter,2002,Jove Books,http://images.amazon.com/images/P/0515133302.01.THUMBZZZ.jpg,http://images.amazon.com/images/P/0515133302.01.MZZZZZZZ.jpg,http://images.amazon.com/images/P/0515133302.01.LZZZZZZZ.jpg,Hemlock Bay Catherine Coulter Jove Books,28,6.892857142857143,7.291059954784782
0671886665,A Cry In The Night,Mary Higgins Clark,1993,Pocket,http://images.amazon.com/images/P/0671886665.01.THUMBZZZ.jpg,http://images.amazon.com/images/P/0671886665.01.MZZZZZZZ.jpg,http://images.amazon.com/images/P/0671886665.01.LZZZZZZZ.jpg,A Cry In The Night Mary Higgins Clark Pocket,23,8.0,7.9295552983644075
0684835983,Before I Say Good-Bye : A Novel,Mary Higgins Clark,2000,Simon & Schuster,http://images.amazon.com/images/P/0684835983.01.THUMBZZZ.jpg,http://images.amazon.com/images/P/0684835983.01.MZZZZZZZ.jpg,http://images.amazon.com/images/P/0684835983.01.LZZZZZZZ.jpg,Before I Say Good-Bye : A Novel Mary Higgins Clark Simon & Schuster,23,8.173913043478262,8.022578554178361
0743206045,Daddy's Little Girl,Mary Higgins Clark,2002,Simon & Schuster,http://images.amazon.com/images/P/0743206045.01.THUMBZZZ.jpg,http://images.amazon.com/images/P/0743206045.01.MZZZZZZZ.jpg,http://images.amazon.com/images/P/0743206045.01.LZZZZZZZ.jpg,Daddy's Little Girl Mary Higgins Clark Simon & Schuster,30,7.733333333333333,7.7794175565933905
1558744150,Chicken Soup for the Woman's Soul (Chicken Soup for the Soul Series (Paper)),Jack Canfield,1996,Health Communications,http://images.amazon.com/images/P/1558744150.01.THUMBZZZ.jpg,http://images.amazon.com/images/P/1558744150.01.MZZZZZZZ.jpg,http://images.amazon.com/images/P/1558744150.01.LZZZZZZZ.jpg,Chicken Soup for the Woman's Soul (Chicken Soup for the Soul Series (Paper)) Jack Canfield Health Communications,52,7.788461538461538,7.805151080967632
0316777722,Me Talk Pretty One Day,David Sedaris,2000,"Little, Brown",http://images.amazon.com/images/P/0316777722.01.THUMBZZZ.jpg,http://images.amazon.com/images/P/0316777722.01.MZZZZZZZ.jpg,http://images.amazon.com/images/P/0316777722.01.LZZZZZZZ.jpg,"Me Talk Pretty One Day David Sedaris Little, Brown",37,7.945945945945946,7.91176978648543
0679439382,The Little Friend,Donna Tartt,2002,Alfred A. Knopf,http://images.amazon.com/images/P/0679439382.01.THUMBZZZ.jpg,http://images.amazon.com/images/P/0679439382.01.MZZZZZZZ.jpg,http://images.amazon.com/images/P/0679439382.01.LZZZZZZZ.jpg,The Little Friend Donna Tartt Alfred A. Knopf,24,6.0,6.84024722340158
0679723161,Lolita (Vintage International),VLADIMIR NABOKOV,1989,Vintage,http://images.amazon.com/images/P/0679723161.01.THUMBZZZ.jpg,http://images.amazon.com/images/P/0679723161.01.MZZZZZZZ.jpg,http://images.amazon.com/images/P/0679723161.01.LZZZZZZZ.jpg,Lolita (Vintage International) VLADIMIR NABOKOV Vintage,34,8.588235294117647,8.314275515364251
0345392825,Reviving Ophelia: Saving the Selves of Adolescent Girls (Ballantine Reader's Circle),Mary Pipher,1995,Ballantine Books,http://images.amazon.com/images/P/0345392825.01.THUMBZZZ.jpg,http://images.amazon.com/images/P/0345392825.01.MZZZZZZZ.jpg,http://images.amazon.com/images/P/0345392825.01.LZZZZZZZ.jpg,Reviving Ophelia: Saving the Selves of Adolescent Girls (Ballantine Reader's Circle) Mary Pipher Ballantine Books,28,7.714285714285714,7.770226621451448
0345435168,Open House (Oprah's Book Club (Paperback)),Elizabeth Berg,2001,Ballantine Books,http://images.amazon.com/images/P/0345435168.01.THUMBZZZ.jpg,http://images.amazon.com/images/P/0345435168.01.MZZZZZZZ.jpg,http://images.amazon.com/images/P/0345435168.01.LZZZZZZZ.jpg,Open House (Oprah's Book Club (Paperback)) Elizabeth Berg Ballantine Books,37,7.243243243243243,7.4556294356082375
0452268060,How the Garcia Girls Lost Their Accents (Plume Contemporary Fiction),Julia Alvarez,1992,Plume Books,http://images.amazon.com/images/P/0452268060.01.THUMBZZZ.jpg,http://images.amazon.com/images/P/0452268060.01.MZZZZZZZ.jpg,http://images.amazon.com/images/P/0452268060.01.LZZZZZZZ.jpg,How the Garcia Girls Lost Their Accents (Plume Contemporary Fiction) Julia Alvarez Plume Books,30,7.166666666666667,7.439417556593391
0028604199,Once upon a More Enlightened Time: More Politically Correct Bedtime Stories,James Finn Garner,1995,MacMillan Publishing Company.,http://images.amazon.com/images/P/0028604199.01.THUMBZZZ.jpg,http://images.amazon.com/images/P/0028604199.01.MZZZZZZZ.jpg,http://images.amazon.com/images/P/0028604199.01.LZZZZZZZ.jpg,Once upon a More Enlightened Time: More Politically Correct Bedtime Stories James Finn Garner MacMillan Publishing Company.,26,7.769230769230769,7.803714735427598
0786890436,The Diary of Ellen Rimbauer: My Life at Rose Red,Ellen Rimbauer,2002,Hyperion Press,http://images.amazon.com/images/P/0786890436.01.THUMBZZZ.jpg,http://images.amazon.com/images/P/0786890436.01.MZZZZZZZ.jpg,http://images.amazon.com/images/P/0786890436.01.LZZZZZZZ.jpg,The Diary of Ellen Rimbauer: My Life at Rose Red Ellen Rimbauer Hyperion Press,34,6.764705882352941,7.166127367216102
1400031346,The No. 1 Ladies' Detective Agency,Alexander McCall Smith,2002,Anchor (UK),http://images.amazon.com/images/P/1400031346.01.THUMBZZZ.jpg,http://images.amazon.com/images/P/1400031346.01.MZZZZZZZ.jpg,http://images.amazon.com/images/P/1400031346.01.LZZZZZZZ.jpg,The No. 1 Ladies' Detective Agency Alexander McCall Smith Anchor (UK),39,8.333333333333334,8.168997929316433
1400031354,Tears of the Giraffe (No.1 Ladies Detective Agency),Alexander McCall Smith,2002,Anchor,http://images.amazon.com/images/P/1400031354.01.THUMBZZZ.jpg,http://images.amazon.com/images/P/1400031354.01.MZZZZZZZ.jpg,http://images.amazon.com/images/P/1400031354.01.LZZZZZZZ.jpg,Tears of the Giraffe (No.1 Ladies Detective Agency) Alexander McCall Smith Anchor,79,8.455696202531646,8.333039169996663
0380018179,The Thorn Birds,Colleen McCullough,1978,Avon,http://images.amazon.com/images/P/0380018179.01.THUMBZZZ.jpg,http://images.amazon.com/images/P/0380018179.01.MZZZZZZZ.jpg,http://images.amazon.com/images/P/0380018179.01.LZZZZZZZ.jpg,The Thorn Birds Colleen McCullough Avon,55,8.218181818181819,8.119611704395593
0385472943,The Runaway Jury,JOHN GRISHAM,1996,Doubleday,http://images.amazon.com/images/P/0385472943.01.THUMBZZZ.jpg,http://images.amazon.com/images/P/0385472943.01.MZZZZZZZ.jpg,http://images.amazon.com/images/P/0385472943.01.LZZZZZZZ.jpg,The Runaway Jury JOHN GRISHAM Doubleday,25,7.96,7.910463951770433
034539657X,Dark Rivers of the Heart,Dean R. Koontz,1995,Ballantine Books,http://images.amazon.com/images/P/034539657X.01.THUMBZZZ.jpg,http://images.amazon.com/images/P/034539657X.01.MZZZZZZZ.jpg,http://images.amazon.com/images/P/034539657X.01.LZZZZZZZ.jpg,Dark Rivers of the Heart Dean R. Koontz Ballantine Books,21,7.523809523809524,7.682216532430964
0380731851,Mystic River,Dennis Lehane,2002,HarperTorch,http://images.amazon.com/images/P/0380731851.01.THUMBZZZ.jpg,http://images.amazon.com/images/P/0380731851.01.MZZZZZZZ.jpg,http://images.amazon.com/images/P/0380731851.01.LZZZZZZZ.jpg,Mystic River Dennis Lehane HarperTorch,75,7.866666666666666,7.862851345575468
0425142485,The Funhouse,Dean R. Koontz,1994,Berkley Publishing Group,http://images.amazon.com/images/P/0425142485.01.THUMBZZZ.jpg,http://images.amazon.com/images/P/0425142485.01.MZZZZZZZ.jpg,http://images.amazon.com/images/P/0425142485.01.LZZZZZZZ.jpg,The Funhouse Dean R. Koontz Berkley Publishing Group,22,7.0,7.404068519754036
0425147363,Tom Clancy's Op-Center (Tom Clancy's Op Center (Paperback)),Tom Clancy,1995,Berkley Publishing Group,http://images.amazon.com/images/P/0425147363.01.THUMBZZZ.jpg,http://images.amazon.com/images/P/0425147363.01.MZZZZZZZ.jpg,http://images.amazon.com/images/P/0425147363.01.LZZZZZZZ.jpg,Tom Clancy's Op-Center (Tom Clancy's Op Center (Paperback)) Tom Clancy Berkley Publishing Group,19,7.2105263157894735,7.537714816145372
042516098X,Hornet's Nest,Patricia Daniels Cornwell,1998,Berkley Publishing Group,http://images.amazon.com/images/P/042516098X.01.THUMBZZZ.jpg,http://images.amazon.com/images/P/042516098X.01.MZZZZZZZ.jpg,http://images.amazon.com/images/P/042516098X.01.LZZZZZZZ.jpg,Hornet's Nest Patricia Daniels Cornwell Berkley Publishing Group,46,6.608695652173913,6.9844072398434776
0440211727,A Time to Kill,JOHN GRISHAM,1992,Dell,http://images.amazon.com/images/P/0440211727.01.THUMBZZZ.jpg,http://images.amazon.com/images/P/0440211727.01.MZZZZZZZ.jpg,http://images.amazon.com/images/P/0440211727.01.LZZZZZZZ.jpg,A Time to Kill JOHN GRISHAM Dell,150,7.98,7.964534575468644
0440214041,The Pelican Brief,John Grisham,1993,Dell,http://images.amazon.com/images/P/0440214041.01.THUMBZZZ.jpg,http://images.amazon.com/images/P/0440214041.01.MZZZZZZZ.jpg,http://images.amazon.com/images/P/0440214041.01.LZZZZZZZ.jpg,The Pelican Brief John Grisham Dell,124,7.701612903225806,7.722019984928261
0553579754,Fear Nothing,DEAN KOONTZ,1998,Bantam,http://images.amazon.com/images/P/0553579754.01.THUMBZZZ.jpg,http://images.amazon.com/images/P/0553579754.01.MZZZZZZZ.jpg,http://images.amazon.com/images/P/0553579754.01.LZZZZZZZ.jpg,Fear Nothing DEAN KOONTZ Bantam,48,7.916666666666667,7.896630556318669
0812543262,Relic,Douglas Preston,2003,Tor Books,http://images.amazon.com/images/P/0812543262.01.THUMBZZZ.jpg,http://images.amazon.com/images/P/0812543262.01.MZZZZZZZ.jpg,http://images.amazon.com/images/P/0812543262.01.LZZZZZZZ.jpg,Relic Douglas Preston Tor Books,21,7.666666666666667,7.755387264138282
0061015725,Prey,Michael Crichton,2003,Avon Books,http://images.amazon.com/images/P/0061015725.01.THUMBZZZ.jpg,http://images.amazon.com/images/P/0061015725.01.MZZZZZZZ.jpg,http://images.amazon.com/images/P/0061015725.01.LZZZZZZZ.jpg,Prey Michael Crichton Avon Books,49,7.63265306122449,7.695230113473471
0446611638,Lost Light,Michael Connelly,2004,Warner Vision,http://images.amazon.com/images/P/0446611638.01.THUMBZZZ.jpg,http://images.amazon.com/images/P/0446611638.01.MZZZZZZZ.jpg,http://images.amazon.com/images/P/0446611638.01.LZZZZZZZ.jpg,Lost Light Michael Connelly Warner Vision,23,8.130434782608695,7.999322740224873
0451208765,Sleep No More,Greg Iles,2003,Signet Book,http://images.amazon.com/images/P/0451208765.01.THUMBZZZ.jpg,http://images.amazon.com/images/P/0451208765.01.MZZZZZZZ.jpg,http://images.amazon.com/images/P/0451208765.01.LZZZZZZZ.jpg,Sleep No More Greg Iles Signet Book,30,7.6,7.69941755659339
0553582763,By the Light of the Moon,DEAN KOONTZ,2003,Bantam,http://images.amazon.com/images/P/0553582763.01.THUMBZZZ.jpg,http://images.amazon.com/images/P/0553582763.01.MZZZZZZZ.jpg,http://images.amazon.com/images/P/0553582763.01.LZZZZZZZ.jpg,By the Light of the Moon DEAN KOONTZ Bantam,26,8.0,7.9341495180362935
0061031070,Moving Target,Elizabeth Lowell,2002,Avon Books,http://images.amazon.com/images/P/0061031070.01.THUMBZZZ.jpg,http://images.amazon.com/images/P/0061031070.01.MZZZZZZZ.jpg,http://images.amazon.com/images/P/0061031070.01.LZZZZZZZ.jpg,Moving Target Elizabeth Lowell Avon Books,18,7.388888888888889,7.630812574464987
0449005615,Seabiscuit: An American Legend,LAURA HILLENBRAND,2002,Ballantine Books,http://images.amazon.com/images/P/0449005615.01.THUMBZZZ.jpg,http://images.amazon.com/images/P/0449005615.01.MZZZZZZZ.jpg,http://images.amazon.com/images/P/0449005615.01.LZZZZZZZ.jpg,Seabiscuit: An American Legend LAURA HILLENBRAND Ballantine Books,72,8.708333333333334,8.521422585105103
0061031550,Triggerfish Twist,Tim Dorsey,2003,HarperTorch,http://images.amazon.com/images/P/0061031550.01.THUMBZZZ.jpg,http://images.amazon.com/images/P/0061031550.01.MZZZZZZZ.jpg,http://images.amazon.com/images/P/0061031550.01.LZZZZZZZ.jpg,Triggerfish Twist Tim Dorsey HarperTorch,14,7.071428571428571,7.528555230284397
0312421273,The Corrections: A Novel,Jonathan Franzen,2002,Picador USA,http://images.amazon.com/images/P/0312421273.01.THUMBZZZ.jpg,http://images.amazon.com/images/P/0312421273.01.MZZZZZZZ.jpg,http://images.amazon.com/images/P/0312421273.01.LZZZZZZZ.jpg,The Corrections: A Novel Jonathan Franzen Picador USA,40,7.125,7.366181297161159
0345339681,The Hobbit : The Enchanting Prelude to The Lord of the Rings,J.R.R. TOLKIEN,1986,Del Rey,http://images.amazon.com/images/P/0345339681.01.THUMBZZZ.jpg,http://images.amazon.com/images/P/0345339681.01.MZZZZZZZ.jpg,http://images.amazon.com/images/P/0345339681.01.LZZZZZZZ.jpg,The Hobbit : The Enchanting Prelude to The Lord of the Rings J.R.R. TOLKIEN Del Rey,108,8.87037037037037,8.710709983044293
0440235162,The Smoke Jumper,Nicholas Evans,2002,Dell Publishing Company,http://images.amazon.com/images/P/0440235162.01.THUMBZZZ.jpg,http://images.amazon.com/images/P/0440235162.01.MZZZZZZZ.jpg,http://images.amazon.com/images/P/0440235162.01.LZZZZZZZ.jpg,The Smoke Jumper Nicholas Evans Dell Publishing Company,41,7.878048780487805,7.868375046388024
0887307876,"The Dilbert Principle: A Cubicle'S-Eye View of Bosses, Meetings, Management Fads & Other Workplace Afflictions",Scott Adams,1996,HarperBusiness,http://images.amazon.com/images/P/0887307876.01.THUMBZZZ.jpg,http://images.amazon.com/images/P/0887307876.01.MZZZZZZZ.jpg,http://images.amazon.com/images/P/0887307876.01.LZZZZZZZ.jpg,"The Dilbert Principle: A Cubicle'S-Eye View of Bosses, Meetings, Management Fads & Other Workplace Afflictions Scott Adams HarperBusiness",21,8.333333333333334,8.096850678772427
0929634063,50 Simple Things You Can Do to Save the Earth,Earthworks Group,1989,Pub Group West,http://images.amazon.com/images/P/0929634063.01.THUMBZZZ.jpg,http://images.amazon.com/images/P/0929634063.01.MZZZZZZZ.jpg,http://images.amazon.com/images/P/0929634063.01.LZZZZZZZ.jpg,50 Simple Things You Can Do to Save the Earth Earthworks Group Pub Group West,11,8.090909090909092,7.934544446118371
0395977894,Fast Food Nation,Eric Schlosser,2001,Houghton Mifflin Company,http://images.amazon.com/images/P/0395977894.01.THUMBZZZ.jpg,http://images.amazon.com/images/P/0395977894.01.MZZZZZZZ.jpg,http://images.amazon.com/images/P/0395977894.01.LZZZZZZZ.jpg,Fast Food Nation Eric Schlosser Houghton Mifflin Company,18,8.333333333333334,8.07818099551762
0553575538,Stealing Shadows (Shadows Trilogy (Paperback)),Kay Hooper,2000,Bantam Books,http://images.amazon.com/images/P/0553575538.01.THUMBZZZ.jpg,http://images.amazon.com/images/P/0553575538.01.MZZZZZZZ.jpg,http://images.amazon.com/images/P/0553575538.01.LZZZZZZZ.jpg,Stealing Shadows (Shadows Trilogy (Paperback)) Kay Hooper Bantam Books,16,7.5625,7.721413273046375
0767903579,Falling Leaves: The True Story of an Unwanted Chinese Daughter,Adeline Yen Mah,1999,Broadway Books,http://images.amazon.com/images/P/0767903579.01.THUMBZZZ.jpg,http://images.amazon.com/images/P/0767903579.01.MZZZZZZZ.jpg,http://images.amazon.com/images/P/0767903579.01.LZZZZZZZ.jpg,Falling Leaves: The True Story of an Unwanted Chinese Daughter Adeline Yen Mah Broadway Books,18,6.833333333333333,7.367654679728145
0446672211,Where the Heart Is (Oprah's Book Club (Paperback)),Billie Letts,1998,Warner Books,http://images.amazon.com/images/P/0446672211.01.THUMBZZZ.jpg,http://images.amazon.com/images/P/0446672211.01.MZZZZZZZ.jpg,http://images.amazon.com/images/P/0446672211.01.LZZZZZZZ.jpg,Where the Heart Is (Oprah's Book Club (Paperback)) Billie Letts Warner Books,191,8.204188481675393,8.170478093979476
0446675059,The Honk and Holler Opening Soon,Billie Letts,1999,Warner Books,http://images.amazon.com/images/P/0446675059.01.THUMBZZZ.jpg,http://images.amazon.com/images/P/0446675059.01.MZZZZZZZ.jpg,http://images.amazon.com/images/P/0446675059.01.LZZZZZZZ.jpg,The Honk and Holler Opening Soon Billie Letts Warner Books,41,8.24390243902439,8.114276685732285
0452282152,Girl with a Pearl Earring,Tracy Chevalier,2001,Plume Books,http://images.amazon.com/images/P/0452282152.01.THUMBZZZ.jpg,http://images.amazon.com/images/P/0452282152.01.MZZZZZZZ.jpg,http://images.amazon.com/images/P/0452282152.01.LZZZZZZZ.jpg,Girl with a Pearl Earring Tracy Chevalier Plume Books,181,8.005524861878452,7.989904864824226
0345384377,Sole Survivor,DEAN KOONTZ,1997,Ballantine Books,http://images.amazon.com/images/P/0345384377.01.THUMBZZZ.jpg,http://images.amazon.com/images/P/0345384377.01.MZZZZZZZ.jpg,http://images.amazon.com/images/P/0345384377.01.LZZZZZZZ.jpg,Sole Survivor DEAN KOONTZ Ballantine Books,19,7.473684210526316,7.665919944350501
0440225701,The Street Lawyer,JOHN GRISHAM,1999,Dell,http://images.amazon.com/images/P/0440225701.01.THUMBZZZ.jpg,http://images.amazon.com/images/P/0440225701.01.MZZZZZZZ.jpg,http://images.amazon.com/images/P/0440225701.01.LZZZZZZZ.jpg,The Street Lawyer JOHN GRISHAM Dell,87,7.666666666666667,7.700662409623079
0446609943,The Switch,Sandra Brown,2001,Warner Vision,http://images.amazon.com/images/P/0446609943.01.THUMBZZZ.jpg,http://images.amazon.com/images/P/0446609943.01.MZZZZZZZ.jpg,http://images.amazon.com/images/P/0446609943.01.LZZZZZZZ.jpg,The Switch Sandra Brown Warner Vision,23,7.391304347826087,7.60397390301557
0553580191,Seize the Night,DEAN KOONTZ,1999,Bantam,http://images.amazon.com/images/P/0553580191.01.THUMBZZZ.jpg,http://images.amazon.com/images/P/0553580191.01.MZZZZZZZ.jpg,http://images.amazon.com/images/P/0553580191.01.LZZZZZZZ.jpg,Seize the Night DEAN KOONTZ Bantam,37,7.837837837837838,7.841594347888939
0060934417,Bel Canto: A Novel,Ann Patchett,2002,Perennial,http://images.amazon.com/images/P/0060934417.01.THUMBZZZ.jpg,http://images.amazon.com/images/P/0060934417.01.MZZZZZZZ.jpg,http://images.amazon.com/images/P/0060934417.01.LZZZZZZZ.jpg,Bel Canto: A Novel Ann Patchett Perennial,103,8.135922330097088,8.089194128696501
0316168815,The Lovely Bones,Alice Sebold,2004,Back Bay Books,http://images.amazon.com/images/P/0316168815.01.THUMBZZZ.jpg,http://images.amazon.com/images/P/0316168815.01.MZZZZZZZ.jpg,http://images.amazon.com/images/P/0316168815.01.LZZZZZZZ.jpg,The Lovely Bones Alice Sebold Back Bay Books,32,8.03125,7.960978419801338
0452283205,Falling Angels,Tracy Chevalier,2002,Plume Books,http://images.amazon.com/images/P/0452283205.01.THUMBZZZ.jpg,http://images.amazon.com/images/P/0452283205.01.MZZZZZZZ.jpg,http://images.amazon.com/images/P/0452283205.01.LZZZZZZZ.jpg,Falling Angels Tracy Chevalier Plume Books,44,7.2272727272727275,7.421419966088586
0743225325,Good Harbor: A Novel,Anita Diamant,2001,Scribner,http://images.amazon.com/images/P/0743225325.01.THUMBZZZ.jpg,http://images.amazon.com/images/P/0743225325.01.MZZZZZZZ.jpg,http://images.amazon.com/images/P/0743225325.01.LZZZZZZZ.jpg,Good Harbor: A Novel Anita Diamant Scribner,16,7.5,7.693635495268597
0743237188,Fall On Your Knees (Oprah #45),Ann-Marie MacDonald,2002,Touchstone,http://images.amazon.com/images/P/0743237188.01.THUMBZZZ.jpg,http://images.amazon.com/images/P/0743237188.01.MZZZZZZZ.jpg,http://images.amazon.com/images/P/0743237188.01.LZZZZZZZ.jpg,Fall On Your Knees (Oprah #45) Ann-Marie MacDonald Touchstone,78,7.589743589743589,7.64255997785377
0312974256,Welcome to Temptation,Jennifer Crusie,2001,St. Martin's Paperbacks,http://images.amazon.com/images/P/0312974256.01.THUMBZZZ.jpg,http://images.amazon.com/images/P/0312974256.01.MZZZZZZZ.jpg,http://images.amazon.com/images/P/0312974256.01.LZZZZZZZ.jpg,Welcome to Temptation Jennifer Crusie St. Martin's Paperbacks,26,7.6923076923076925,7.760236474558033
0312983301,Full Blast (Janet Evanovich's Full Series),Janet Evanovich,2004,St. Martin's Paperbacks,http://images.amazon.com/images/P/0312983301.01.THUMBZZZ.jpg,http://images.amazon.com/images/P/0312983301.01.MZZZZZZZ.jpg,http://images.amazon.com/images/P/0312983301.01.LZZZZZZZ.jpg,Full Blast (Janet Evanovich's Full Series) Janet Evanovich St. Martin's Paperbacks,26,7.115384615384615,7.4341495180362935
0451203771,Scarlet Feather,Maeve Binchy,2002,Signet Book,http://images.amazon.com/images/P/0451203771.01.THUMBZZZ.jpg,http://images.amazon.com/images/P/0451203771.01.MZZZZZZZ.jpg,http://images.amazon.com/images/P/0451203771.01.LZZZZZZZ.jpg,Scarlet Feather Maeve Binchy Signet Book,43,7.837209302325581,7.840807584597928
0515121843,Sea Swept (Quinn Brothers (Paperback)),Nora Roberts,2001,Jove Books,http://images.amazon.com/images/P/0515121843.01.THUMBZZZ.jpg,http://images.amazon.com/images/P/0515121843.01.MZZZZZZZ.jpg,http://images.amazon.com/images/P/0515121843.01.LZZZZZZZ.jpg,Sea Swept (Quinn Brothers (Paperback)) Nora Roberts Jove Books,37,7.891891891891892,7.876682067187184
051512317X,Rising Tides,Nora Roberts,2001,Jove Books,http://images.amazon.com/images/P/051512317X.01.THUMBZZZ.jpg,http://images.amazon.com/images/P/051512317X.01.MZZZZZZZ.jpg,http://images.amazon.com/images/P/051512317X.01.LZZZZZZZ.jpg,Rising Tides Nora Roberts Jove Books,29,8.0,7.938181180197337
0515124214,Inner Harbor (Quinn Brothers (Paperback)),Nora Roberts,2001,Jove Books,http://images.amazon.com/images/P/0515124214.01.THUMBZZZ.jpg,http://images.amazon.com/images/P/0515124214.01.MZZZZZZZ.jpg,http://images.amazon.com/images/P/0515124214.01.LZZZZZZZ.jpg,Inner Harbor (Quinn Brothers (Paperback)) Nora Roberts Jove Books,26,7.576923076923077,7.695019083253685
0515134384,The Cat Who Went Up the Creek,Lilian Jackson Braun,2003,Jove Books,http://images.amazon.com/images/P/0515134384.01.THUMBZZZ.jpg,http://images.amazon.com/images/P/0515134384.01.MZZZZZZZ.jpg,http://images.amazon.com/images/P/0515134384.01.LZZZZZZZ.jpg,The Cat Who Went Up the Creek Lilian Jackson Braun Jove Books,19,7.157894736842105,7.512073790504346
0515136379,Key of Knowledge (Key Trilogy (Paperback)),Nora Roberts,2003,Jove Books,http://images.amazon.com/images/P/0515136379.01.THUMBZZZ.jpg,http://images.amazon.com/images/P/0515136379.01.MZZZZZZZ.jpg,http://images.amazon.com/images/P/0515136379.01.LZZZZZZZ.jpg,Key of Knowledge (Key Trilogy (Paperback)) Nora Roberts Jove Books,44,7.840909090909091,7.843294966088586
0515136530,"Key of Valor (Roberts, Nora. Key Trilogy, 3.)",Nora Roberts,2003,Jove Pubns,http://images.amazon.com/images/P/0515136530.01.THUMBZZZ.jpg,http://images.amazon.com/images/P/0515136530.01.MZZZZZZZ.jpg,http://images.amazon.com/images/P/0515136530.01.LZZZZZZZ.jpg,"Key of Valor (Roberts, Nora. Key Trilogy, 3.) Nora Roberts Jove Pubns",45,8.466666666666667,8.276475043533377
0515137111,Birthright,Nora Roberts,2004,Jove Books,http://images.amazon.com/images/P/0515137111.01.THUMBZZZ.jpg,http://images.amazon.com/images/P/0515137111.01.MZZZZZZZ.jpg,http://images.amazon.com/images/P/0515137111.01.LZZZZZZZ.jpg,Birthright Nora Roberts Jove Books,19,7.7368421052631575,7.794125072555628
0316789089,The Pilot's Wife : A Novel Tag: Author of the Weight of Water (Oprah's Book Club (Hardcover)),Anita Shreve,1999,"Little, Brown",http://images.amazon.com/images/P/0316789089.01.THUMBZZZ.jpg,http://images.amazon.com/images/P/0316789089.01.MZZZZZZZ.jpg,http://images.amazon.com/images/P/0316789089.01.LZZZZZZZ.jpg,"The Pilot's Wife : A Novel Tag: Author of the Weight of Water (Oprah's Book Club (Hardcover)) Anita Shreve Little, Brown",35,7.771428571428571,7.799470505993991
0385484518,"Tuesdays with Morrie: An Old Man, a Young Man, and Life's Greatest Lesson",MITCH ALBOM,1997,Doubleday,http://images.amazon.com/images/P/0385484518.01.THUMBZZZ.jpg,http://images.amazon.com/images/P/0385484518.01.MZZZZZZZ.jpg,http://images.amazon.com/images/P/0385484518.01.LZZZZZZZ.jpg,"Tuesdays with Morrie: An Old Man, a Young Man, and Life's Greatest Lesson MITCH ALBOM Doubleday",131,8.709923664122137,8.595833628011055
0399141464,Cause of Death,Patricia Daniels Cornwell,1996,Putnam Pub Group,http://images.amazon.com/images/P/0399141464.01.THUMBZZZ.jpg,http://images.amazon.com/images/P/0399141464.01.MZZZZZZZ.jpg,http://images.amazon.com/images/P/0399141464.01.LZZZZZZZ.jpg,Cause of Death Patricia Daniels Cornwell Putnam Pub Group,17,7.470588235294118,7.674888589991069
0399145087,Black Notice,Patricia Daniels Cornwell,1999,Putnam Pub Group,http://images.amazon.com/images/P/0399145087.01.THUMBZZZ.jpg,http://images.amazon.com/images/P/0399145087.01.MZZZZZZZ.jpg,http://images.amazon.com/images/P/0399145087.01.LZZZZZZZ.jpg,Black Notice Patricia Daniels Cornwell Putnam Pub Group,31,7.935483870967742,7.901389761366069
0679457526,Into Thin Air : A Personal Account of the Mount Everest Disaster,JON KRAKAUER,1997,Villard,http://images.amazon.com/images/P/0679457526.01.THUMBZZZ.jpg,http://images.amazon.com/images/P/0679457526.01.MZZZZZZZ.jpg,http://images.amazon.com/images/P/0679457526.01.LZZZZZZZ.jpg,Into Thin Air : A Personal Account of the Mount Everest Disaster JON KRAKAUER Villard,25,8.32,8.110463951770434
0684874350,ANGELA'S ASHES,Frank McCourt,1996,Scribner,http://images.amazon.com/images/P/0684874350.01.THUMBZZZ.jpg,http://images.amazon.com/images/P/0684874350.01.MZZZZZZZ.jpg,http://images.amazon.com/images/P/0684874350.01.LZZZZZZZ.jpg,ANGELA'S ASHES Frank McCourt Scribner,90,8.477777777777778,8.363371616633358
0786881852,Don't Sweat the Small Stuff and It's All Small Stuff : Simple Ways to Keep the Little Things from Taking Over Your Life (Don't Sweat the Small Stuff Series),Richard Carlson,1997,Hyperion,http://images.amazon.com/images/P/0786881852.01.THUMBZZZ.jpg,http://images.amazon.com/images/P/0786881852.01.MZZZZZZZ.jpg,http://images.amazon.com/images/P/0786881852.01.LZZZZZZZ.jpg,Don't Sweat the Small Stuff and It's All Small Stuff : Simple Ways to Keep the Little Things from Taking Over Your Life (Don't Sweat the Small Stuff Series) Richard Carlson Hyperion,56,7.517857142857143,7.604879971443021
0316601950,The Pilot's Wife : A Novel,Anita Shreve,1999,Back Bay Books,http://images.amazon.com/images/P/0316601950.01.THUMBZZZ.jpg,http://images.amazon.com/images/P/0316601950.01.MZZZZZZZ.jpg,http://images.amazon.com/images/P/0316601950.01.LZZZZZZZ.jpg,The Pilot's Wife : A Novel Anita Shreve Back Bay Books,178,7.52808988764045,7.560458978937725
034543479X,A Widow for One Year,JOHN IRVING,2001,Fawcett,http://images.amazon.com/images/P/034543479X.01.THUMBZZZ.jpg,http://images.amazon.com/images/P/034543479X.01.MZZZZZZZ.jpg,http://images.amazon.com/images/P/034543479X.01.LZZZZZZZ.jpg,A Widow for One Year JOHN IRVING Fawcett,26,7.538461538461538,7.673279952818902
0374480095,Tuck Everlasting,Natalie Babbitt,1985,"Farrar, Straus and Giroux (BYR)",http://images.amazon.com/images/P/0374480095.01.THUMBZZZ.jpg,http://images.amazon.com/images/P/0374480095.01.MZZZZZZZ.jpg,http://images.amazon.com/images/P/0374480095.01.LZZZZZZZ.jpg,"Tuck Everlasting Natalie Babbitt Farrar, Straus and Giroux (BYR)",18,8.444444444444445,8.130812574464986
0446670251,The Virgin Suicides,Jeffrey Eugenides,1994,Warner Books,http://images.amazon.com/images/P/0446670251.01.THUMBZZZ.jpg,http://images.amazon.com/images/P/0446670251.01.MZZZZZZZ.jpg,http://images.amazon.com/images/P/0446670251.01.LZZZZZZZ.jpg,The Virgin Suicides Jeffrey Eugenides Warner Books,62,7.790322580645161,7.804522900361823
0804115761,Thousand Acres,JANE SMILEY,1996,Ivy Books,http://images.amazon.com/images/P/0804115761.01.THUMBZZZ.jpg,http://images.amazon.com/images/P/0804115761.01.MZZZZZZZ.jpg,http://images.amazon.com/images/P/0804115761.01.LZZZZZZZ.jpg,Thousand Acres JANE SMILEY Ivy Books,25,6.72,7.221575062881545
0061031410,Courting Trouble,Lisa Scottoline,2003,HarperTorch,http://images.amazon.com/images/P/0061031410.01.THUMBZZZ.jpg,http://images.amazon.com/images/P/0061031410.01.MZZZZZZZ.jpg,http://images.amazon.com/images/P/0061031410.01.LZZZZZZZ.jpg,Courting Trouble Lisa Scottoline HarperTorch,15,7.533333333333333,7.7134536522762716
0061094129,Legal Tender,Lisa Scottoline,1997,HarperTorch,http://images.amazon.com/images/P/0061094129.01.THUMBZZZ.jpg,http://images.amazon.com/images/P/0061094129.01.MZZZZZZZ.jpg,http://images.amazon.com/images/P/0061094129.01.LZZZZZZZ.jpg,Legal Tender Lisa Scottoline HarperTorch,16,7.6875,7.77696882860193
0380820889,Blindsighted,Karin Slaughter,2002,HarperTorch,http://images.amazon.com/images/P/0380820889.01.THUMBZZZ.jpg,http://images.amazon.com/images/P/0380820889.01.MZZZZZZZ.jpg,http://images.amazon.com/images/P/0380820889.01.LZZZZZZZ.jpg,Blindsighted Karin Slaughter HarperTorch,20,8.1,7.974271945741737
038533558X,Gone For Good,HARLAN COBEN,2002,Delacorte Press,http://images.amazon.com/images/P/038533558X.01.THUMBZZZ.jpg,http://images.amazon.com/images/P/038533558X.01.MZZZZZZZ.jpg,http://images.amazon.com/images/P/038533558X.01.LZZZZZZZ.jpg,Gone For Good HARLAN COBEN Delacorte Press,20,8.85,8.349271945741737
0446527041,The Crush,Sandra Brown,2002,Warner Books,http://images.amazon.com/images/P/0446527041.01.THUMBZZZ.jpg,http://images.amazon.com/images/P/0446527041.01.MZZZZZZZ.jpg,http://images.amazon.com/images/P/0446527041.01.LZZZZZZZ.jpg,The Crush Sandra Brown Warner Books,17,7.647058823529412,7.75596967107215
0449006522,Manhattan Hunt Club,JOHN SAUL,2002,Ballantine Books,http://images.amazon.com/images/P/0449006522.01.THUMBZZZ.jpg,http://images.amazon.com/images/P/0449006522.01.MZZZZZZZ.jpg,http://images.amazon.com/images/P/0449006522.01.LZZZZZZZ.jpg,Manhattan Hunt Club JOHN SAUL Ballantine Books,33,8.06060606060606,7.980582600559801
0449219364,G Is for Gumshoe (Kinsey Millhone Mysteries (Paperback)),Sue Grafton,1991,Fawcett Books,http://images.amazon.com/images/P/0449219364.01.THUMBZZZ.jpg,http://images.amazon.com/images/P/0449219364.01.MZZZZZZZ.jpg,http://images.amazon.com/images/P/0449219364.01.LZZZZZZZ.jpg,G Is for Gumshoe (Kinsey Millhone Mysteries (Paperback)) Sue Grafton Fawcett Books,54,8.055555555555555,7.999606457157697
0449221512,I Is for Innocent,Sue Grafton,1994,Fawcett Books,http://images.amazon.com/images/P/0449221512.01.THUMBZZZ.jpg,http://images.amazon.com/images/P/0449221512.01.MZZZZZZZ.jpg,http://images.amazon.com/images/P/0449221512.01.LZZZZZZZ.jpg,I Is for Innocent Sue Grafton Fawcett Books,48,7.75,7.77898349749514
0451206525,Dead Sleep,Greg Iles,2002,Signet Book,http://images.amazon.com/images/P/0451206525.01.THUMBZZZ.jpg,http://images.amazon.com/images/P/0451206525.01.MZZZZZZZ.jpg,http://images.amazon.com/images/P/0451206525.01.LZZZZZZZ.jpg,Dead Sleep Greg Iles Signet Book,27,7.851851851851852,7.850444209141905
0515130389,Carolina Moon,Nora Roberts,2001,Jove Books,http://images.amazon.com/images/P/0515130389.01.THUMBZZZ.jpg,http://images.amazon.com/images/P/0515130389.01.MZZZZZZZ.jpg,http://images.amazon.com/images/P/0515130389.01.LZZZZZZZ.jpg,Carolina Moon Nora Roberts Jove Books,48,7.208333333333333,7.396630556318669
0553582364,A Traitor to Memory,Elizabeth George,2002,Bantam Books,http://images.amazon.com/images/P/0553582364.01.THUMBZZZ.jpg,http://images.amazon.com/images/P/0553582364.01.MZZZZZZZ.jpg,http://images.amazon.com/images/P/0553582364.01.LZZZZZZZ.jpg,A Traitor to Memory Elizabeth George Bantam Books,21,7.571428571428571,7.706606776333403
0671001795,Two for the Dough,Janet Evanovich,1996,Pocket,http://images.amazon.com/images/P/0671001795.01.THUMBZZZ.jpg,http://images.amazon.com/images/P/0671001795.01.MZZZZZZZ.jpg,http://images.amazon.com/images/P/0671001795.01.LZZZZZZZ.jpg,Two for the Dough Janet Evanovich Pocket,101,8.247524752475247,8.18157750272454
0684810387,MOONLIGHT BECOMES YOU,Mary Higgins Clark,1996,Simon & Schuster,http://images.amazon.com/images/P/0684810387.01.THUMBZZZ.jpg,http://images.amazon.com/images/P/0684810387.01.MZZZZZZZ.jpg,http://images.amazon.com/images/P/0684810387.01.LZZZZZZZ.jpg,MOONLIGHT BECOMES YOU Mary Higgins Clark Simon & Schuster,21,6.761904761904762,7.291972629991939
0345337662,Interview with the Vampire,Anne Rice,1993,Ballantine Books,http://images.amazon.com/images/P/0345337662.01.THUMBZZZ.jpg,http://images.amazon.com/images/P/0345337662.01.MZZZZZZZ.jpg,http://images.amazon.com/images/P/0345337662.01.LZZZZZZZ.jpg,Interview with the Vampire Anne Rice Ballantine Books,180,7.711111111111111,7.724854389148348
0380600129,The Indian in the Cupboard,Lynne Reid Banks,1999,HarperTrophy,http://images.amazon.com/images/P/0380600129.01.THUMBZZZ.jpg,http://images.amazon.com/images/P/0380600129.01.MZZZZZZZ.jpg,http://images.amazon.com/images/P/0380600129.01.LZZZZZZZ.jpg,The Indian in the Cupboard Lynne Reid Banks HarperTrophy,19,7.947368421052632,7.896689175119731
0440940001,Island of the Blue Dolphins (Laurel Leaf Books),Scott O'Dell,1978,Laure Leaf,http://images.amazon.com/images/P/0440940001.01.THUMBZZZ.jpg,http://images.amazon.com/images/P/0440940001.01.MZZZZZZZ.jpg,http://images.amazon.com/images/P/0440940001.01.LZZZZZZZ.jpg,Island of the Blue Dolphins (Laurel Leaf Books) Scott O'Dell Laure Leaf,30,8.5,8.23941755659339
0446606812,Message in a Bottle,Nicholas Sparks,1999,Warner Vision,http://images.amazon.com/images/P/0446606812.01.THUMBZZZ.jpg,http://images.amazon.com/images/P/0446606812.01.MZZZZZZZ.jpg,http://images.amazon.com/images/P/0446606812.01.LZZZZZZZ.jpg,Message in a Bottle Nicholas Sparks Warner Vision,86,7.337209302325581,7.433687526694995
0804106304,The Joy Luck Club,Amy Tan,1994,Prentice Hall (K-12),http://images.amazon.com/images/P/0804106304.01.THUMBZZZ.jpg,http://images.amazon.com/images/P/0804106304.01.MZZZZZZZ.jpg,http://images.amazon.com/images/P/0804106304.01.LZZZZZZZ.jpg,The Joy Luck Club Amy Tan Prentice Hall (K-12),131,8.206106870229007,8.158747535295824
1558745017,Chicken Soup for the Christian Soul (Chicken Soup for the Soul Series (Paper)),Jack Canfield,1997,Health Communications,http://images.amazon.com/images/P/1558745017.01.THUMBZZZ.jpg,http://images.amazon.com/images/P/1558745017.01.MZZZZZZZ.jpg,http://images.amazon.com/images/P/1558745017.01.LZZZZZZZ.jpg,Chicken Soup for the Christian Soul (Chicken Soup for the Soul Series (Paper)) Jack Canfield Health Communications,20,8.35,8.099271945741737
0156005891,Eden Close,Anita Shreve,1998,Harvest Books,http://images.amazon.com/images/P/0156005891.01.THUMBZZZ.jpg,http://images.amazon.com/images/P/0156005891.01.MZZZZZZZ.jpg,http://images.amazon.com/images/P/0156005891.01.LZZZZZZZ.jpg,Eden Close Anita Shreve Harvest Books,26,7.884615384615385,7.868932126731946
0373218192,Engaging The Enemy,Nora Roberts,2003,Silhouette,http://images.amazon.com/images/P/0373218192.01.THUMBZZZ.jpg,http://images.amazon.com/images/P/0373218192.01.MZZZZZZZ.jpg,http://images.amazon.com/images/P/0373218192.01.LZZZZZZZ.jpg,Engaging The Enemy Nora Roberts Silhouette,33,7.454545454545454,7.603224109993764
0373244487,Cordina's Crown Jewel,Nora Roberts,2002,Silhouette,http://images.amazon.com/images/P/0373244487.01.THUMBZZZ.jpg,http://images.amazon.com/images/P/0373244487.01.MZZZZZZZ.jpg,http://images.amazon.com/images/P/0373244487.01.LZZZZZZZ.jpg,Cordina's Crown Jewel Nora Roberts Silhouette,21,7.333333333333333,7.5846555568212075
0373484003,Irish Hearts,Nora Roberts,2000,Silhouette,http://images.amazon.com/images/P/0373484003.01.THUMBZZZ.jpg,http://images.amazon.com/images/P/0373484003.01.MZZZZZZZ.jpg,http://images.amazon.com/images/P/0373484003.01.LZZZZZZZ.jpg,Irish Hearts Nora Roberts Silhouette,26,7.923076923076923,7.890671257166728
0440122090,Echoes,Maeve Binchy,1989,Dell,http://images.amazon.com/images/P/0440122090.01.THUMBZZZ.jpg,http://images.amazon.com/images/P/0440122090.01.MZZZZZZZ.jpg,http://images.amazon.com/images/P/0440122090.01.LZZZZZZZ.jpg,Echoes Maeve Binchy Dell,28,7.928571428571429,7.895226621451448
044022103X,One True Thing,Anna Quindlen,1995,Dell,http://images.amazon.com/images/P/044022103X.01.THUMBZZZ.jpg,http://images.amazon.com/images/P/044022103X.01.MZZZZZZZ.jpg,http://images.amazon.com/images/P/044022103X.01.LZZZZZZZ.jpg,One True Thing Anna Quindlen Dell,41,7.634146341463414,7.704440620158516
0440223571,This Year It Will Be Different: And Other Stories,Maeve Binchy,1997,Dell,http://images.amazon.com/images/P/0440223571.01.THUMBZZZ.jpg,http://images.amazon.com/images/P/0440223571.01.MZZZZZZZ.jpg,http://images.amazon.com/images/P/0440223571.01.LZZZZZZZ.jpg,This Year It Will Be Different: And Other Stories Maeve Binchy Dell,15,7.266666666666667,7.599167937990557
0446603589,Absolute Power,David Baldacci,1996,Warner Books,http://images.amazon.com/images/P/0446603589.01.THUMBZZZ.jpg,http://images.amazon.com/images/P/0446603589.01.MZZZZZZZ.jpg,http://images.amazon.com/images/P/0446603589.01.LZZZZZZZ.jpg,Absolute Power David Baldacci Warner Books,33,7.9393939393939394,7.905110902446594
0060926317,Mutant Message Down Under,Marlo Morgan,1995,Perennial,http://images.amazon.com/images/P/0060926317.01.THUMBZZZ.jpg,http://images.amazon.com/images/P/0060926317.01.MZZZZZZZ.jpg,http://images.amazon.com/images/P/0060926317.01.LZZZZZZZ.jpg,Mutant Message Down Under Marlo Morgan Perennial,26,7.230769230769231,7.499366909340641
0140280553,"Galileo's Daughter: A Historical Memoir of Science, Faith, and Love",Dava Sobel,2000,Penguin Books,http://images.amazon.com/images/P/0140280553.01.THUMBZZZ.jpg,http://images.amazon.com/images/P/0140280553.01.MZZZZZZZ.jpg,http://images.amazon.com/images/P/0140280553.01.LZZZZZZZ.jpg,"Galileo's Daughter: A Historical Memoir of Science, Faith, and Love Dava Sobel Penguin Books",24,7.166666666666667,7.476610859765216
0156011042,East of the Mountains (Vintage Contemporaries (Paperback)),David Guterson,2000,Harvest Books,http://images.amazon.com/images/P/0156011042.01.THUMBZZZ.jpg,http://images.amazon.com/images/P/0156011042.01.MZZZZZZZ.jpg,http://images.amazon.com/images/P/0156011042.01.LZZZZZZZ.jpg,East of the Mountains (Vintage Contemporaries (Paperback)) David Guterson Harvest Books,12,6.666666666666667,7.4053399321771725
0345423135,The Magic Circle,Katherine Neville,1999,Ballantine Books,http://images.amazon.com/images/P/0345423135.01.THUMBZZZ.jpg,http://images.amazon.com/images/P/0345423135.01.MZZZZZZZ.jpg,http://images.amazon.com/images/P/0345423135.01.LZZZZZZZ.jpg,The Magic Circle Katherine Neville Ballantine Books,16,7.125,7.52696882860193
0385498802,Bee Season: A Novel,Myla Goldberg,2001,Anchor Books/Doubleday,http://images.amazon.com/images/P/0385498802.01.THUMBZZZ.jpg,http://images.amazon.com/images/P/0385498802.01.MZZZZZZZ.jpg,http://images.amazon.com/images/P/0385498802.01.LZZZZZZZ.jpg,Bee Season: A Novel Myla Goldberg Anchor Books/Doubleday,51,7.784313725490196,7.8024067299953455
0451209907,Quentins,Maeve Binchy,2003,Signet Book,http://images.amazon.com/images/P/0451209907.01.THUMBZZZ.jpg,http://images.amazon.com/images/P/0451209907.01.MZZZZZZZ.jpg,http://images.amazon.com/images/P/0451209907.01.LZZZZZZZ.jpg,Quentins Maeve Binchy Signet Book,23,7.521739130434782,7.673741344876035
051512219X,Small Town Girl,Lavyrle Spencer,1998,Jove Books,http://images.amazon.com/images/P/051512219X.01.THUMBZZZ.jpg,http://images.amazon.com/images/P/051512219X.01.MZZZZZZZ.jpg,http://images.amazon.com/images/P/051512219X.01.LZZZZZZZ.jpg,Small Town Girl Lavyrle Spencer Jove Books,25,7.12,7.443797285103766
0671683993,The Temple of My Familiar,Alice Walker,1990,Pocket,http://images.amazon.com/images/P/0671683993.01.THUMBZZZ.jpg,http://images.amazon.com/images/P/0671683993.01.MZZZZZZZ.jpg,http://images.amazon.com/images/P/0671683993.01.LZZZZZZZ.jpg,The Temple of My Familiar Alice Walker Pocket,22,7.590909090909091,7.713592329277846
0688177859,"Ahab's Wife: Or, The Star-Gazer: A Novel",Sena Jeter Naslund,2000,Perennial,http://images.amazon.com/images/P/0688177859.01.THUMBZZZ.jpg,http://images.amazon.com/images/P/0688177859.01.MZZZZZZZ.jpg,http://images.amazon.com/images/P/0688177859.01.LZZZZZZZ.jpg,"Ahab's Wife: Or, The Star-Gazer: A Novel Sena Jeter Naslund Perennial",25,7.92,7.888241729548211
0802139256,Peace Like a River,Leif Enger,2002,Grove Press,http://images.amazon.com/images/P/0802139256.01.THUMBZZZ.jpg,http://images.amazon.com/images/P/0802139256.01.MZZZZZZZ.jpg,http://images.amazon.com/images/P/0802139256.01.LZZZZZZZ.jpg,Peace Like a River Leif Enger Grove Press,34,8.058823529411764,7.980942182030917
014025448X,At Home in Mitford (The Mitford Years),Jan Karon,1996,Viking Books,http://images.amazon.com/images/P/014025448X.01.THUMBZZZ.jpg,http://images.amazon.com/images/P/014025448X.01.MZZZZZZZ.jpg,http://images.amazon.com/images/P/014025448X.01.LZZZZZZZ.jpg,At Home in Mitford (The Mitford Years) Jan Karon Viking Books,64,7.71875,7.749653307496065
0385324057,Summer Sisters,Judy Blume,1998,Delacorte Press,http://images.amazon.com/images/P/0385324057.01.THUMBZZZ.jpg,http://images.amazon.com/images/P/0385324057.01.MZZZZZZZ.jpg,http://images.amazon.com/images/P/0385324057.01.LZZZZZZZ.jpg,Summer Sisters Judy Blume Delacorte Press,30,7.433333333333334,7.599417556593391
0385497466,The Brethren,JOHN GRISHAM,2000,Doubleday,http://images.amazon.com/images/P/0385497466.01.THUMBZZZ.jpg,http://images.amazon.com/images/P/0385497466.01.MZZZZZZZ.jpg,http://images.amazon.com/images/P/0385497466.01.LZZZZZZZ.jpg,The Brethren JOHN GRISHAM Doubleday,46,7.239130434782608,7.423801179237417
0446527017,Standoff,Sandra Brown,2000,Warner Books,http://images.amazon.com/images/P/0446527017.01.THUMBZZZ.jpg,http://images.amazon.com/images/P/0446527017.01.MZZZZZZZ.jpg,http://images.amazon.com/images/P/0446527017.01.LZZZZZZZ.jpg,Standoff Sandra Brown Warner Books,16,5.625,6.860302161935264
0671510126,The Good Earth (Enriched Classics),Pearl S. Buck,1994,Pocket,http://images.amazon.com/images/P/0671510126.01.THUMBZZZ.jpg,http://images.amazon.com/images/P/0671510126.01.MZZZZZZZ.jpg,http://images.amazon.com/images/P/0671510126.01.LZZZZZZZ.jpg,The Good Earth (Enriched Classics) Pearl S. Buck Pocket,12,8.5,8.092839932177172
0743206029,On the Street Where You Live : A Novel,Mary Higgins Clark,2001,Simon & Schuster,http://images.amazon.com/images/P/0743206029.01.THUMBZZZ.jpg,http://images.amazon.com/images/P/0743206029.01.MZZZZZZZ.jpg,http://images.amazon.com/images/P/0743206029.01.LZZZZZZZ.jpg,On the Street Where You Live : A Novel Mary Higgins Clark Simon & Schuster,31,7.387096774193548,7.568056428032735
0060977493,The God of Small Things,Arundhati Roy,1998,Perennial,http://images.amazon.com/images/P/0060977493.01.THUMBZZZ.jpg,http://images.amazon.com/images/P/0060977493.01.MZZZZZZZ.jpg,http://images.amazon.com/images/P/0060977493.01.LZZZZZZZ.jpg,The God of Small Things Arundhati Roy Perennial,64,7.453125,7.547272355115113
0140039589,Watership Down,Richard Adams,1974,Penguin Books,http://images.amazon.com/images/P/0140039589.01.THUMBZZZ.jpg,http://images.amazon.com/images/P/0140039589.01.MZZZZZZZ.jpg,http://images.amazon.com/images/P/0140039589.01.LZZZZZZZ.jpg,Watership Down Richard Adams Penguin Books,11,8.272727272727273,7.999060575150629
0349101779,The Wasp Factory,Iain Banks,0,Abacus,http://images.amazon.com/images/P/0349101779.01.THUMBZZZ.jpg,http://images.amazon.com/images/P/0349101779.01.MZZZZZZZ.jpg,http://images.amazon.com/images/P/0349101779.01.LZZZZZZZ.jpg,The Wasp Factory Iain Banks Abacus,17,7.882352941176471,7.864077779180258
0440216745,Whispers,BELVA PLAIN,1994,Dell,http://images.amazon.com/images/P/0440216745.01.THUMBZZZ.jpg,http://images.amazon.com/images/P/0440216745.01.MZZZZZZZ.jpg,http://images.amazon.com/images/P/0440216745.01.LZZZZZZZ.jpg,Whispers BELVA PLAIN Dell,17,7.0588235294117645,7.485699400801879
0446613436,The Guardian,Nicholas Sparks,2004,Warner Books,http://images.amazon.com/images/P/0446613436.01.THUMBZZZ.jpg,http://images.amazon.com/images/P/0446613436.01.MZZZZZZZ.jpg,http://images.amazon.com/images/P/0446613436.01.LZZZZZZZ.jpg,The Guardian Nicholas Sparks Warner Books,27,7.925925925925926,7.892997400631266
0553582755,One Door Away from Heaven,Dean R. Koontz,2002,Bantam Books,http://images.amazon.com/images/P/0553582755.01.THUMBZZZ.jpg,http://images.amazon.com/images/P/0553582755.01.MZZZZZZZ.jpg,http://images.amazon.com/images/P/0553582755.01.LZZZZZZZ.jpg,One Door Away from Heaven Dean R. Koontz Bantam Books,61,7.754098360655738,7.777418244810734
0743460529,Daddy's Little Girl,Mary Higgins Clark,2003,Pocket,http://images.amazon.com/images/P/0743460529.01.THUMBZZZ.jpg,http://images.amazon.com/images/P/0743460529.01.MZZZZZZZ.jpg,http://images.amazon.com/images/P/0743460529.01.LZZZZZZZ.jpg,Daddy's Little Girl Mary Higgins Clark Pocket,31,7.32258064516129,7.528840741758225
0156027321,Life of Pi,Yann Martel,2003,Harvest Books,http://images.amazon.com/images/P/0156027321.01.THUMBZZZ.jpg,http://images.amazon.com/images/P/0156027321.01.MZZZZZZZ.jpg,http://images.amazon.com/images/P/0156027321.01.LZZZZZZZ.jpg,Life of Pi Yann Martel Harvest Books,161,8.105590062111801,8.077187170329665
0156711427,A Passage to India,E.M. Forster,1965,Harvest Books,http://images.amazon.com/images/P/0156711427.01.THUMBZZZ.jpg,http://images.amazon.com/images/P/0156711427.01.MZZZZZZZ.jpg,http://images.amazon.com/images/P/0156711427.01.LZZZZZZZ.jpg,A Passage to India E.M. Forster Harvest Books,19,7.2631578947368425,7.563355841786398
0375725784,A Heartbreaking Work of Staggering Genius,Dave Eggers,2001,Vintage Books USA,http://images.amazon.com/images/P/0375725784.01.THUMBZZZ.jpg,http://images.amazon.com/images/P/0375725784.01.MZZZZZZZ.jpg,http://images.amazon.com/images/P/0375725784.01.LZZZZZZZ.jpg,A Heartbreaking Work of Staggering Genius Dave Eggers Vintage Books USA,93,7.247311827956989,7.353724582563446
0671510053,SHIPPING NEWS,Annie Proulx,1994,Scribner,http://images.amazon.com/images/P/0671510053.01.THUMBZZZ.jpg,http://images.amazon.com/images/P/0671510053.01.MZZZZZZZ.jpg,http://images.amazon.com/images/P/0671510053.01.LZZZZZZZ.jpg,SHIPPING NEWS Annie Proulx Scribner,91,7.725274725274725,7.747485385852878
0312265859,Hard Eight : A Stephanie Plum Novel (A Stephanie Plum Novel),Janet Evanovich,2002,St. Martin's Press,http://images.amazon.com/images/P/0312265859.01.THUMBZZZ.jpg,http://images.amazon.com/images/P/0312265859.01.MZZZZZZZ.jpg,http://images.amazon.com/images/P/0312265859.01.LZZZZZZZ.jpg,Hard Eight : A Stephanie Plum Novel (A Stephanie Plum Novel) Janet Evanovich St. Martin's Press,45,8.28888888888889,8.153398120456455
0374270325,A Man in Full,Tom Wolfe,1998,Farrar Straus & Giroux,http://images.amazon.com/images/P/0374270325.01.THUMBZZZ.jpg,http://images.amazon.com/images/P/0374270325.01.MZZZZZZZ.jpg,http://images.amazon.com/images/P/0374270325.01.LZZZZZZZ.jpg,A Man in Full Tom Wolfe Farrar Straus & Giroux,13,7.230769230769231,7.605178116050592
0439064872,Harry Potter and the Chamber of Secrets (Book 2),J. K. Rowling,2000,Scholastic,http://images.amazon.com/images/P/0439064872.01.THUMBZZZ.jpg,http://images.amazon.com/images/P/0439064872.01.MZZZZZZZ.jpg,http://images.amazon.com/images/P/0439064872.01.LZZZZZZZ.jpg,Harry Potter and the Chamber of Secrets (Book 2) J. K. Rowling Scholastic,144,8.868055555555555,8.743724864815057
0439136369,Harry Potter and the Prisoner of Azkaban (Book 3),J. K. Rowling,2001,Scholastic,http://images.amazon.com/images/P/0439136369.01.THUMBZZZ.jpg,http://images.amazon.com/images/P/0439136369.01.MZZZZZZZ.jpg,http://images.amazon.com/images/P/0439136369.01.LZZZZZZZ.jpg,Harry Potter and the Prisoner of Azkaban (Book 3) J. K. Rowling Scholastic,105,9.00952380952381,8.823767022637355
0439139600,Harry Potter and the Goblet of Fire (Book 4),J. K. Rowling,2002,Scholastic Paperbacks,http://images.amazon.com/images/P/0439139600.01.THUMBZZZ.jpg,http://images.amazon.com/images/P/0439139600.01.MZZZZZZZ.jpg,http://images.amazon.com/images/P/0439139600.01.LZZZZZZZ.jpg,Harry Potter and the Goblet of Fire (Book 4) J. K. Rowling Scholastic Paperbacks,85,9.141176470588235,8.894960741234947
043935806X,Harry Potter and the Order of the Phoenix (Book 5),J. K. Rowling,2003,Scholastic,http://images.amazon.com/images/P/043935806X.01.THUMBZZZ.jpg,http://images.amazon.com/images/P/043935806X.01.MZZZZZZZ.jpg,http://images.amazon.com/images/P/043935806X.01.LZZZZZZZ.jpg,Harry Potter and the Order of the Phoenix (Book 5) J. K. Rowling Scholastic,162,9.098765432098766,8.96137844961357
0671016768,Bloodstream,Tess Gerritsen,1999,Pocket,http://images.amazon.com/images/P/0671016768.01.THUMBZZZ.jpg,http://images.amazon.com/images/P/0671016768.01.MZZZZZZZ.jpg,http://images.amazon.com/images/P/0671016768.01.LZZZZZZZ.jpg,Bloodstream Tess Gerritsen Pocket,19,7.947368421052632,7.896689175119731
0380730847,The Forgotten (Peter Decker & Rina Lazarus Novels (Paperback)),Faye Kellerman,2002,Avon,http://images.amazon.com/images/P/0380730847.01.THUMBZZZ.jpg,http://images.amazon.com/images/P/0380730847.01.MZZZZZZZ.jpg,http://images.amazon.com/images/P/0380730847.01.LZZZZZZZ.jpg,The Forgotten (Peter Decker & Rina Lazarus Novels (Paperback)) Faye Kellerman Avon,26,7.538461538461538,7.673279952818902
0399147195,P Is for Peril (Kinsey Millhone Mysteries (Hardcover)),Sue Grafton,2001,Putnam Publishing Group,http://images.amazon.com/images/P/0399147195.01.THUMBZZZ.jpg,http://images.amazon.com/images/P/0399147195.01.MZZZZZZZ.jpg,http://images.amazon.com/images/P/0399147195.01.LZZZZZZZ.jpg,P Is for Peril (Kinsey Millhone Mysteries (Hardcover)) Sue Grafton Putnam Publishing Group,37,7.972972972972973,7.929313646134553
0425182908,Isle of Dogs,Patricia Cornwell,2002,Berkley Publishing Group,http://images.amazon.com/images/P/0425182908.01.THUMBZZZ.jpg,http://images.amazon.com/images/P/0425182908.01.MZZZZZZZ.jpg,http://images.amazon.com/images/P/0425182908.01.LZZZZZZZ.jpg,Isle of Dogs Patricia Cornwell Berkley Publishing Group,58,5.396551724137931,6.025267664482943
0553569058,The Robber Bride,Margaret Atwood,1995,Bantam,http://images.amazon.com/images/P/0553569058.01.THUMBZZZ.jpg,http://images.amazon.com/images/P/0553569058.01.MZZZZZZZ.jpg,http://images.amazon.com/images/P/0553569058.01.LZZZZZZZ.jpg,The Robber Bride Margaret Atwood Bantam,18,7.444444444444445,7.657128363938671
080410753X,The Kitchen God's Wife,Amy Tan,1992,Ivy Books,http://images.amazon.com/images/P/080410753X.01.THUMBZZZ.jpg,http://images.amazon.com/images/P/080410753X.01.MZZZZZZZ.jpg,http://images.amazon.com/images/P/080410753X.01.LZZZZZZZ.jpg,The Kitchen God's Wife Amy Tan Ivy Books,69,8.057971014492754,8.010908739659207
0394800168,Green Eggs and Ham (I Can Read It All by Myself Beginner Books),Dr. Seuss,1960,Random House Books for Young Readers,http://images.amazon.com/images/P/0394800168.01.THUMBZZZ.jpg,http://images.amazon.com/images/P/0394800168.01.MZZZZZZZ.jpg,http://images.amazon.com/images/P/0394800168.01.LZZZZZZZ.jpg,Green Eggs and Ham (I Can Read It All by Myself Beginner Books) Dr. Seuss Random House Books for Young Readers,18,9.277777777777779,8.52554941657025
0394820371,The Phantom Tollbooth,Norton Juster,1993,Yearling Books,http://images.amazon.com/images/P/0394820371.01.THUMBZZZ.jpg,http://images.amazon.com/images/P/0394820371.01.MZZZZZZZ.jpg,http://images.amazon.com/images/P/0394820371.01.LZZZZZZZ.jpg,The Phantom Tollbooth Norton Juster Yearling Books,37,8.432432432432432,8.22755926016964
042513525X,Hideaway,Dean R. Koontz,1992,Berkley Publishing Group,http://images.amazon.com/images/P/042513525X.01.THUMBZZZ.jpg,http://images.amazon.com/images/P/042513525X.01.MZZZZZZZ.jpg,http://images.amazon.com/images/P/042513525X.01.LZZZZZZZ.jpg,Hideaway Dean R. Koontz Berkley Publishing Group,36,7.444444444444445,7.588765675529814
0425140032,Dragon Tears,Dean R. Koontz,1995,Berkley Publishing Group,http://images.amazon.com/images/P/0425140032.01.THUMBZZZ.jpg,http://images.amazon.com/images/P/0425140032.01.MZZZZZZZ.jpg,http://images.amazon.com/images/P/0425140032.01.LZZZZZZZ.jpg,Dragon Tears Dean R. Koontz Berkley Publishing Group,24,7.166666666666667,7.476610859765216
0425178102,Big Trouble,Dave Barry,2001,Berkley Publishing Group,http://images.amazon.com/images/P/0425178102.01.THUMBZZZ.jpg,http://images.amazon.com/images/P/0425178102.01.MZZZZZZZ.jpg,http://images.amazon.com/images/P/0425178102.01.LZZZZZZZ.jpg,Big Trouble Dave Barry Berkley Publishing Group,24,7.541666666666667,7.6811563143106705
042518630X,Purity in Death,J.D. Robb,2002,Berkley Publishing Group,http://images.amazon.com/images/P/042518630X.01.THUMBZZZ.jpg,http://images.amazon.com/images/P/042518630X.01.MZZZZZZZ.jpg,http://images.amazon.com/images/P/042518630X.01.LZZZZZZZ.jpg,Purity in Death J.D. Robb Berkley Publishing Group,26,7.653846153846154,7.7384973441232505
0440207622,Daddy,DANIELLE STEEL,1990,Dell,http://images.amazon.com/images/P/0440207622.01.THUMBZZZ.jpg,http://images.amazon.com/images/P/0440207622.01.MZZZZZZZ.jpg,http://images.amazon.com/images/P/0440207622.01.LZZZZZZZ.jpg,Daddy DANIELLE STEEL Dell,19,6.7368421052631575,7.306945585376141
0515131229,Dance upon the Air (Three Sisters Island Trilogy),Nora Roberts,2003,Jove Books,http://images.amazon.com/images/P/0515131229.01.THUMBZZZ.jpg,http://images.amazon.com/images/P/0515131229.01.MZZZZZZZ.jpg,http://images.amazon.com/images/P/0515131229.01.LZZZZZZZ.jpg,Dance upon the Air (Three Sisters Island Trilogy) Nora Roberts Jove Books,82,7.987804878048781,7.960498802251662
0060935464,To Kill a Mockingbird,Harper Lee,2002,Perennial Classics,http://images.amazon.com/images/P/0060935464.01.THUMBZZZ.jpg,http://images.amazon.com/images/P/0060935464.01.MZZZZZZZ.jpg,http://images.amazon.com/images/P/0060935464.01.LZZZZZZZ.jpg,To Kill a Mockingbird Harper Lee Perennial Classics,19,8.842105263157896,8.332586611017167
0385475721,The Blind Assassin,Margaret Atwood,2000,Nan A. Talese,http://images.amazon.com/images/P/0385475721.01.THUMBZZZ.jpg,http://images.amazon.com/images/P/0385475721.01.MZZZZZZZ.jpg,http://images.amazon.com/images/P/0385475721.01.LZZZZZZZ.jpg,The Blind Assassin Margaret Atwood Nan A. Talese,26,7.1923076923076925,7.477627778905859
0316569321,White Oleander : A Novel,Janet Fitch,1999,"Little, Brown",http://images.amazon.com/images/P/0316569321.01.THUMBZZZ.jpg,http://images.amazon.com/images/P/0316569321.01.MZZZZZZZ.jpg,http://images.amazon.com/images/P/0316569321.01.LZZZZZZZ.jpg,"White Oleander : A Novel Janet Fitch Little, Brown",90,7.6,7.645189798451542
0446679593,Suzanne's Diary for Nicholas,James Patterson,2002,Warner Books,http://images.amazon.com/images/P/0446679593.01.THUMBZZZ.jpg,http://images.amazon.com/images/P/0446679593.01.MZZZZZZZ.jpg,http://images.amazon.com/images/P/0446679593.01.LZZZZZZZ.jpg,Suzanne's Diary for Nicholas James Patterson Warner Books,47,7.638297872340425,7.701057878054769
0425178765,Easy Prey,John Sandford,2001,Berkley Publishing Group,http://images.amazon.com/images/P/0425178765.01.THUMBZZZ.jpg,http://images.amazon.com/images/P/0425178765.01.MZZZZZZZ.jpg,http://images.amazon.com/images/P/0425178765.01.LZZZZZZZ.jpg,Easy Prey John Sandford Berkley Publishing Group,35,7.371428571428571,7.544925051448536
0425182878,Chosen Prey,John Sandford,2004,Berkley Publishing Group,http://images.amazon.com/images/P/0425182878.01.THUMBZZZ.jpg,http://images.amazon.com/images/P/0425182878.01.MZZZZZZZ.jpg,http://images.amazon.com/images/P/0425182878.01.LZZZZZZZ.jpg,Chosen Prey John Sandford Berkley Publishing Group,45,7.644444444444445,7.707244274302608
0440221595,The Glass Lake,Maeve Binchy,1996,Dell,http://images.amazon.com/images/P/0440221595.01.THUMBZZZ.jpg,http://images.amazon.com/images/P/0440221595.01.MZZZZZZZ.jpg,http://images.amazon.com/images/P/0440221595.01.LZZZZZZZ.jpg,The Glass Lake Maeve Binchy Dell,44,8.045454545454545,7.983919966088586
0446610038,1st to Die: A Novel,James Patterson,2002,Warner Vision,http://images.amazon.com/images/P/0446610038.01.THUMBZZZ.jpg,http://images.amazon.com/images/P/0446610038.01.MZZZZZZZ.jpg,http://images.amazon.com/images/P/0446610038.01.LZZZZZZZ.jpg,1st to Die: A Novel James Patterson Warner Vision,122,7.770491803278689,7.781485055138518
0449003787,"\O\"" Is for Outlaw""",SUE GRAFTON,2001,Ballantine Books,http://images.amazon.com/images/P/0449003787.01.THUMBZZZ.jpg,http://images.amazon.com/images/P/0449003787.01.MZZZZZZZ.jpg,http://images.amazon.com/images/P/0449003787.01.LZZZZZZZ.jpg,"\O\"" Is for Outlaw"" SUE GRAFTON Ballantine Books",50,7.4,7.528155397566708
0449219461,H Is for Homicide (Kinsey Millhone Mysteries (Paperback)),Sue Grafton,1993,Fawcett Books,http://images.amazon.com/images/P/0449219461.01.THUMBZZZ.jpg,http://images.amazon.com/images/P/0449219461.01.MZZZZZZZ.jpg,http://images.amazon.com/images/P/0449219461.01.LZZZZZZZ.jpg,H Is for Homicide (Kinsey Millhone Mysteries (Paperback)) Sue Grafton Fawcett Books,45,7.711111111111111,7.753398120456454
0553213180,Anne's House of Dreams,L.M. MONTGOMERY,1983,Bantam Classics,http://images.amazon.com/images/P/0553213180.01.THUMBZZZ.jpg,http://images.amazon.com/images/P/0553213180.01.MZZZZZZZ.jpg,http://images.amazon.com/images/P/0553213180.01.LZZZZZZZ.jpg,Anne's House of Dreams L.M. MONTGOMERY Bantam Classics,20,8.8,8.324271945741739
0553573616,My Point...And I Do Have One,ELLEN DEGENERES,1996,Bantam,http://images.amazon.com/images/P/0553573616.01.THUMBZZZ.jpg,http://images.amazon.com/images/P/0553573616.01.MZZZZZZZ.jpg,http://images.amazon.com/images/P/0553573616.01.LZZZZZZZ.jpg,My Point...And I Do Have One ELLEN DEGENERES Bantam,17,7.588235294117647,7.728942644045123
0060096195,The Boy Next Door,Meggin Cabot,2002,Avon Trade,http://images.amazon.com/images/P/0060096195.01.THUMBZZZ.jpg,http://images.amazon.com/images/P/0060096195.01.MZZZZZZZ.jpg,http://images.amazon.com/images/P/0060096195.01.LZZZZZZZ.jpg,The Boy Next Door Meggin Cabot Avon Trade,37,8.216216216216216,8.087208382976659
0330375253,Bridget Jones's Diary,Helen Fielding,2001,Picador,http://images.amazon.com/images/P/0330375253.01.THUMBZZZ.jpg,http://images.amazon.com/images/P/0330375253.01.MZZZZZZZ.jpg,http://images.amazon.com/images/P/0330375253.01.LZZZZZZZ.jpg,Bridget Jones's Diary Helen Fielding Picador,17,8.647058823529411,8.215429130531609
0345423097,Joy School (Ballantine Reader's Circle),ELIZABETH BERG,1998,Ballantine Books,http://images.amazon.com/images/P/0345423097.01.THUMBZZZ.jpg,http://images.amazon.com/images/P/0345423097.01.MZZZZZZZ.jpg,http://images.amazon.com/images/P/0345423097.01.LZZZZZZZ.jpg,Joy School (Ballantine Reader's Circle) ELIZABETH BERG Ballantine Books,17,7.705882352941177,7.782996698099177
0385730586,Sisterhood of the Traveling Pants,ANN BRASHARES,2003,Delacorte Books for Young Readers,http://images.amazon.com/images/P/0385730586.01.THUMBZZZ.jpg,http://images.amazon.com/images/P/0385730586.01.MZZZZZZZ.jpg,http://images.amazon.com/images/P/0385730586.01.LZZZZZZZ.jpg,Sisterhood of the Traveling Pants ANN BRASHARES Delacorte Books for Young Readers,46,8.434782608695652,8.257134512570751
0312980140,Seven Up (A Stephanie Plum Novel),Janet Evanovich,2002,St. Martin's Paperbacks,http://images.amazon.com/images/P/0312980140.01.THUMBZZZ.jpg,http://images.amazon.com/images/P/0312980140.01.MZZZZZZZ.jpg,http://images.amazon.com/images/P/0312980140.01.LZZZZZZZ.jpg,Seven Up (A Stephanie Plum Novel) Janet Evanovich St. Martin's Paperbacks,78,8.23076923076923,8.152764059486422
0312983298,Full Speed (Janet Evanovich's Full Series),Janet Evanovich,2003,St. Martin's Paperbacks,http://images.amazon.com/images/P/0312983298.01.THUMBZZZ.jpg,http://images.amazon.com/images/P/0312983298.01.MZZZZZZZ.jpg,http://images.amazon.com/images/P/0312983298.01.LZZZZZZZ.jpg,Full Speed (Janet Evanovich's Full Series) Janet Evanovich St. Martin's Paperbacks,30,6.966666666666667,7.31941755659339
0312983867,Hard Eight : A Stephanie Plum Novel (A Stephanie Plum Novel),Janet Evanovich,2003,St. Martin's Paperbacks,http://images.amazon.com/images/P/0312983867.01.THUMBZZZ.jpg,http://images.amazon.com/images/P/0312983867.01.MZZZZZZZ.jpg,http://images.amazon.com/images/P/0312983867.01.LZZZZZZZ.jpg,Hard Eight : A Stephanie Plum Novel (A Stephanie Plum Novel) Janet Evanovich St. Martin's Paperbacks,55,8.072727272727272,8.012945037728926
0312990456,One for the Money (A Stephanie Plum Novel),Janet Evanovich,2003,St. Martin's Paperbacks,http://images.amazon.com/images/P/0312990456.01.THUMBZZZ.jpg,http://images.amazon.com/images/P/0312990456.01.MZZZZZZZ.jpg,http://images.amazon.com/images/P/0312990456.01.LZZZZZZZ.jpg,One for the Money (A Stephanie Plum Novel) Janet Evanovich St. Martin's Paperbacks,60,8.316666666666666,8.199635972870869
0345350499,The Mists of Avalon,MARION ZIMMER BRADLEY,1987,Del Rey,http://images.amazon.com/images/P/0345350499.01.THUMBZZZ.jpg,http://images.amazon.com/images/P/0345350499.01.MZZZZZZZ.jpg,http://images.amazon.com/images/P/0345350499.01.LZZZZZZZ.jpg,The Mists of Avalon MARION ZIMMER BRADLEY Del Rey,63,8.73015873015873,8.517721419634572
0425191583,Imitation in Death (Eve Dallas Mysteries (Paperback)),J. D. Robb,2004,Berkley Publishing Group,http://images.amazon.com/images/P/0425191583.01.THUMBZZZ.jpg,http://images.amazon.com/images/P/0425191583.01.MZZZZZZZ.jpg,http://images.amazon.com/images/P/0425191583.01.LZZZZZZZ.jpg,Imitation in Death (Eve Dallas Mysteries (Paperback)) J. D. Robb Berkley Publishing Group,17,8.235294117647058,8.02623994134242
0451202503,The Songcatcher: A Ballad Novel,Sharyn McCrumb,2002,Signet Book,http://images.amazon.com/images/P/0451202503.01.THUMBZZZ.jpg,http://images.amazon.com/images/P/0451202503.01.MZZZZZZZ.jpg,http://images.amazon.com/images/P/0451202503.01.LZZZZZZZ.jpg,The Songcatcher: A Ballad Novel Sharyn McCrumb Signet Book,17,7.705882352941177,7.782996698099177
1400034779,The No. 1 Ladies' Detective Agency (Today Show Book Club #8),Alexander McCall Smith,2003,Anchor,http://images.amazon.com/images/P/1400034779.01.THUMBZZZ.jpg,http://images.amazon.com/images/P/1400034779.01.MZZZZZZZ.jpg,http://images.amazon.com/images/P/1400034779.01.LZZZZZZZ.jpg,The No. 1 Ladies' Detective Agency (Today Show Book Club #8) Alexander McCall Smith Anchor,129,8.108527131782946,8.073630052548118
0060987561,I Know This Much Is True,Wally Lamb,1999,Regan Books,http://images.amazon.com/images/P/0060987561.01.THUMBZZZ.jpg,http://images.amazon.com/images/P/0060987561.01.MZZZZZZZ.jpg,http://images.amazon.com/images/P/0060987561.01.LZZZZZZZ.jpg,I Know This Much Is True Wally Lamb Regan Books,66,8.318181818181818,8.208963695693832
0140244824,Songs in Ordinary Time (Oprah's Book Club (Paperback)),Mary McGarry Morris,1996,Penguin Books,http://images.amazon.com/images/P/0140244824.01.THUMBZZZ.jpg,http://images.amazon.com/images/P/0140244824.01.MZZZZZZZ.jpg,http://images.amazon.com/images/P/0140244824.01.LZZZZZZZ.jpg,Songs in Ordinary Time (Oprah's Book Club (Paperback)) Mary McGarry Morris Penguin Books,45,6.644444444444445,7.014936581994917
014028009X,Bridget Jones's Diary,Helen Fielding,1999,Penguin Books,http://images.amazon.com/images/P/014028009X.01.THUMBZZZ.jpg,http://images.amazon.com/images/P/014028009X.01.MZZZZZZZ.jpg,http://images.amazon.com/images/P/014028009X.01.LZZZZZZZ.jpg,Bridget Jones's Diary Helen Fielding Penguin Books,104,7.673076923076923,7.701378047013463
0140296298,Riding in Cars With Boys: Confessions of a Bad Girl Who Makes Good,Beverley Donofrio,2001,Penguin Books,http://images.amazon.com/images/P/0140296298.01.THUMBZZZ.jpg,http://images.amazon.com/images/P/0140296298.01.MZZZZZZZ.jpg,http://images.amazon.com/images/P/0140296298.01.LZZZZZZZ.jpg,Riding in Cars With Boys: Confessions of a Bad Girl Who Makes Good Beverley Donofrio Penguin Books,16,7.625,7.7491910508241535
0142000205,Icy Sparks,Gwyn Hyman Rubio,2001,Penguin Books,http://images.amazon.com/images/P/0142000205.01.THUMBZZZ.jpg,http://images.amazon.com/images/P/0142000205.01.MZZZZZZZ.jpg,http://images.amazon.com/images/P/0142000205.01.LZZZZZZZ.jpg,Icy Sparks Gwyn Hyman Rubio Penguin Books,90,7.5,7.5633716166333596
0316096199,Lucky : A Memoir,Alice Sebold,2002,Back Bay Books,http://images.amazon.com/images/P/0316096199.01.THUMBZZZ.jpg,http://images.amazon.com/images/P/0316096199.01.MZZZZZZZ.jpg,http://images.amazon.com/images/P/0316096199.01.LZZZZZZZ.jpg,Lucky : A Memoir Alice Sebold Back Bay Books,104,8.346153846153847,8.265894176045723
0316899984,"River, Cross My Heart",Breena Clarke,1999,Little Brown & Company,http://images.amazon.com/images/P/0316899984.01.THUMBZZZ.jpg,http://images.amazon.com/images/P/0316899984.01.MZZZZZZZ.jpg,http://images.amazon.com/images/P/0316899984.01.LZZZZZZZ.jpg,"River, Cross My Heart Breena Clarke Little Brown & Company",52,6.826923076923077,7.1107066365231875
0375703063,A Virtuous Woman (Oprah's Book Club (Paperback)),Kaye Gibbons,1997,Vintage Books,http://images.amazon.com/images/P/0375703063.01.THUMBZZZ.jpg,http://images.amazon.com/images/P/0375703063.01.MZZZZZZZ.jpg,http://images.amazon.com/images/P/0375703063.01.LZZZZZZZ.jpg,A Virtuous Woman (Oprah's Book Club (Paperback)) Kaye Gibbons Vintage Books,36,6.916666666666667,7.2494799612440985
0440226430,Summer Sisters,Judy Blume,1999,Dell Publishing Company,http://images.amazon.com/images/P/0440226430.01.THUMBZZZ.jpg,http://images.amazon.com/images/P/0440226430.01.MZZZZZZZ.jpg,http://images.amazon.com/images/P/0440226430.01.LZZZZZZZ.jpg,Summer Sisters Judy Blume Dell Publishing Company,139,7.553956834532374,7.591011810249494
0440514428,Cold Sassy Tree,Olive Ann Burns,1986,Dell Publishing Company,http://images.amazon.com/images/P/0440514428.01.THUMBZZZ.jpg,http://images.amazon.com/images/P/0440514428.01.MZZZZZZZ.jpg,http://images.amazon.com/images/P/0440514428.01.LZZZZZZZ.jpg,Cold Sassy Tree Olive Ann Burns Dell Publishing Company,16,8.125,7.971413273046375
0449907481,A Thousand Acres (Ballantine Reader's Circle),JANE SMILEY,1992,Ballantine Books,http://images.amazon.com/images/P/0449907481.01.THUMBZZZ.jpg,http://images.amazon.com/images/P/0449907481.01.MZZZZZZZ.jpg,http://images.amazon.com/images/P/0449907481.01.LZZZZZZZ.jpg,A Thousand Acres (Ballantine Reader's Circle) JANE SMILEY Ballantine Books,52,7.826923076923077,7.83292885874541
0451163524,"The Drawing of the Three (The Dark Tower, Book 2)",Stephen King,1997,Signet Book,http://images.amazon.com/images/P/0451163524.01.THUMBZZZ.jpg,http://images.amazon.com/images/P/0451163524.01.MZZZZZZZ.jpg,http://images.amazon.com/images/P/0451163524.01.LZZZZZZZ.jpg,"The Drawing of the Three (The Dark Tower, Book 2) Stephen King Signet Book",35,8.142857142857142,8.035834142357627
0515131083,Plantation: A Lowcountry Tale,Dorothea Benton Frank,2001,Jove Books,http://images.amazon.com/images/P/0515131083.01.THUMBZZZ.jpg,http://images.amazon.com/images/P/0515131083.01.MZZZZZZZ.jpg,http://images.amazon.com/images/P/0515131083.01.LZZZZZZZ.jpg,Plantation: A Lowcountry Tale Dorothea Benton Frank Jove Books,19,8.210526315789474,8.02489430332486
0553278355,The Bell Jar,Sylvia Plath,1983,Bantam,http://images.amazon.com/images/P/0553278355.01.THUMBZZZ.jpg,http://images.amazon.com/images/P/0553278355.01.MZZZZZZZ.jpg,http://images.amazon.com/images/P/0553278355.01.LZZZZZZZ.jpg,The Bell Jar Sylvia Plath Bantam,28,8.142857142857142,8.020226621451448
0671038184,Jewel,Bret Lott,1999,Washington Square Press,http://images.amazon.com/images/P/0671038184.01.THUMBZZZ.jpg,http://images.amazon.com/images/P/0671038184.01.MZZZZZZZ.jpg,http://images.amazon.com/images/P/0671038184.01.LZZZZZZZ.jpg,Jewel Bret Lott Washington Square Press,58,7.517241379310345,7.6021907414060195
0684814994,Christmas Box (Christmas Box Trilogy),Richard Paul Evans,1995,Simon & Schuster,http://images.amazon.com/images/P/0684814994.01.THUMBZZZ.jpg,http://images.amazon.com/images/P/0684814994.01.MZZZZZZZ.jpg,http://images.amazon.com/images/P/0684814994.01.LZZZZZZZ.jpg,Christmas Box (Christmas Box Trilogy) Richard Paul Evans Simon & Schuster,28,8.178571428571429,8.041059954784782
0688170528,The Pact: A Love Story,Jodi Picoult,1999,Quill,http://images.amazon.com/images/P/0688170528.01.THUMBZZZ.jpg,http://images.amazon.com/images/P/0688170528.01.MZZZZZZZ.jpg,http://images.amazon.com/images/P/0688170528.01.LZZZZZZZ.jpg,The Pact: A Love Story Jodi Picoult Quill,36,8.277777777777779,8.124479961244099
0743225082,Man and Boy: A Novel,Tony Parsons,2002,Touchstone,http://images.amazon.com/images/P/0743225082.01.THUMBZZZ.jpg,http://images.amazon.com/images/P/0743225082.01.MZZZZZZZ.jpg,http://images.amazon.com/images/P/0743225082.01.LZZZZZZZ.jpg,Man and Boy: A Novel Tony Parsons Touchstone,27,7.518518518518518,7.658954847439777
0140270590,A New Song (Mitford Years (Paperback)),Jan Karon,2000,Viking Books,http://images.amazon.com/images/P/0140270590.01.THUMBZZZ.jpg,http://images.amazon.com/images/P/0140270590.01.MZZZZZZZ.jpg,http://images.amazon.com/images/P/0140270590.01.LZZZZZZZ.jpg,A New Song (Mitford Years (Paperback)) Jan Karon Viking Books,20,8.1,7.974271945741737
0553578316,Sticks & Scones,Diane Mott Davidson,2002,Bantam Books,http://images.amazon.com/images/P/0553578316.01.THUMBZZZ.jpg,http://images.amazon.com/images/P/0553578316.01.MZZZZZZZ.jpg,http://images.amazon.com/images/P/0553578316.01.LZZZZZZZ.jpg,Sticks & Scones Diane Mott Davidson Bantam Books,33,7.242424242424242,7.4711486382956505
155874262X,Chicken Soup for the Soul (Chicken Soup for the Soul),Jack Canfield,1993,Health Communications,http://images.amazon.com/images/P/155874262X.01.THUMBZZZ.jpg,http://images.amazon.com/images/P/155874262X.01.MZZZZZZZ.jpg,http://images.amazon.com/images/P/155874262X.01.LZZZZZZZ.jpg,Chicken Soup for the Soul (Chicken Soup for the Soul) Jack Canfield Health Communications,65,7.6923076923076925,7.729069150937288
1558745718,Chicken Soup for the Pet Lover's Soul (Chicken Soup for the Soul),Jack Canfield,1998,Health Communications,http://images.amazon.com/images/P/1558745718.01.THUMBZZZ.jpg,http://images.amazon.com/images/P/1558745718.01.MZZZZZZZ.jpg,http://images.amazon.com/images/P/1558745718.01.LZZZZZZZ.jpg,Chicken Soup for the Pet Lover's Soul (Chicken Soup for the Soul) Jack Canfield Health Communications,31,8.32258064516129,8.136683879013127
1558747109,"Chicken Soup for the Cat and Dog Lover's Soul - Celebrating Pets as Family with Stories About Cats, Dogs and Other Critters",Jack Canfield,1999,Health Communications,http://images.amazon.com/images/P/1558747109.01.THUMBZZZ.jpg,http://images.amazon.com/images/P/1558747109.01.MZZZZZZZ.jpg,http://images.amazon.com/images/P/1558747109.01.LZZZZZZZ.jpg,"Chicken Soup for the Cat and Dog Lover's Soul - Celebrating Pets as Family with Stories About Cats, Dogs and Other Critters Jack Canfield Health Communications",16,8.25,8.02696882860193
0060173289,Divine Secrets of the Ya-Ya Sisterhood : A Novel,Rebecca Wells,1996,HarperCollins,http://images.amazon.com/images/P/0060173289.01.THUMBZZZ.jpg,http://images.amazon.com/images/P/0060173289.01.MZZZZZZZ.jpg,http://images.amazon.com/images/P/0060173289.01.LZZZZZZZ.jpg,Divine Secrets of the Ya-Ya Sisterhood : A Novel Rebecca Wells HarperCollins,39,7.6923076923076925,7.745269115757111
0060517794,Little Altars Everywhere,Rebecca Wells,2003,HarperTorch,http://images.amazon.com/images/P/0060517794.01.THUMBZZZ.jpg,http://images.amazon.com/images/P/0060517794.01.MZZZZZZZ.jpg,http://images.amazon.com/images/P/0060517794.01.LZZZZZZZ.jpg,Little Altars Everywhere Rebecca Wells HarperTorch,22,7.7727272727272725,7.808830424515941
0399146431,The Bonesetter's Daughter,Amy Tan,2001,Putnam Publishing Group,http://images.amazon.com/images/P/0399146431.01.THUMBZZZ.jpg,http://images.amazon.com/images/P/0399146431.01.MZZZZZZZ.jpg,http://images.amazon.com/images/P/0399146431.01.LZZZZZZZ.jpg,The Bonesetter's Daughter Amy Tan Putnam Publishing Group,36,8.166666666666666,8.053051389815527
0440211263,Circle of Friends,Maeve Binchy,1991,Dell,http://images.amazon.com/images/P/0440211263.01.THUMBZZZ.jpg,http://images.amazon.com/images/P/0440211263.01.MZZZZZZZ.jpg,http://images.amazon.com/images/P/0440211263.01.LZZZZZZZ.jpg,Circle of Friends Maeve Binchy Dell,57,8.24561403508772,8.14247893285285
0553274503,Flowers for Algernon (Bantam Classic),DANIEL KEYES,1984,Bantam,http://images.amazon.com/images/P/0553274503.01.THUMBZZZ.jpg,http://images.amazon.com/images/P/0553274503.01.MZZZZZZZ.jpg,http://images.amazon.com/images/P/0553274503.01.LZZZZZZZ.jpg,Flowers for Algernon (Bantam Classic) DANIEL KEYES Bantam,31,8.451612903225806,8.215115251562146
059035342X,Harry Potter and the Sorcerer's Stone (Harry Potter (Paperback)),J. K. Rowling,1999,Arthur A. Levine Books,http://images.amazon.com/images/P/059035342X.01.THUMBZZZ.jpg,http://images.amazon.com/images/P/059035342X.01.MZZZZZZZ.jpg,http://images.amazon.com/images/P/059035342X.01.LZZZZZZZ.jpg,Harry Potter and the Sorcerer's Stone (Harry Potter (Paperback)) J. K. Rowling Arthur A. Levine Books,218,9.01834862385321,8.920045705166677
0679412956,Lasher,Anne Rice,1993,Alfred A. Knopf,http://images.amazon.com/images/P/0679412956.01.THUMBZZZ.jpg,http://images.amazon.com/images/P/0679412956.01.MZZZZZZZ.jpg,http://images.amazon.com/images/P/0679412956.01.LZZZZZZZ.jpg,Lasher Anne Rice Alfred A. Knopf,22,7.681818181818182,7.7612113768968936
0767902890,The Things They Carried,TIM O'BRIEN,1998,Broadway,http://images.amazon.com/images/P/0767902890.01.THUMBZZZ.jpg,http://images.amazon.com/images/P/0767902890.01.MZZZZZZZ.jpg,http://images.amazon.com/images/P/0767902890.01.LZZZZZZZ.jpg,The Things They Carried TIM O'BRIEN Broadway,20,8.3,8.074271945741739
0553579606,Ashes to Ashes,TAMI HOAG,2000,Bantam,http://images.amazon.com/images/P/0553579606.01.THUMBZZZ.jpg,http://images.amazon.com/images/P/0553579606.01.MZZZZZZZ.jpg,http://images.amazon.com/images/P/0553579606.01.LZZZZZZZ.jpg,Ashes to Ashes TAMI HOAG Bantam,38,6.921052631578948,7.240877203959819
0446608653,The Alibi,Sandra Brown,2000,Warner Books,http://images.amazon.com/images/P/0446608653.01.THUMBZZZ.jpg,http://images.amazon.com/images/P/0446608653.01.MZZZZZZZ.jpg,http://images.amazon.com/images/P/0446608653.01.LZZZZZZZ.jpg,The Alibi Sandra Brown Warner Books,17,7.705882352941177,7.782996698099177
0446612545,The Beach House,James Patterson,2003,Warner Books,http://images.amazon.com/images/P/0446612545.01.THUMBZZZ.jpg,http://images.amazon.com/images/P/0446612545.01.MZZZZZZZ.jpg,http://images.amazon.com/images/P/0446612545.01.LZZZZZZZ.jpg,The Beach House James Patterson Warner Books,67,7.656716417910448,7.70081468769735
0553584383,Dead Aim,IRIS JOHANSEN,2004,Bantam Books,http://images.amazon.com/images/P/0553584383.01.THUMBZZZ.jpg,http://images.amazon.com/images/P/0553584383.01.MZZZZZZZ.jpg,http://images.amazon.com/images/P/0553584383.01.LZZZZZZZ.jpg,Dead Aim IRIS JOHANSEN Bantam Books,19,7.473684210526316,7.665919944350501
0060976845,Little Altars Everywhere: A Novel,Rebecca Wells,1996,Perennial,http://images.amazon.com/images/P/0060976845.01.THUMBZZZ.jpg,http://images.amazon.com/images/P/0060976845.01.MZZZZZZZ.jpg,http://images.amazon.com/images/P/0060976845.01.LZZZZZZZ.jpg,Little Altars Everywhere: A Novel Rebecca Wells Perennial,137,7.642335766423358,7.66860431738643
0061099325,Coyote Waits (Joe Leaphorn/Jim Chee Novels),Tony Hillerman,1992,HarperTorch,http://images.amazon.com/images/P/0061099325.01.THUMBZZZ.jpg,http://images.amazon.com/images/P/0061099325.01.MZZZZZZZ.jpg,http://images.amazon.com/images/P/0061099325.01.LZZZZZZZ.jpg,Coyote Waits (Joe Leaphorn/Jim Chee Novels) Tony Hillerman HarperTorch,12,7.583333333333333,7.7490899321771725
0060915544,The Bean Trees,Barbara Kingsolver,1989,Perennial,http://images.amazon.com/images/P/0060915544.01.THUMBZZZ.jpg,http://images.amazon.com/images/P/0060915544.01.MZZZZZZZ.jpg,http://images.amazon.com/images/P/0060915544.01.LZZZZZZZ.jpg,The Bean Trees Barbara Kingsolver Perennial,80,8.45,8.329708778296695
0375400117,Memoirs of a Geisha,Arthur Golden,1997,Alfred A. Knopf,http://images.amazon.com/images/P/0375400117.01.THUMBZZZ.jpg,http://images.amazon.com/images/P/0375400117.01.MZZZZZZZ.jpg,http://images.amazon.com/images/P/0375400117.01.LZZZZZZZ.jpg,Memoirs of a Geisha Arthur Golden Alfred A. Knopf,29,8.689655172413794,8.34634444550346
0385720106,A Map of the World,Jane Hamilton,1999,Anchor Books/Doubleday,http://images.amazon.com/images/P/0385720106.01.THUMBZZZ.jpg,http://images.amazon.com/images/P/0385720106.01.MZZZZZZZ.jpg,http://images.amazon.com/images/P/0385720106.01.LZZZZZZZ.jpg,A Map of the World Jane Hamilton Anchor Books/Doubleday,72,7.027777777777778,7.206205193800756
0425163407,Unnatural Exposure,Patricia Daniels Cornwell,1998,Berkley Publishing Group,http://images.amazon.com/images/P/0425163407.01.THUMBZZZ.jpg,http://images.amazon.com/images/P/0425163407.01.MZZZZZZZ.jpg,http://images.amazon.com/images/P/0425163407.01.LZZZZZZZ.jpg,Unnatural Exposure Patricia Daniels Cornwell Berkley Publishing Group,60,7.85,7.8496359728708685
044023722X,A Painted House,John Grisham,2001,Dell Publishing Company,http://images.amazon.com/images/P/044023722X.01.THUMBZZZ.jpg,http://images.amazon.com/images/P/044023722X.01.MZZZZZZZ.jpg,http://images.amazon.com/images/P/044023722X.01.LZZZZZZZ.jpg,A Painted House John Grisham Dell Publishing Company,169,7.4733727810650885,7.513073427670209
0446364800,The General's Daughter,Nelson DeMille,1993,Warner Books,http://images.amazon.com/images/P/0446364800.01.THUMBZZZ.jpg,http://images.amazon.com/images/P/0446364800.01.MZZZZZZZ.jpg,http://images.amazon.com/images/P/0446364800.01.LZZZZZZZ.jpg,The General's Daughter Nelson DeMille Warner Books,30,8.0,7.939417556593391
0446606383,The Midnight Club,James Patterson,1999,Warner Vision,http://images.amazon.com/images/P/0446606383.01.THUMBZZZ.jpg,http://images.amazon.com/images/P/0446606383.01.MZZZZZZZ.jpg,http://images.amazon.com/images/P/0446606383.01.LZZZZZZZ.jpg,The Midnight Club James Patterson Warner Vision,25,7.16,7.4660195073259885
0060987103,Wicked: The Life and Times of the Wicked Witch of the West,Gregory Maguire,1996,Regan Books,http://images.amazon.com/images/P/0060987103.01.THUMBZZZ.jpg,http://images.amazon.com/images/P/0060987103.01.MZZZZZZZ.jpg,http://images.amazon.com/images/P/0060987103.01.LZZZZZZZ.jpg,Wicked: The Life and Times of the Wicked Witch of the West Gregory Maguire Regan Books,114,7.7894736842105265,7.798290133057236
0151008116,Life of Pi,Yann Martel,2002,Harcourt,http://images.amazon.com/images/P/0151008116.01.THUMBZZZ.jpg,http://images.amazon.com/images/P/0151008116.01.MZZZZZZZ.jpg,http://images.amazon.com/images/P/0151008116.01.LZZZZZZZ.jpg,Life of Pi Yann Martel Harcourt,64,8.1875,8.106796164638922
0525947647,Lies and the Lying Liars Who Tell Them: A Fair and Balanced Look at the Right,Al Franken,2003,Dutton Books,http://images.amazon.com/images/P/0525947647.01.THUMBZZZ.jpg,http://images.amazon.com/images/P/0525947647.01.MZZZZZZZ.jpg,http://images.amazon.com/images/P/0525947647.01.LZZZZZZZ.jpg,Lies and the Lying Liars Who Tell Them: A Fair and Balanced Look at the Right Al Franken Dutton Books,44,8.340909090909092,8.187044966088587
0804111359,Secret History,DONNA TARTT,1993,Ballantine Books,http://images.amazon.com/images/P/0804111359.01.THUMBZZZ.jpg,http://images.amazon.com/images/P/0804111359.01.MZZZZZZZ.jpg,http://images.amazon.com/images/P/0804111359.01.LZZZZZZZ.jpg,Secret History DONNA TARTT Ballantine Books,53,7.528301886792453,7.61603942232424
0064471047,"The Lion, the Witch, and the Wardrobe (The Chronicles of Narnia, Book 2)",C. S. Lewis,1994,HarperCollins,http://images.amazon.com/images/P/0064471047.01.THUMBZZZ.jpg,http://images.amazon.com/images/P/0064471047.01.MZZZZZZZ.jpg,http://images.amazon.com/images/P/0064471047.01.LZZZZZZZ.jpg,"The Lion, the Witch, and the Wardrobe (The Chronicles of Narnia, Book 2) C. S. Lewis HarperCollins",35,8.8,8.454015960539447
0142001740,The Secret Life of Bees,Sue Monk Kidd,2003,Penguin Books,http://images.amazon.com/images/P/0142001740.01.THUMBZZZ.jpg,http://images.amazon.com/images/P/0142001740.01.MZZZZZZZ.jpg,http://images.amazon.com/images/P/0142001740.01.LZZZZZZZ.jpg,The Secret Life of Bees Sue Monk Kidd Penguin Books,217,8.52073732718894,8.464012142741222
0380789035,American Gods,Neil Gaiman,2002,HarperTorch,http://images.amazon.com/images/P/0380789035.01.THUMBZZZ.jpg,http://images.amazon.com/images/P/0380789035.01.MZZZZZZZ.jpg,http://images.amazon.com/images/P/0380789035.01.LZZZZZZZ.jpg,American Gods Neil Gaiman HarperTorch,94,7.776595744680851,7.789218226576049
0380973650,American Gods: A Novel,Neil Gaiman,2001,William Morrow,http://images.amazon.com/images/P/0380973650.01.THUMBZZZ.jpg,http://images.amazon.com/images/P/0380973650.01.MZZZZZZZ.jpg,http://images.amazon.com/images/P/0380973650.01.LZZZZZZZ.jpg,American Gods: A Novel Neil Gaiman William Morrow,15,8.4,8.084882223704843
0439064864,Harry Potter and the Chamber of Secrets (Book 2),J. K. Rowling,1999,Scholastic,http://images.amazon.com/images/P/0439064864.01.THUMBZZZ.jpg,http://images.amazon.com/images/P/0439064864.01.MZZZZZZZ.jpg,http://images.amazon.com/images/P/0439064864.01.LZZZZZZZ.jpg,Harry Potter and the Chamber of Secrets (Book 2) J. K. Rowling Scholastic,116,9.0,8.830668219335804
0439136350,Harry Potter and the Prisoner of Azkaban (Book 3),J. K. Rowling,1999,Scholastic,http://images.amazon.com/images/P/0439136350.01.THUMBZZZ.jpg,http://images.amazon.com/images/P/0439136350.01.MZZZZZZZ.jpg,http://images.amazon.com/images/P/0439136350.01.LZZZZZZZ.jpg,Harry Potter and the Prisoner of Azkaban (Book 3) J. K. Rowling Scholastic,121,9.223140495867769,9.028162254111132
0439139597,Harry Potter and the Goblet of Fire (Book 4),J. K. Rowling,2000,Scholastic,http://images.amazon.com/images/P/0439139597.01.THUMBZZZ.jpg,http://images.amazon.com/images/P/0439139597.01.MZZZZZZZ.jpg,http://images.amazon.com/images/P/0439139597.01.LZZZZZZZ.jpg,Harry Potter and the Goblet of Fire (Book 4) J. K. Rowling Scholastic,120,9.35,9.135506270211925
0451167317,The Dark Half,Stephen King,1994,Signet Book,http://images.amazon.com/images/P/0451167317.01.THUMBZZZ.jpg,http://images.amazon.com/images/P/0451167317.01.MZZZZZZZ.jpg,http://images.amazon.com/images/P/0451167317.01.LZZZZZZZ.jpg,The Dark Half Stephen King Signet Book,59,7.694915254237288,7.733808580122399
0451524934,1984,George Orwell,1990,Signet Book,http://images.amazon.com/images/P/0451524934.01.THUMBZZZ.jpg,http://images.amazon.com/images/P/0451524934.01.MZZZZZZZ.jpg,http://images.amazon.com/images/P/0451524934.01.LZZZZZZZ.jpg,1984 George Orwell Signet Book,73,8.767123287671232,8.569579331501822
0451526341,Animal Farm,George Orwell,2004,Signet,http://images.amazon.com/images/P/0451526341.01.THUMBZZZ.jpg,http://images.amazon.com/images/P/0451526341.01.MZZZZZZZ.jpg,http://images.amazon.com/images/P/0451526341.01.LZZZZZZZ.jpg,Animal Farm George Orwell Signet,64,8.375,8.249653307496065
0590353403,Harry Potter and the Sorcerer's Stone (Book 1),J. K. Rowling,1998,Scholastic,http://images.amazon.com/images/P/0590353403.01.THUMBZZZ.jpg,http://images.amazon.com/images/P/0590353403.01.MZZZZZZZ.jpg,http://images.amazon.com/images/P/0590353403.01.LZZZZZZZ.jpg,Harry Potter and the Sorcerer's Stone (Book 1) J. K. Rowling Scholastic,104,9.048076923076923,8.854603853465077
0618002219,The Hobbit: or There and Back Again,J.R.R. Tolkien,1999,Houghton Mifflin Company,http://images.amazon.com/images/P/0618002219.01.THUMBZZZ.jpg,http://images.amazon.com/images/P/0618002219.01.MZZZZZZZ.jpg,http://images.amazon.com/images/P/0618002219.01.LZZZZZZZ.jpg,The Hobbit: or There and Back Again J.R.R. Tolkien Houghton Mifflin Company,33,9.121212121212121,8.640959959050369
0618002227,"The Fellowship of the Ring (The Lord of the Rings, Part 1)",J. R. R. Tolkien,1999,Houghton Mifflin Company,http://images.amazon.com/images/P/0618002227.01.THUMBZZZ.jpg,http://images.amazon.com/images/P/0618002227.01.MZZZZZZZ.jpg,http://images.amazon.com/images/P/0618002227.01.LZZZZZZZ.jpg,"The Fellowship of the Ring (The Lord of the Rings, Part 1) J. R. R. Tolkien Houghton Mifflin Company",36,9.027777777777779,8.606622818386956
0679879242,"The Golden Compass (His Dark Materials, Book 1)",PHILIP PULLMAN,1996,Knopf Books for Young Readers,http://images.amazon.com/images/P/0679879242.01.THUMBZZZ.jpg,http://images.amazon.com/images/P/0679879242.01.MZZZZZZZ.jpg,http://images.amazon.com/images/P/0679879242.01.LZZZZZZZ.jpg,"The Golden Compass (His Dark Materials, Book 1) PHILIP PULLMAN Knopf Books for Young Readers",18,8.38888888888889,8.104496784991303
006101351X,The Perfect Storm : A True Story of Men Against the Sea,Sebastian Junger,1998,HarperTorch,http://images.amazon.com/images/P/006101351X.01.THUMBZZZ.jpg,http://images.amazon.com/images/P/006101351X.01.MZZZZZZZ.jpg,http://images.amazon.com/images/P/006101351X.01.LZZZZZZZ.jpg,The Perfect Storm : A True Story of Men Against the Sea Sebastian Junger HarperTorch,78,7.5,7.571131406425199
0449002632,London : The Novel,EDWARD RUTHERFURD,1998,Fawcett,http://images.amazon.com/images/P/0449002632.01.THUMBZZZ.jpg,http://images.amazon.com/images/P/0449002632.01.MZZZZZZZ.jpg,http://images.amazon.com/images/P/0449002632.01.LZZZZZZZ.jpg,London : The Novel EDWARD RUTHERFURD Fawcett,22,8.181818181818182,8.023116138801655
1573225126,Prozac Nation: Young and Depressed in America : A Memoir,Elizabeth Wurtzel,1997,Riverhead Books,http://images.amazon.com/images/P/1573225126.01.THUMBZZZ.jpg,http://images.amazon.com/images/P/1573225126.01.MZZZZZZZ.jpg,http://images.amazon.com/images/P/1573225126.01.LZZZZZZZ.jpg,Prozac Nation: Young and Depressed in America : A Memoir Elizabeth Wurtzel Riverhead Books,17,7.352941176470588,7.620834535937014
1878424319,The Four Agreements: A Practical Guide to Personal Freedom,Don Miguel Ruiz,1997,Amber-Allen Publishing,http://images.amazon.com/images/P/1878424319.01.THUMBZZZ.jpg,http://images.amazon.com/images/P/1878424319.01.MZZZZZZZ.jpg,http://images.amazon.com/images/P/1878424319.01.LZZZZZZZ.jpg,The Four Agreements: A Practical Guide to Personal Freedom Don Miguel Ruiz Amber-Allen Publishing,39,7.512820512820513,7.6266250479605
0452277337,Le Divorce (William Abrahams Book),Diane Johnson,1997,Plume Books,http://images.amazon.com/images/P/0452277337.01.THUMBZZZ.jpg,http://images.amazon.com/images/P/0452277337.01.MZZZZZZZ.jpg,http://images.amazon.com/images/P/0452277337.01.LZZZZZZZ.jpg,Le Divorce (William Abrahams Book) Diane Johnson Plume Books,14,6.714285714285714,7.3814964067549855
0805063897,Nickel and Dimed: On (Not) Getting By in America,Barbara Ehrenreich,2002,Owl Books,http://images.amazon.com/images/P/0805063897.01.THUMBZZZ.jpg,http://images.amazon.com/images/P/0805063897.01.MZZZZZZZ.jpg,http://images.amazon.com/images/P/0805063897.01.LZZZZZZZ.jpg,Nickel and Dimed: On (Not) Getting By in America Barbara Ehrenreich Owl Books,85,8.2,8.133055979330186
0451202341,Back Roads,Tawni O'Dell,2001,Signet Book,http://images.amazon.com/images/P/0451202341.01.THUMBZZZ.jpg,http://images.amazon.com/images/P/0451202341.01.MZZZZZZZ.jpg,http://images.amazon.com/images/P/0451202341.01.LZZZZZZZ.jpg,Back Roads Tawni O'Dell Signet Book,33,7.363636363636363,7.546620336408859
0743418190,In Her Shoes : A Novel,Jennifer Weiner,2002,Atria Books,http://images.amazon.com/images/P/0743418190.01.THUMBZZZ.jpg,http://images.amazon.com/images/P/0743418190.01.MZZZZZZZ.jpg,http://images.amazon.com/images/P/0743418190.01.LZZZZZZZ.jpg,In Her Shoes : A Novel Jennifer Weiner Atria Books,19,7.7368421052631575,7.794125072555628
0345441133,Summer Island,KRISTIN HANNAH,2002,Ballantine Books,http://images.amazon.com/images/P/0345441133.01.THUMBZZZ.jpg,http://images.amazon.com/images/P/0345441133.01.MZZZZZZZ.jpg,http://images.amazon.com/images/P/0345441133.01.LZZZZZZZ.jpg,Summer Island KRISTIN HANNAH Ballantine Books,19,7.315789473684211,7.588996867427423
0385490992,The Street Lawyer,John Grisham,1998,Doubleday Books,http://images.amazon.com/images/P/0385490992.01.THUMBZZZ.jpg,http://images.amazon.com/images/P/0385490992.01.MZZZZZZZ.jpg,http://images.amazon.com/images/P/0385490992.01.LZZZZZZZ.jpg,The Street Lawyer John Grisham Doubleday Books,45,7.288888888888889,7.461090428148761
0671888587,I'll Be Seeing You,Mary Higgins Clark,1994,Pocket,http://images.amazon.com/images/P/0671888587.01.THUMBZZZ.jpg,http://images.amazon.com/images/P/0671888587.01.MZZZZZZZ.jpg,http://images.amazon.com/images/P/0671888587.01.LZZZZZZZ.jpg,I'll Be Seeing You Mary Higgins Clark Pocket,32,7.40625,7.5763630351859526
0140179836,The Liar's Club: A Memoir,Mary Karr,1998,Penguin USA (Paper),http://images.amazon.com/images/P/0140179836.01.THUMBZZZ.jpg,http://images.amazon.com/images/P/0140179836.01.MZZZZZZZ.jpg,http://images.amazon.com/images/P/0140179836.01.LZZZZZZZ.jpg,The Liar's Club: A Memoir Mary Karr Penguin USA (Paper),28,7.928571428571429,7.895226621451448
0385496095,Traveling Mercies: Some Thoughts on Faith,Anne Lamott,2000,Anchor Books/Doubleday,http://images.amazon.com/images/P/0385496095.01.THUMBZZZ.jpg,http://images.amazon.com/images/P/0385496095.01.MZZZZZZZ.jpg,http://images.amazon.com/images/P/0385496095.01.LZZZZZZZ.jpg,Traveling Mercies: Some Thoughts on Faith Anne Lamott Anchor Books/Doubleday,17,8.235294117647058,8.02623994134242
068484267X,Angela's Ashes: A Memoir,Frank McCourt,1999,Scribner,http://images.amazon.com/images/P/068484267X.01.THUMBZZZ.jpg,http://images.amazon.com/images/P/068484267X.01.MZZZZZZZ.jpg,http://images.amazon.com/images/P/068484267X.01.LZZZZZZZ.jpg,Angela's Ashes: A Memoir Frank McCourt Scribner,74,8.432432432432432,8.308200827975208
1558743669,"A Child Called \It\"": One Child's Courage to Survive""",Dave Pelzer,1995,Health Communications,http://images.amazon.com/images/P/1558743669.01.THUMBZZZ.jpg,http://images.amazon.com/images/P/1558743669.01.MZZZZZZZ.jpg,http://images.amazon.com/images/P/1558743669.01.LZZZZZZZ.jpg,"A Child Called \It\"": One Child's Courage to Survive"" Dave Pelzer Health Communications",84,7.880952380952381,7.874719979131438
0345313860,"The Vampire Lestat (Vampire Chronicles, Book II)",ANNE RICE,1986,Ballantine Books,http://images.amazon.com/images/P/0345313860.01.THUMBZZZ.jpg,http://images.amazon.com/images/P/0345313860.01.MZZZZZZZ.jpg,http://images.amazon.com/images/P/0345313860.01.LZZZZZZZ.jpg,"The Vampire Lestat (Vampire Chronicles, Book II) ANNE RICE Ballantine Books",122,8.163934426229508,8.119513224152602
042517736X,Abduction,Robin Cook,2000,Berkley Publishing Group,http://images.amazon.com/images/P/042517736X.01.THUMBZZZ.jpg,http://images.amazon.com/images/P/042517736X.01.MZZZZZZZ.jpg,http://images.amazon.com/images/P/042517736X.01.LZZZZZZZ.jpg,Abduction Robin Cook Berkley Publishing Group,20,6.65,7.249271945741738
0671868713,And Never Let Her Go : Thomas Capano: The Deadly Seducer,Ann Rule,2000,Pocket,http://images.amazon.com/images/P/0671868713.01.THUMBZZZ.jpg,http://images.amazon.com/images/P/0671868713.01.MZZZZZZZ.jpg,http://images.amazon.com/images/P/0671868713.01.LZZZZZZZ.jpg,And Never Let Her Go : Thomas Capano: The Deadly Seducer Ann Rule Pocket,16,7.75,7.804746606379709
0140230165,The Te of Piglet,Benjamin Hoff,1993,Penguin Books,http://images.amazon.com/images/P/0140230165.01.THUMBZZZ.jpg,http://images.amazon.com/images/P/0140230165.01.MZZZZZZZ.jpg,http://images.amazon.com/images/P/0140230165.01.LZZZZZZZ.jpg,The Te of Piglet Benjamin Hoff Penguin Books,17,7.9411764705882355,7.891104806207285
0451184718,The Rosewood Casket,Sharyn McCrumb,1997,Signet Book,http://images.amazon.com/images/P/0451184718.01.THUMBZZZ.jpg,http://images.amazon.com/images/P/0451184718.01.MZZZZZZZ.jpg,http://images.amazon.com/images/P/0451184718.01.LZZZZZZZ.jpg,The Rosewood Casket Sharyn McCrumb Signet Book,13,7.846153846153846,7.847602358474834
0553564528,Guilty as Sin,TAMI HOAG,1997,Bantam,http://images.amazon.com/images/P/0553564528.01.THUMBZZZ.jpg,http://images.amazon.com/images/P/0553564528.01.MZZZZZZZ.jpg,http://images.amazon.com/images/P/0553564528.01.LZZZZZZZ.jpg,Guilty as Sin TAMI HOAG Bantam,29,7.689655172413793,7.754507710809582
0553576801,The Perfect Husband,LISA GARDNER,1997,Bantam,http://images.amazon.com/images/P/0553576801.01.THUMBZZZ.jpg,http://images.amazon.com/images/P/0553576801.01.MZZZZZZZ.jpg,http://images.amazon.com/images/P/0553576801.01.LZZZZZZZ.jpg,The Perfect Husband LISA GARDNER Bantam,31,7.32258064516129,7.528840741758225
055357695X,Out of the Shadows (Shadows Trilogy (Paperback)),Kay Hooper,2000,Bantam Books,http://images.amazon.com/images/P/055357695X.01.THUMBZZZ.jpg,http://images.amazon.com/images/P/055357695X.01.MZZZZZZZ.jpg,http://images.amazon.com/images/P/055357695X.01.LZZZZZZZ.jpg,Out of the Shadows (Shadows Trilogy (Paperback)) Kay Hooper Bantam Books,16,7.625,7.7491910508241535
0553583441,Touching Evil,Kay Hooper,2001,Bantam Books,http://images.amazon.com/images/P/0553583441.01.THUMBZZZ.jpg,http://images.amazon.com/images/P/0553583441.01.MZZZZZZZ.jpg,http://images.amazon.com/images/P/0553583441.01.LZZZZZZZ.jpg,Touching Evil Kay Hooper Bantam Books,25,7.44,7.621575062881545
0553583468,"Whisper of Evil (Hooper, Kay. Evil Trilogy.)",Kay Hooper,2002,Bantam Books,http://images.amazon.com/images/P/0553583468.01.THUMBZZZ.jpg,http://images.amazon.com/images/P/0553583468.01.MZZZZZZZ.jpg,http://images.amazon.com/images/P/0553583468.01.LZZZZZZZ.jpg,"Whisper of Evil (Hooper, Kay. Evil Trilogy.) Kay Hooper Bantam Books",28,7.5,7.645226621451448
0140293248,The Girls' Guide to Hunting and Fishing,Melissa Bank,2000,Penguin Books,http://images.amazon.com/images/P/0140293248.01.THUMBZZZ.jpg,http://images.amazon.com/images/P/0140293248.01.MZZZZZZZ.jpg,http://images.amazon.com/images/P/0140293248.01.LZZZZZZZ.jpg,The Girls' Guide to Hunting and Fishing Melissa Bank Penguin Books,114,6.745614035087719,6.910230431564697
0446610399,The Rescue,Nicholas Sparks,2001,Warner Books,http://images.amazon.com/images/P/0446610399.01.THUMBZZZ.jpg,http://images.amazon.com/images/P/0446610399.01.MZZZZZZZ.jpg,http://images.amazon.com/images/P/0446610399.01.LZZZZZZZ.jpg,The Rescue Nicholas Sparks Warner Books,67,7.462686567164179,7.551389400341028
015600710X,Strange Fits of Passion: A Novel,Anita Shreve,1999,Harvest Books,http://images.amazon.com/images/P/015600710X.01.THUMBZZZ.jpg,http://images.amazon.com/images/P/015600710X.01.MZZZZZZZ.jpg,http://images.amazon.com/images/P/015600710X.01.LZZZZZZZ.jpg,Strange Fits of Passion: A Novel Anita Shreve Harvest Books,20,8.45,8.149271945741738
0316735027,The True and Outstanding Adventures of the Hunt Sisters: A Novel,Elisabeth Robinson,2004,"Little, Brown",http://images.amazon.com/images/P/0316735027.01.THUMBZZZ.jpg,http://images.amazon.com/images/P/0316735027.01.MZZZZZZZ.jpg,http://images.amazon.com/images/P/0316735027.01.LZZZZZZZ.jpg,"The True and Outstanding Adventures of the Hunt Sisters: A Novel Elisabeth Robinson Little, Brown",18,8.277777777777779,8.051865206043935
193156146X,The Time Traveler's Wife,Audrey Niffenegger,2003,MacAdam/Cage Publishing,http://images.amazon.com/images/P/193156146X.01.THUMBZZZ.jpg,http://images.amazon.com/images/P/193156146X.01.MZZZZZZZ.jpg,http://images.amazon.com/images/P/193156146X.01.LZZZZZZZ.jpg,The Time Traveler's Wife Audrey Niffenegger MacAdam/Cage Publishing,21,9.476190476190476,8.682216532430964
0316603287,The Lake House,James Patterson,2003,"Little, Brown",http://images.amazon.com/images/P/0316603287.01.THUMBZZZ.jpg,http://images.amazon.com/images/P/0316603287.01.MZZZZZZZ.jpg,http://images.amazon.com/images/P/0316603287.01.LZZZZZZZ.jpg,"The Lake House James Patterson Little, Brown",38,6.894736842105263,7.223635824649474
0316693006,Four Blind Mice,James Patterson,2002,"Little, Brown",http://images.amazon.com/images/P/0316693006.01.THUMBZZZ.jpg,http://images.amazon.com/images/P/0316693006.01.MZZZZZZZ.jpg,http://images.amazon.com/images/P/0316693006.01.LZZZZZZZ.jpg,"Four Blind Mice James Patterson Little, Brown",48,8.520833333333334,8.323101144553965
0316769487,The Catcher in the Rye,J.D. Salinger,1991,"Little, Brown",http://images.amazon.com/images/P/0316769487.01.THUMBZZZ.jpg,http://images.amazon.com/images/P/0316769487.01.MZZZZZZZ.jpg,http://images.amazon.com/images/P/0316769487.01.LZZZZZZZ.jpg,"The Catcher in the Rye J.D. Salinger Little, Brown",155,7.638709677419355,7.662690730455254
0316779423,Barrel Fever : Stories and Essays (Barrel Fever),David Sedaris,1995,Back Bay Books,http://images.amazon.com/images/P/0316779423.01.THUMBZZZ.jpg,http://images.amazon.com/images/P/0316779423.01.MZZZZZZZ.jpg,http://images.amazon.com/images/P/0316779423.01.LZZZZZZZ.jpg,Barrel Fever : Stories and Essays (Barrel Fever) David Sedaris Back Bay Books,28,7.678571428571429,7.749393288118116
0316779490,Naked,David Sedaris,1997,Little Brown & Co,http://images.amazon.com/images/P/0316779490.01.THUMBZZZ.jpg,http://images.amazon.com/images/P/0316779490.01.MZZZZZZZ.jpg,http://images.amazon.com/images/P/0316779490.01.LZZZZZZZ.jpg,Naked David Sedaris Little Brown & Co,18,7.944444444444445,7.893970469201829
0316969443,Suzanne's Diary for Nicholas,James Patterson,2001,"Little, Brown",http://images.amazon.com/images/P/0316969443.01.THUMBZZZ.jpg,http://images.amazon.com/images/P/0316969443.01.MZZZZZZZ.jpg,http://images.amazon.com/images/P/0316969443.01.LZZZZZZZ.jpg,"Suzanne's Diary for Nicholas James Patterson Little, Brown",51,7.529411764705882,7.6193081384460495
0345339711,"The Two Towers (The Lord of the Rings, Part 2)",J.R.R. TOLKIEN,1986,Del Rey,http://images.amazon.com/images/P/0345339711.01.THUMBZZZ.jpg,http://images.amazon.com/images/P/0345339711.01.MZZZZZZZ.jpg,http://images.amazon.com/images/P/0345339711.01.LZZZZZZZ.jpg,"The Two Towers (The Lord of the Rings, Part 2) J.R.R. TOLKIEN Del Rey",68,9.235294117647058,8.92012361170079
0385420161,"Like Water for Chocolate: A Novel in Monthly Installments, With Recipes, Romances, and Home Remedies",Laura Esquivel,1992,Doubleday Books,http://images.amazon.com/images/P/0385420161.01.THUMBZZZ.jpg,http://images.amazon.com/images/P/0385420161.01.MZZZZZZZ.jpg,http://images.amazon.com/images/P/0385420161.01.LZZZZZZZ.jpg,"Like Water for Chocolate: A Novel in Monthly Installments, With Recipes, Romances, and Home Remedies Laura Esquivel Doubleday Books",40,8.2,8.082847963827824
0385505833,Skipping Christmas,JOHN GRISHAM,2001,Doubleday,http://images.amazon.com/images/P/0385505833.01.THUMBZZZ.jpg,http://images.amazon.com/images/P/0385505833.01.MZZZZZZZ.jpg,http://images.amazon.com/images/P/0385505833.01.LZZZZZZZ.jpg,Skipping Christmas JOHN GRISHAM Doubleday,83,7.566265060240964,7.621076483783199
0425184129,Big Trouble,Dave Barry,2002,Berkley Publishing Group,http://images.amazon.com/images/P/0425184129.01.THUMBZZZ.jpg,http://images.amazon.com/images/P/0425184129.01.MZZZZZZZ.jpg,http://images.amazon.com/images/P/0425184129.01.LZZZZZZZ.jpg,Big Trouble Dave Barry Berkley Publishing Group,20,7.1,7.474271945741737
0446523569,Message in a Bottle,Nicholas Sparks,1998,Warner Books,http://images.amazon.com/images/P/0446523569.01.THUMBZZZ.jpg,http://images.amazon.com/images/P/0446523569.01.MZZZZZZZ.jpg,http://images.amazon.com/images/P/0446523569.01.LZZZZZZZ.jpg,Message in a Bottle Nicholas Sparks Warner Books,27,8.0,7.935550592120629
0446525502,The Rescue,Nicholas Sparks,2000,Warner Books,http://images.amazon.com/images/P/0446525502.01.THUMBZZZ.jpg,http://images.amazon.com/images/P/0446525502.01.MZZZZZZZ.jpg,http://images.amazon.com/images/P/0446525502.01.LZZZZZZZ.jpg,The Rescue Nicholas Sparks Warner Books,28,8.535714285714286,8.249393288118116
0446525537,A Walk to Remember,Nicholas Sparks,1999,Warner Books,http://images.amazon.com/images/P/0446525537.01.THUMBZZZ.jpg,http://images.amazon.com/images/P/0446525537.01.MZZZZZZZ.jpg,http://images.amazon.com/images/P/0446525537.01.LZZZZZZZ.jpg,A Walk to Remember Nicholas Sparks Warner Books,25,7.56,7.688241729548212
0446527793,The Guardian,Nicholas Sparks,2003,Warner Books,http://images.amazon.com/images/P/0446527793.01.THUMBZZZ.jpg,http://images.amazon.com/images/P/0446527793.01.MZZZZZZZ.jpg,http://images.amazon.com/images/P/0446527793.01.LZZZZZZZ.jpg,The Guardian Nicholas Sparks Warner Books,27,8.185185185185185,8.041933570844034
0446531332,Nights in Rodanthe,Nicholas Sparks,2002,Warner Books,http://images.amazon.com/images/P/0446531332.01.THUMBZZZ.jpg,http://images.amazon.com/images/P/0446531332.01.MZZZZZZZ.jpg,http://images.amazon.com/images/P/0446531332.01.LZZZZZZZ.jpg,Nights in Rodanthe Nicholas Sparks Warner Books,48,7.833333333333333,7.837807026906905
0671042556,Blackbird: A Childhood Lost and Found,Jennifer Lauck,2000,Atria,http://images.amazon.com/images/P/0671042556.01.THUMBZZZ.jpg,http://images.amazon.com/images/P/0671042556.01.MZZZZZZZ.jpg,http://images.amazon.com/images/P/0671042556.01.LZZZZZZZ.jpg,Blackbird: A Childhood Lost and Found Jennifer Lauck Atria,13,8.384615384615385,8.059723570596047
0679442790,The Reader,Bernhard Schlink,1997,Random House,http://images.amazon.com/images/P/0679442790.01.THUMBZZZ.jpg,http://images.amazon.com/images/P/0679442790.01.MZZZZZZZ.jpg,http://images.amazon.com/images/P/0679442790.01.LZZZZZZZ.jpg,The Reader Bernhard Schlink Random House,27,7.407407407407407,7.595125060205735
0679746048,"Girl, Interrupted",SUSANNA KAYSEN,1994,Vintage,http://images.amazon.com/images/P/0679746048.01.THUMBZZZ.jpg,http://images.amazon.com/images/P/0679746048.01.MZZZZZZZ.jpg,http://images.amazon.com/images/P/0679746048.01.LZZZZZZZ.jpg,"Girl, Interrupted SUSANNA KAYSEN Vintage",94,7.340425531914893,7.429569103769031
0061092606,Sacred Clowns (Joe Leaphorn/Jim Chee Novels),Tony Hillerman,1994,HarperTorch,http://images.amazon.com/images/P/0061092606.01.THUMBZZZ.jpg,http://images.amazon.com/images/P/0061092606.01.MZZZZZZZ.jpg,http://images.amazon.com/images/P/0061092606.01.LZZZZZZZ.jpg,Sacred Clowns (Joe Leaphorn/Jim Chee Novels) Tony Hillerman HarperTorch,18,7.888888888888889,7.867654679728146
0671894455,FORREST GUMP (Movie Tie in),Winston Groom,1994,Pocket,http://images.amazon.com/images/P/0671894455.01.THUMBZZZ.jpg,http://images.amazon.com/images/P/0671894455.01.MZZZZZZZ.jpg,http://images.amazon.com/images/P/0671894455.01.LZZZZZZZ.jpg,FORREST GUMP (Movie Tie in) Winston Groom Pocket,38,7.078947368421052,7.3443254798218875
0743222229,George W. Bushisms : The Slate Book of The Accidental Wit and Wisdom of our 43rd President,Jacob Weisberg,2001,Fireside,http://images.amazon.com/images/P/0743222229.01.THUMBZZZ.jpg,http://images.amazon.com/images/P/0743222229.01.MZZZZZZZ.jpg,http://images.amazon.com/images/P/0743222229.01.LZZZZZZZ.jpg,George W. Bushisms : The Slate Book of The Accidental Wit and Wisdom of our 43rd President Jacob Weisberg Fireside,12,8.583333333333334,8.124089932177172
1853260002,Pride & Prejudice (Wordsworth Classics),Jane Austen,1997,NTC/Contemporary Publishing Company,http://images.amazon.com/images/P/1853260002.01.THUMBZZZ.jpg,http://images.amazon.com/images/P/1853260002.01.MZZZZZZZ.jpg,http://images.amazon.com/images/P/1853260002.01.LZZZZZZZ.jpg,Pride & Prejudice (Wordsworth Classics) Jane Austen NTC/Contemporary Publishing Company,15,8.0,7.913453652276271
2253063339,Les Fourmis,Bernard Werber,2002,LGF,http://images.amazon.com/images/P/2253063339.01.THUMBZZZ.jpg,http://images.amazon.com/images/P/2253063339.01.MZZZZZZZ.jpg,http://images.amazon.com/images/P/2253063339.01.LZZZZZZZ.jpg,Les Fourmis Bernard Werber LGF,5,8.0,7.878835113186781
0345391802,The Hitchhiker's Guide to the Galaxy,Douglas Adams,1995,Ballantine Books,http://images.amazon.com/images/P/0345391802.01.THUMBZZZ.jpg,http://images.amazon.com/images/P/0345391802.01.MZZZZZZZ.jpg,http://images.amazon.com/images/P/0345391802.01.LZZZZZZZ.jpg,The Hitchhiker's Guide to the Galaxy Douglas Adams Ballantine Books,53,8.320754716981131,8.191381888077665
0440219078,The Giver (21st Century Reference),LOIS LOWRY,1994,Laure Leaf,http://images.amazon.com/images/P/0440219078.01.THUMBZZZ.jpg,http://images.amazon.com/images/P/0440219078.01.MZZZZZZZ.jpg,http://images.amazon.com/images/P/0440219078.01.LZZZZZZZ.jpg,The Giver (21st Century Reference) LOIS LOWRY Laure Leaf,42,8.619047619047619,8.370498029510799
0060256672,Where the Sidewalk Ends : Poems and Drawings,Shel Silverstein,1974,HarperCollins,http://images.amazon.com/images/P/0060256672.01.THUMBZZZ.jpg,http://images.amazon.com/images/P/0060256672.01.MZZZZZZZ.jpg,http://images.amazon.com/images/P/0060256672.01.LZZZZZZZ.jpg,Where the Sidewalk Ends : Poems and Drawings Shel Silverstein HarperCollins,21,9.619047619047619,8.755387264138282
0060928336,Divine Secrets of the Ya-Ya Sisterhood: A Novel,Rebecca Wells,1997,Perennial,http://images.amazon.com/images/P/0060928336.01.THUMBZZZ.jpg,http://images.amazon.com/images/P/0060928336.01.MZZZZZZZ.jpg,http://images.amazon.com/images/P/0060928336.01.LZZZZZZZ.jpg,Divine Secrets of the Ya-Ya Sisterhood: A Novel Rebecca Wells Perennial,205,7.926829268292683,7.919870568131865
0140077022,White Noise (Contemporary American Fiction),Don DeLillo,1991,Penguin Books,http://images.amazon.com/images/P/0140077022.01.THUMBZZZ.jpg,http://images.amazon.com/images/P/0140077022.01.MZZZZZZZ.jpg,http://images.amazon.com/images/P/0140077022.01.LZZZZZZZ.jpg,White Noise (Contemporary American Fiction) Don DeLillo Penguin Books,17,7.647058823529412,7.75596967107215
0316777730,Naked,David Sedaris,1998,Back Bay Books,http://images.amazon.com/images/P/0316777730.01.THUMBZZZ.jpg,http://images.amazon.com/images/P/0316777730.01.MZZZZZZZ.jpg,http://images.amazon.com/images/P/0316777730.01.LZZZZZZZ.jpg,Naked David Sedaris Back Bay Books,47,8.106382978723405,8.029416087009993
038001503X,One Hundred Years of Solitude,Gabriel Garcia Marquez,1970,Avon Books,http://images.amazon.com/images/P/038001503X.01.THUMBZZZ.jpg,http://images.amazon.com/images/P/038001503X.01.MZZZZZZZ.jpg,http://images.amazon.com/images/P/038001503X.01.LZZZZZZZ.jpg,One Hundred Years of Solitude Gabriel Garcia Marquez Avon Books,6,8.5,7.998879916525751
039592720X,Interpreter of Maladies,Jhumpa Lahiri,1999,Houghton Mifflin Co,http://images.amazon.com/images/P/039592720X.01.THUMBZZZ.jpg,http://images.amazon.com/images/P/039592720X.01.MZZZZZZZ.jpg,http://images.amazon.com/images/P/039592720X.01.LZZZZZZZ.jpg,Interpreter of Maladies Jhumpa Lahiri Houghton Mifflin Co,39,8.538461538461538,8.304591149655415
0440215625,Dragonfly in Amber,DIANA GABALDON,1993,Dell,http://images.amazon.com/images/P/0440215625.01.THUMBZZZ.jpg,http://images.amazon.com/images/P/0440215625.01.MZZZZZZZ.jpg,http://images.amazon.com/images/P/0440215625.01.LZZZZZZZ.jpg,Dragonfly in Amber DIANA GABALDON Dell,59,8.59322033898305,8.404694656071765
0553268449,JITTERBUG PERFUME,TOM ROBBINS,1985,Bantam,http://images.amazon.com/images/P/0553268449.01.THUMBZZZ.jpg,http://images.amazon.com/images/P/0553268449.01.MZZZZZZZ.jpg,http://images.amazon.com/images/P/0553268449.01.LZZZZZZZ.jpg,JITTERBUG PERFUME TOM ROBBINS Bantam,21,7.9523809523809526,7.901728727552915
0671003755,She's Come Undone (Oprah's Book Club (Paperback)),Wally Lamb,1996,Washington Square Press,http://images.amazon.com/images/P/0671003755.01.THUMBZZZ.jpg,http://images.amazon.com/images/P/0671003755.01.MZZZZZZZ.jpg,http://images.amazon.com/images/P/0671003755.01.LZZZZZZZ.jpg,She's Come Undone (Oprah's Book Club (Paperback)) Wally Lamb Washington Square Press,138,7.4855072463768115,7.531461252086516
0679732764,Invisible Man,Ralph Ellison,1995,Vintage Books USA,http://images.amazon.com/images/P/0679732764.01.THUMBZZZ.jpg,http://images.amazon.com/images/P/0679732764.01.MZZZZZZZ.jpg,http://images.amazon.com/images/P/0679732764.01.LZZZZZZZ.jpg,Invisible Man Ralph Ellison Vintage Books USA,18,8.555555555555555,8.183444153412356
0877733759,Writing Down the Bones,NATALIE GOLDBERG,1986,Shambhala,http://images.amazon.com/images/P/0877733759.01.THUMBZZZ.jpg,http://images.amazon.com/images/P/0877733759.01.MZZZZZZZ.jpg,http://images.amazon.com/images/P/0877733759.01.LZZZZZZZ.jpg,Writing Down the Bones NATALIE GOLDBERG Shambhala,21,8.952380952380953,8.413923849504135
0345384466,The Witching Hour (Lives of the Mayfair Witches),ANNE RICE,1993,Ballantine Books,http://images.amazon.com/images/P/0345384466.01.THUMBZZZ.jpg,http://images.amazon.com/images/P/0345384466.01.MZZZZZZZ.jpg,http://images.amazon.com/images/P/0345384466.01.LZZZZZZZ.jpg,The Witching Hour (Lives of the Mayfair Witches) ANNE RICE Ballantine Books,78,8.012820512820513,7.9792946717313225
0446364193,Along Came a Spider (Alex Cross Novels),James Patterson,1993,Warner Books,http://images.amazon.com/images/P/0446364193.01.THUMBZZZ.jpg,http://images.amazon.com/images/P/0446364193.01.MZZZZZZZ.jpg,http://images.amazon.com/images/P/0446364193.01.LZZZZZZZ.jpg,Along Came a Spider (Alex Cross Novels) James Patterson Warner Books,84,8.273809523809524,8.19202767143913
0451124340,Different Seasons,Stephen King,1983,Penguin Putnam~mass,http://images.amazon.com/images/P/0451124340.01.THUMBZZZ.jpg,http://images.amazon.com/images/P/0451124340.01.MZZZZZZZ.jpg,http://images.amazon.com/images/P/0451124340.01.LZZZZZZZ.jpg,Different Seasons Stephen King Penguin Putnam~mass,21,8.476190476190476,8.170021410479745
0671726889,CUCKOO'S EGG,Clifford Stoll,1990,Pocket,http://images.amazon.com/images/P/0671726889.01.THUMBZZZ.jpg,http://images.amazon.com/images/P/0671726889.01.MZZZZZZZ.jpg,http://images.amazon.com/images/P/0671726889.01.LZZZZZZZ.jpg,CUCKOO'S EGG Clifford Stoll Pocket,15,7.6,7.7420250808477
0064401847,Bridge to Terabithia,Katherine Paterson,1987,HarperTrophy,http://images.amazon.com/images/P/0064401847.01.THUMBZZZ.jpg,http://images.amazon.com/images/P/0064401847.01.MZZZZZZZ.jpg,http://images.amazon.com/images/P/0064401847.01.LZZZZZZZ.jpg,Bridge to Terabithia Katherine Paterson HarperTrophy,27,8.222222222222221,8.063210166588714
0373218400,Table For Two,Nora Roberts,2002,Silhouette,http://images.amazon.com/images/P/0373218400.01.THUMBZZZ.jpg,http://images.amazon.com/images/P/0373218400.01.MZZZZZZZ.jpg,http://images.amazon.com/images/P/0373218400.01.LZZZZZZZ.jpg,Table For Two Nora Roberts Silhouette,23,6.6521739130434785,7.208625065806268
0373484224,Stanislaski Brothers (Silhouette Promo),Nora Roberts,2000,Silhouette,http://images.amazon.com/images/P/0373484224.01.THUMBZZZ.jpg,http://images.amazon.com/images/P/0373484224.01.MZZZZZZZ.jpg,http://images.amazon.com/images/P/0373484224.01.LZZZZZZZ.jpg,Stanislaski Brothers (Silhouette Promo) Nora Roberts Silhouette,29,6.896551724137931,7.2851199557075415
0425179672,The River King,Alice Hoffman,2001,Berkley Publishing Group,http://images.amazon.com/images/P/0425179672.01.THUMBZZZ.jpg,http://images.amazon.com/images/P/0425179672.01.MZZZZZZZ.jpg,http://images.amazon.com/images/P/0425179672.01.LZZZZZZZ.jpg,The River King Alice Hoffman Berkley Publishing Group,21,7.761904761904762,7.804167751943159
0515135062,Three Fates,Nora Roberts,2004,Jove Books,http://images.amazon.com/images/P/0515135062.01.THUMBZZZ.jpg,http://images.amazon.com/images/P/0515135062.01.MZZZZZZZ.jpg,http://images.amazon.com/images/P/0515135062.01.LZZZZZZZ.jpg,Three Fates Nora Roberts Jove Books,42,7.880952380952381,7.870498029510799
0517556278,Mammoth Hunters (Earth's Children),Jean M. Auel,1990,Crown Publishers,http://images.amazon.com/images/P/0517556278.01.THUMBZZZ.jpg,http://images.amazon.com/images/P/0517556278.01.MZZZZZZZ.jpg,http://images.amazon.com/images/P/0517556278.01.LZZZZZZZ.jpg,Mammoth Hunters (Earth's Children) Jean M. Auel Crown Publishers,18,7.888888888888889,7.867654679728146
0553250426,The Clan of the Cave Bear (Earth's Children (Paperback)),Jean M. Auel,1984,Bantam Books,http://images.amazon.com/images/P/0553250426.01.THUMBZZZ.jpg,http://images.amazon.com/images/P/0553250426.01.MZZZZZZZ.jpg,http://images.amazon.com/images/P/0553250426.01.LZZZZZZZ.jpg,The Clan of the Cave Bear (Earth's Children (Paperback)) Jean M. Auel Bantam Books,69,8.376811594202898,8.258099750895163
0553280589,Eva Luna,Isabel Allende,1989,Bantam Books,http://images.amazon.com/images/P/0553280589.01.THUMBZZZ.jpg,http://images.amazon.com/images/P/0553280589.01.MZZZZZZZ.jpg,http://images.amazon.com/images/P/0553280589.01.LZZZZZZZ.jpg,Eva Luna Isabel Allende Bantam Books,17,8.470588235294118,8.134348049450528
0553572997,The Alienist,Caleb Carr,1995,Bantam Books,http://images.amazon.com/images/P/0553572997.01.THUMBZZZ.jpg,http://images.amazon.com/images/P/0553572997.01.MZZZZZZZ.jpg,http://images.amazon.com/images/P/0553572997.01.LZZZZZZZ.jpg,The Alienist Caleb Carr Bantam Books,84,7.666666666666667,7.701643056054515
067101420X,"Forever... : A Novel of Good and Evil, Love and Hope",Jude Deveraux,2002,Pocket,http://images.amazon.com/images/P/067101420X.01.THUMBZZZ.jpg,http://images.amazon.com/images/P/067101420X.01.MZZZZZZZ.jpg,http://images.amazon.com/images/P/067101420X.01.LZZZZZZZ.jpg,"Forever... : A Novel of Good and Evil, Love and Hope Jude Deveraux Pocket",27,6.925925925925926,7.318529315524884
0679429220,Midnight in the Garden of Good and Evil: A Savannah Story,John Berendt,1994,Random House,http://images.amazon.com/images/P/0679429220.01.THUMBZZZ.jpg,http://images.amazon.com/images/P/0679429220.01.MZZZZZZZ.jpg,http://images.amazon.com/images/P/0679429220.01.LZZZZZZZ.jpg,Midnight in the Garden of Good and Evil: A Savannah Story John Berendt Random House,76,7.855263157894737,7.853863310725724
067976402X,Snow Falling on Cedars,David Guterson,1995,Vintage Books USA,http://images.amazon.com/images/P/067976402X.01.THUMBZZZ.jpg,http://images.amazon.com/images/P/067976402X.01.MZZZZZZZ.jpg,http://images.amazon.com/images/P/067976402X.01.LZZZZZZZ.jpg,Snow Falling on Cedars David Guterson Vintage Books USA,154,7.746753246753247,7.758453320860171
0385314744,Rush Limbaugh Is a Big Fat Idiot: And Other Observations,Al Franken,1996,Delacorte Press,http://images.amazon.com/images/P/0385314744.01.THUMBZZZ.jpg,http://images.amazon.com/images/P/0385314744.01.MZZZZZZZ.jpg,http://images.amazon.com/images/P/0385314744.01.LZZZZZZZ.jpg,Rush Limbaugh Is a Big Fat Idiot: And Other Observations Al Franken Delacorte Press,13,7.0,7.5142690251415
0439404371,The Thief Lord,Cornelia Funke,2002,Scholastic,http://images.amazon.com/images/P/0439404371.01.THUMBZZZ.jpg,http://images.amazon.com/images/P/0439404371.01.MZZZZZZZ.jpg,http://images.amazon.com/images/P/0439404371.01.LZZZZZZZ.jpg,The Thief Lord Cornelia Funke Scholastic,23,8.26086956521739,8.069090182085336
0440224624,The Loop,Nicholas Evans,1999,Dell Publishing Company,http://images.amazon.com/images/P/0440224624.01.THUMBZZZ.jpg,http://images.amazon.com/images/P/0440224624.01.MZZZZZZZ.jpg,http://images.amazon.com/images/P/0440224624.01.LZZZZZZZ.jpg,The Loop Nicholas Evans Dell Publishing Company,38,7.052631578947368,7.327084100511543
0451169530,The Stand: Complete and Uncut,Stephen King,1991,Signet Book,http://images.amazon.com/images/P/0451169530.01.THUMBZZZ.jpg,http://images.amazon.com/images/P/0451169530.01.MZZZZZZZ.jpg,http://images.amazon.com/images/P/0451169530.01.LZZZZZZZ.jpg,The Stand: Complete and Uncut Stephen King Signet Book,57,8.543859649122806,8.36325815363207
0553234811,"Valley of the Horses (Auel, Jean M. , Earth's Children.)",Jean M. Auel,1983,Bantam Doubleday Dell,http://images.amazon.com/images/P/0553234811.01.THUMBZZZ.jpg,http://images.amazon.com/images/P/0553234811.01.MZZZZZZZ.jpg,http://images.amazon.com/images/P/0553234811.01.LZZZZZZZ.jpg,"Valley of the Horses (Auel, Jean M. , Earth's Children.) Jean M. Auel Bantam Doubleday Dell",21,7.571428571428571,7.706606776333403
0553296981,Anne Frank: The Diary of a Young Girl,ANNE FRANK,1993,Bantam,http://images.amazon.com/images/P/0553296981.01.THUMBZZZ.jpg,http://images.amazon.com/images/P/0553296981.01.MZZZZZZZ.jpg,http://images.amazon.com/images/P/0553296981.01.LZZZZZZZ.jpg,Anne Frank: The Diary of a Young Girl ANNE FRANK Bantam,60,8.766666666666667,8.53713597287087
0671617028,The Color Purple,Alice Walker,1985,Pocket Books,http://images.amazon.com/images/P/0671617028.01.THUMBZZZ.jpg,http://images.amazon.com/images/P/0671617028.01.MZZZZZZZ.jpg,http://images.amazon.com/images/P/0671617028.01.LZZZZZZZ.jpg,The Color Purple Alice Walker Pocket Books,46,8.652173913043478,8.408649664085903
0142000663,The Grapes of Wrath: John Steinbeck Centennial Edition (1902-2002),John Steinbeck,2002,Penguin Books,http://images.amazon.com/images/P/0142000663.01.THUMBZZZ.jpg,http://images.amazon.com/images/P/0142000663.01.MZZZZZZZ.jpg,http://images.amazon.com/images/P/0142000663.01.LZZZZZZZ.jpg,The Grapes of Wrath: John Steinbeck Centennial Edition (1902-2002) John Steinbeck Penguin Books,20,9.0,8.424271945741738
0380012863,Jonathan Livingston Seagull,Richard Bach,1976,Avon,http://images.amazon.com/images/P/0380012863.01.THUMBZZZ.jpg,http://images.amazon.com/images/P/0380012863.01.MZZZZZZZ.jpg,http://images.amazon.com/images/P/0380012863.01.LZZZZZZZ.jpg,Jonathan Livingston Seagull Richard Bach Avon,40,8.05,7.982847963827826
0394404289,The Prophet,Kahlil Gibran,1973,Alfred A. Knopf,http://images.amazon.com/images/P/0394404289.01.THUMBZZZ.jpg,http://images.amazon.com/images/P/0394404289.01.MZZZZZZZ.jpg,http://images.amazon.com/images/P/0394404289.01.LZZZZZZZ.jpg,The Prophet Kahlil Gibran Alfred A. Knopf,16,8.875,8.304746606379709
0552996009,Notes From a Small Planet,Bill Bryson,0,Bantam Doubleday Dell,http://images.amazon.com/images/P/0552996009.01.THUMBZZZ.jpg,http://images.amazon.com/images/P/0552996009.01.MZZZZZZZ.jpg,http://images.amazon.com/images/P/0552996009.01.LZZZZZZZ.jpg,Notes From a Small Planet Bill Bryson Bantam Doubleday Dell,15,8.066666666666666,7.942025080847699
0552998001,Blackberry Wine,Joanne Harris,2001,Black Swan,http://images.amazon.com/images/P/0552998001.01.THUMBZZZ.jpg,http://images.amazon.com/images/P/0552998001.01.MZZZZZZZ.jpg,http://images.amazon.com/images/P/0552998001.01.LZZZZZZZ.jpg,Blackberry Wine Joanne Harris Black Swan,22,7.863636363636363,7.8564494721349885
006092988X,A Tree Grows in Brooklyn,Betty Smith,1998,Perennial,http://images.amazon.com/images/P/006092988X.01.THUMBZZZ.jpg,http://images.amazon.com/images/P/006092988X.01.MZZZZZZZ.jpg,http://images.amazon.com/images/P/006092988X.01.LZZZZZZZ.jpg,A Tree Grows in Brooklyn Betty Smith Perennial,25,9.28,8.643797285103766
038531258X,Cold Sassy Tree,Olive Ann Burns,1986,Delta,http://images.amazon.com/images/P/038531258X.01.THUMBZZZ.jpg,http://images.amazon.com/images/P/038531258X.01.MZZZZZZZ.jpg,http://images.amazon.com/images/P/038531258X.01.LZZZZZZZ.jpg,Cold Sassy Tree Olive Ann Burns Delta,23,7.913043478260869,7.883043670457431
0446310786,To Kill a Mockingbird,Harper Lee,1988,Little Brown & Company,http://images.amazon.com/images/P/0446310786.01.THUMBZZZ.jpg,http://images.amazon.com/images/P/0446310786.01.MZZZZZZZ.jpg,http://images.amazon.com/images/P/0446310786.01.LZZZZZZZ.jpg,To Kill a Mockingbird Harper Lee Little Brown & Company,151,9.066225165562914,8.923806303097482
0375726403,Empire Falls,Richard Russo,2002,Vintage Books USA,http://images.amazon.com/images/P/0375726403.01.THUMBZZZ.jpg,http://images.amazon.com/images/P/0375726403.01.MZZZZZZZ.jpg,http://images.amazon.com/images/P/0375726403.01.LZZZZZZZ.jpg,Empire Falls Richard Russo Vintage Books USA,99,7.797979797979798,7.8064779649552065
0553377868,The Flanders Panel,ARTURO PEREZ-REVERTE,1996,Bantam,http://images.amazon.com/images/P/0553377868.01.THUMBZZZ.jpg,http://images.amazon.com/images/P/0553377868.01.MZZZZZZZ.jpg,http://images.amazon.com/images/P/0553377868.01.LZZZZZZZ.jpg,The Flanders Panel ARTURO PEREZ-REVERTE Bantam,24,8.125,7.999338132492489
0609608444,"The Devil in the White City : Murder, Magic, and Madness at the Fair That Changed America (Illinois)",ERIK LARSON,2003,Crown,http://images.amazon.com/images/P/0609608444.01.THUMBZZZ.jpg,http://images.amazon.com/images/P/0609608444.01.MZZZZZZZ.jpg,http://images.amazon.com/images/P/0609608444.01.LZZZZZZZ.jpg,"The Devil in the White City : Murder, Magic, and Madness at the Fair That Changed America (Illinois) ERIK LARSON Crown",22,8.727272727272727,8.308830424515941
0767902521,A Walk in the Woods: Rediscovering America on the Appalachian Trail (Official Guides to the Appalachian Trail),Bill Bryson,1999,Broadway Books,http://images.amazon.com/images/P/0767902521.01.THUMBZZZ.jpg,http://images.amazon.com/images/P/0767902521.01.MZZZZZZZ.jpg,http://images.amazon.com/images/P/0767902521.01.LZZZZZZZ.jpg,A Walk in the Woods: Rediscovering America on the Appalachian Trail (Official Guides to the Appalachian Trail) Bill Bryson Broadway Books,54,8.203703703703704,8.107714565265805
014131088X,Speak,Laurie Halse Anderson,2001,Speak,http://images.amazon.com/images/P/014131088X.01.THUMBZZZ.jpg,http://images.amazon.com/images/P/014131088X.01.MZZZZZZZ.jpg,http://images.amazon.com/images/P/014131088X.01.LZZZZZZZ.jpg,Speak Laurie Halse Anderson Speak,28,8.25,8.082726621451448
0345325818,The Silmarillion,J.R.R. TOLKIEN,1985,Del Rey,http://images.amazon.com/images/P/0345325818.01.THUMBZZZ.jpg,http://images.amazon.com/images/P/0345325818.01.MZZZZZZZ.jpg,http://images.amazon.com/images/P/0345325818.01.LZZZZZZZ.jpg,The Silmarillion J.R.R. TOLKIEN Del Rey,21,8.571428571428571,8.218801898284623
0064407667,"The Bad Beginning (A Series of Unfortunate Events, Book 1)",Lemony Snicket,1999,HarperCollins,http://images.amazon.com/images/P/0064407667.01.THUMBZZZ.jpg,http://images.amazon.com/images/P/0064407667.01.MZZZZZZZ.jpg,http://images.amazon.com/images/P/0064407667.01.LZZZZZZZ.jpg,"The Bad Beginning (A Series of Unfortunate Events, Book 1) Lemony Snicket HarperCollins",84,7.642857142857143,7.682412286823745
0385472951,The Partner,John Grisham,1997,Doubleday Books,http://images.amazon.com/images/P/0385472951.01.THUMBZZZ.jpg,http://images.amazon.com/images/P/0385472951.01.MZZZZZZZ.jpg,http://images.amazon.com/images/P/0385472951.01.LZZZZZZZ.jpg,The Partner John Grisham Doubleday Books,43,7.627906976744186,7.697950441740786
0385493800,The Testament,John Grisham,1999,Doubleday Books,http://images.amazon.com/images/P/0385493800.01.THUMBZZZ.jpg,http://images.amazon.com/images/P/0385493800.01.MZZZZZZZ.jpg,http://images.amazon.com/images/P/0385493800.01.LZZZZZZZ.jpg,The Testament John Grisham Doubleday Books,41,7.2439024390243905,7.442145538191303
0553377876,Half Asleep in Frog Pajamas,Tom Robbins,1995,Bantam,http://images.amazon.com/images/P/0553377876.01.THUMBZZZ.jpg,http://images.amazon.com/images/P/0553377876.01.MZZZZZZZ.jpg,http://images.amazon.com/images/P/0553377876.01.LZZZZZZZ.jpg,Half Asleep in Frog Pajamas Tom Robbins Bantam,14,6.5,7.293261112637339
0070212570,Fried Green Tomatoes at the Whistle Stop Cafe,Fannie Flagg,1989,McGraw-Hill,http://images.amazon.com/images/P/0070212570.01.THUMBZZZ.jpg,http://images.amazon.com/images/P/0070212570.01.MZZZZZZZ.jpg,http://images.amazon.com/images/P/0070212570.01.LZZZZZZZ.jpg,Fried Green Tomatoes at the Whistle Stop Cafe Fannie Flagg McGraw-Hill,63,8.571428571428571,8.39723949192373
0312243022,The Hours : A Novel,Michael Cunningham,2000,Picador,http://images.amazon.com/images/P/0312243022.01.THUMBZZZ.jpg,http://images.amazon.com/images/P/0312243022.01.MZZZZZZZ.jpg,http://images.amazon.com/images/P/0312243022.01.LZZZZZZZ.jpg,The Hours : A Novel Michael Cunningham Picador,42,7.309523809523809,7.48340125531725
0312983824,Faking It,Jennifer Crusie,2003,St. Martin's Paperbacks,http://images.amazon.com/images/P/0312983824.01.THUMBZZZ.jpg,http://images.amazon.com/images/P/0312983824.01.MZZZZZZZ.jpg,http://images.amazon.com/images/P/0312983824.01.LZZZZZZZ.jpg,Faking It Jennifer Crusie St. Martin's Paperbacks,40,7.45,7.582847963827826
0345370805,How to Make an American Quilt,Whitney Otto,1992,Ballantine Books,http://images.amazon.com/images/P/0345370805.01.THUMBZZZ.jpg,http://images.amazon.com/images/P/0345370805.01.MZZZZZZZ.jpg,http://images.amazon.com/images/P/0345370805.01.LZZZZZZZ.jpg,How to Make an American Quilt Whitney Otto Ballantine Books,31,7.032258064516129,7.352370153522932
0375703055,Ellen Foster,Kaye Gibbons,1997,Vintage Books,http://images.amazon.com/images/P/0375703055.01.THUMBZZZ.jpg,http://images.amazon.com/images/P/0375703055.01.MZZZZZZZ.jpg,http://images.amazon.com/images/P/0375703055.01.LZZZZZZZ.jpg,Ellen Foster Kaye Gibbons Vintage Books,56,7.571428571428571,7.644353655653546
0385480016,Bird by Bird: Some Instructions on Writing and Life,Anne Lamott,1995,Anchor,http://images.amazon.com/images/P/0385480016.01.THUMBZZZ.jpg,http://images.amazon.com/images/P/0385480016.01.MZZZZZZZ.jpg,http://images.amazon.com/images/P/0385480016.01.LZZZZZZZ.jpg,Bird by Bird: Some Instructions on Writing and Life Anne Lamott Anchor,16,8.4375,8.110302161935264
0394758285,The Big Sleep,Raymond Chandler,1992,Vintage Books USA,http://images.amazon.com/images/P/0394758285.01.THUMBZZZ.jpg,http://images.amazon.com/images/P/0394758285.01.MZZZZZZZ.jpg,http://images.amazon.com/images/P/0394758285.01.LZZZZZZZ.jpg,The Big Sleep Raymond Chandler Vintage Books USA,14,8.285714285714286,8.028555230284397
0446673544,Sex & the City,Candace Bushnell,1997,Warner Books,http://images.amazon.com/images/P/0446673544.01.THUMBZZZ.jpg,http://images.amazon.com/images/P/0446673544.01.MZZZZZZZ.jpg,http://images.amazon.com/images/P/0446673544.01.LZZZZZZZ.jpg,Sex & the City Candace Bushnell Warner Books,32,6.25,6.864824573647491
0449149676,On Mystic Lake,Kristin Hannah,2000,Ballantine Books,http://images.amazon.com/images/P/0449149676.01.THUMBZZZ.jpg,http://images.amazon.com/images/P/0449149676.01.MZZZZZZZ.jpg,http://images.amazon.com/images/P/0449149676.01.LZZZZZZZ.jpg,On Mystic Lake Kristin Hannah Ballantine Books,20,8.1,7.974271945741737
0671004565,We'll Meet Again,Mary Higgins Clark,2000,Pocket,http://images.amazon.com/images/P/0671004565.01.THUMBZZZ.jpg,http://images.amazon.com/images/P/0671004565.01.MZZZZZZZ.jpg,http://images.amazon.com/images/P/0671004565.01.LZZZZZZZ.jpg,We'll Meet Again Mary Higgins Clark Pocket,25,7.28,7.532686173992657
0671793489,All Around the Town,Mary Higgins Clark,1993,Pocket Star,http://images.amazon.com/images/P/0671793489.01.THUMBZZZ.jpg,http://images.amazon.com/images/P/0671793489.01.MZZZZZZZ.jpg,http://images.amazon.com/images/P/0671793489.01.LZZZZZZZ.jpg,All Around the Town Mary Higgins Clark Pocket Star,38,8.289473684210526,8.13742892809775
0679772677,A Civil Action,JONATHAN HARR,1996,Vintage,http://images.amazon.com/images/P/0679772677.01.THUMBZZZ.jpg,http://images.amazon.com/images/P/0679772677.01.MZZZZZZZ.jpg,http://images.amazon.com/images/P/0679772677.01.LZZZZZZZ.jpg,A Civil Action JONATHAN HARR Vintage,23,8.043478260869565,7.952811112317896
0743418174,Good in Bed,Jennifer Weiner,2002,Washington Square Press,http://images.amazon.com/images/P/0743418174.01.THUMBZZZ.jpg,http://images.amazon.com/images/P/0743418174.01.MZZZZZZZ.jpg,http://images.amazon.com/images/P/0743418174.01.LZZZZZZZ.jpg,Good in Bed Jennifer Weiner Washington Square Press,167,8.053892215568862,8.031929827966147
038533656X,Apocalipstick,SUE MARGOLIS,2003,Delta,http://images.amazon.com/images/P/038533656X.01.THUMBZZZ.jpg,http://images.amazon.com/images/P/038533656X.01.MZZZZZZZ.jpg,http://images.amazon.com/images/P/038533656X.01.LZZZZZZZ.jpg,Apocalipstick SUE MARGOLIS Delta,18,6.611111111111111,7.262391521833408
0440217520,Tunnel Vision (V.I. Warshawski Novels (Paperback)),Sara Paretsky,1995,Dell,http://images.amazon.com/images/P/0440217520.01.THUMBZZZ.jpg,http://images.amazon.com/images/P/0440217520.01.MZZZZZZZ.jpg,http://images.amazon.com/images/P/0440217520.01.LZZZZZZZ.jpg,Tunnel Vision (V.I. Warshawski Novels (Paperback)) Sara Paretsky Dell,20,7.5,7.674271945741738
0440224675,Hannibal,Thomas Harris,2000,Dell Publishing Company,http://images.amazon.com/images/P/0440224675.01.THUMBZZZ.jpg,http://images.amazon.com/images/P/0440224675.01.MZZZZZZZ.jpg,http://images.amazon.com/images/P/0440224675.01.LZZZZZZZ.jpg,Hannibal Thomas Harris Dell Publishing Company,80,7.1375,7.279708778296696
0802135196,Valley of the Dolls: A Novel,Jacqueline Susann,1997,Grove Press,http://images.amazon.com/images/P/0802135196.01.THUMBZZZ.jpg,http://images.amazon.com/images/P/0802135196.01.MZZZZZZZ.jpg,http://images.amazon.com/images/P/0802135196.01.LZZZZZZZ.jpg,Valley of the Dolls: A Novel Jacqueline Susann Grove Press,17,6.9411764705882355,7.431645346747826
0099771519,Memoirs of a Geisha Uk,Arthur Golden,0,Trafalgar Square,http://images.amazon.com/images/P/0099771519.01.THUMBZZZ.jpg,http://images.amazon.com/images/P/0099771519.01.MZZZZZZZ.jpg,http://images.amazon.com/images/P/0099771519.01.LZZZZZZZ.jpg,Memoirs of a Geisha Uk Arthur Golden Trafalgar Square,46,8.326086956521738,8.181376936813175
2070360024,"L'Etranger (Collection Folio, 2)",Albert Camus,1990,Gallimard Jeunesse,http://images.amazon.com/images/P/2070360024.01.THUMBZZZ.jpg,http://images.amazon.com/images/P/2070360024.01.MZZZZZZZ.jpg,http://images.amazon.com/images/P/2070360024.01.LZZZZZZZ.jpg,"L'Etranger (Collection Folio, 2) Albert Camus Gallimard Jeunesse",11,8.545454545454545,8.095834768699017
0345438329,Big Stone Gap: A Novel (Ballantine Reader's Circle),Adriana Trigiani,2001,Ballantine Books,http://images.amazon.com/images/P/0345438329.01.THUMBZZZ.jpg,http://images.amazon.com/images/P/0345438329.01.MZZZZZZZ.jpg,http://images.amazon.com/images/P/0345438329.01.LZZZZZZZ.jpg,Big Stone Gap: A Novel (Ballantine Reader's Circle) Adriana Trigiani Ballantine Books,65,7.523076923076923,7.599657386231405
0688177751,Miss Julia Speaks Her Mind : A Novel,Ann B. Ross,2000,Perennial,http://images.amazon.com/images/P/0688177751.01.THUMBZZZ.jpg,http://images.amazon.com/images/P/0688177751.01.MZZZZZZZ.jpg,http://images.amazon.com/images/P/0688177751.01.LZZZZZZZ.jpg,Miss Julia Speaks Her Mind : A Novel Ann B. Ross Perennial,46,7.608695652173913,7.681376936813175
0316969680,The Beach House,James Patterson,2002,"Little, Brown",http://images.amazon.com/images/P/0316969680.01.THUMBZZZ.jpg,http://images.amazon.com/images/P/0316969680.01.MZZZZZZZ.jpg,http://images.amazon.com/images/P/0316969680.01.LZZZZZZZ.jpg,"The Beach House James Patterson Little, Brown",48,7.333333333333333,7.484865850436316
055357227X,"The Web (Alex Delaware Series, No. 10)",JONATHAN KELLERMAN,1996,Bantam,http://images.amazon.com/images/P/055357227X.01.THUMBZZZ.jpg,http://images.amazon.com/images/P/055357227X.01.MZZZZZZZ.jpg,http://images.amazon.com/images/P/055357227X.01.LZZZZZZZ.jpg,"The Web (Alex Delaware Series, No. 10) JONATHAN KELLERMAN Bantam",20,7.15,7.499271945741738
0345417623,Timeline,MICHAEL CRICHTON,2000,Ballantine Books,http://images.amazon.com/images/P/0345417623.01.THUMBZZZ.jpg,http://images.amazon.com/images/P/0345417623.01.MZZZZZZZ.jpg,http://images.amazon.com/images/P/0345417623.01.LZZZZZZZ.jpg,Timeline MICHAEL CRICHTON Ballantine Books,115,8.0,7.977562057997552
0425177173,Atlantis Found,Clive Cussler,2001,Berkley Publishing Group,http://images.amazon.com/images/P/0425177173.01.THUMBZZZ.jpg,http://images.amazon.com/images/P/0425177173.01.MZZZZZZZ.jpg,http://images.amazon.com/images/P/0425177173.01.LZZZZZZZ.jpg,Atlantis Found Clive Cussler Berkley Publishing Group,27,7.111111111111111,7.424912294248289
0515120006,Holding the Dream (Dream Trilogy),Nora Roberts,2001,Jove Books,http://images.amazon.com/images/P/0515120006.01.THUMBZZZ.jpg,http://images.amazon.com/images/P/0515120006.01.MZZZZZZZ.jpg,http://images.amazon.com/images/P/0515120006.01.LZZZZZZZ.jpg,Holding the Dream (Dream Trilogy) Nora Roberts Jove Books,22,7.409090909090909,7.618354234039751
0515127396,The Cat Who Saw Stars (Cat Who... (Paperback)),Lilian Jackson Braun,2000,Jove Books,http://images.amazon.com/images/P/0515127396.01.THUMBZZZ.jpg,http://images.amazon.com/images/P/0515127396.01.MZZZZZZZ.jpg,http://images.amazon.com/images/P/0515127396.01.LZZZZZZZ.jpg,The Cat Who Saw Stars (Cat Who... (Paperback)) Lilian Jackson Braun Jove Books,16,7.125,7.52696882860193
0345416260,Pope Joan (Ballantine Reader's Circle),Donna Woolfolk Cross,1996,Ballantine Books,http://images.amazon.com/images/P/0345416260.01.THUMBZZZ.jpg,http://images.amazon.com/images/P/0345416260.01.MZZZZZZZ.jpg,http://images.amazon.com/images/P/0345416260.01.LZZZZZZZ.jpg,Pope Joan (Ballantine Reader's Circle) Donna Woolfolk Cross Ballantine Books,30,8.0,7.939417556593391
0385512104,The Curious Incident of the Dog in the Night-Time (Today Show Book Club #13),Mark Haddon,2003,Doubleday,http://images.amazon.com/images/P/0385512104.01.THUMBZZZ.jpg,http://images.amazon.com/images/P/0385512104.01.MZZZZZZZ.jpg,http://images.amazon.com/images/P/0385512104.01.LZZZZZZZ.jpg,The Curious Incident of the Dog in the Night-Time (Today Show Book Club #13) Mark Haddon Doubleday,42,8.238095238095237,8.112433513381767
0060512822,The Poisonwood Bible,Barbara Kingsolver,2003,HarperTorch,http://images.amazon.com/images/P/0060512822.01.THUMBZZZ.jpg,http://images.amazon.com/images/P/0060512822.01.MZZZZZZZ.jpg,http://images.amazon.com/images/P/0060512822.01.LZZZZZZZ.jpg,The Poisonwood Bible Barbara Kingsolver HarperTorch,27,8.481481481481481,8.21214633680148
0060930535,The Poisonwood Bible: A Novel,Barbara Kingsolver,1999,Perennial,http://images.amazon.com/images/P/0060930535.01.THUMBZZZ.jpg,http://images.amazon.com/images/P/0060930535.01.MZZZZZZZ.jpg,http://images.amazon.com/images/P/0060930535.01.LZZZZZZZ.jpg,The Poisonwood Bible: A Novel Barbara Kingsolver Perennial,137,8.167883211678832,8.12720304350108
0061097314,The Bean Trees,Barbara Kingsolver,1998,HarperTorch,http://images.amazon.com/images/P/0061097314.01.THUMBZZZ.jpg,http://images.amazon.com/images/P/0061097314.01.MZZZZZZZ.jpg,http://images.amazon.com/images/P/0061097314.01.LZZZZZZZ.jpg,The Bean Trees Barbara Kingsolver HarperTorch,39,7.9743589743589745,7.931709793723212
0142001430,Year of Wonders,Geraldine Brooks,2002,Penguin Books,http://images.amazon.com/images/P/0142001430.01.THUMBZZZ.jpg,http://images.amazon.com/images/P/0142001430.01.MZZZZZZZ.jpg,http://images.amazon.com/images/P/0142001430.01.LZZZZZZZ.jpg,Year of Wonders Geraldine Brooks Penguin Books,61,8.262295081967213,8.160134294193451
0151002290,East of the Mountains,David Guterson,1999,Harcourt,http://images.amazon.com/images/P/0151002290.01.THUMBZZZ.jpg,http://images.amazon.com/images/P/0151002290.01.MZZZZZZZ.jpg,http://images.amazon.com/images/P/0151002290.01.LZZZZZZZ.jpg,East of the Mountains David Guterson Harcourt,15,7.066666666666666,7.513453652276271
0156001314,The Name of the Rose: including Postscript to the Name of the Rose,Umberto Eco,1994,Harvest Books,http://images.amazon.com/images/P/0156001314.01.THUMBZZZ.jpg,http://images.amazon.com/images/P/0156001314.01.MZZZZZZZ.jpg,http://images.amazon.com/images/P/0156001314.01.LZZZZZZZ.jpg,The Name of the Rose: including Postscript to the Name of the Rose Umberto Eco Harvest Books,18,8.833333333333334,8.315023100780778
0671776134,Plain Truth,Jodi Picoult,2001,Washington Square Press,http://images.amazon.com/images/P/0671776134.01.THUMBZZZ.jpg,http://images.amazon.com/images/P/0671776134.01.MZZZZZZZ.jpg,http://images.amazon.com/images/P/0671776134.01.LZZZZZZZ.jpg,Plain Truth Jodi Picoult Washington Square Press,34,7.794117647058823,7.81427551536425
0345378490,Congo,Michael Crichton,1995,Ballantine Books,http://images.amazon.com/images/P/0345378490.01.THUMBZZZ.jpg,http://images.amazon.com/images/P/0345378490.01.MZZZZZZZ.jpg,http://images.amazon.com/images/P/0345378490.01.LZZZZZZZ.jpg,Congo Michael Crichton Ballantine Books,74,7.216216216216216,7.35075401946457
0345387651,The Cider House Rules,John Irving,1994,Ballantine Books,http://images.amazon.com/images/P/0345387651.01.THUMBZZZ.jpg,http://images.amazon.com/images/P/0345387651.01.MZZZZZZZ.jpg,http://images.amazon.com/images/P/0345387651.01.LZZZZZZZ.jpg,The Cider House Rules John Irving Ballantine Books,63,7.571428571428571,7.638203347345415
0399133143,The Tommyknockers,Stephen King,1987,Putnam Pub Group,http://images.amazon.com/images/P/0399133143.01.THUMBZZZ.jpg,http://images.amazon.com/images/P/0399133143.01.MZZZZZZZ.jpg,http://images.amazon.com/images/P/0399133143.01.LZZZZZZZ.jpg,The Tommyknockers Stephen King Putnam Pub Group,20,6.9,7.374271945741738
0446611239,The Cabinet of Curiosities,Douglas Preston,2003,Warner Books,http://images.amazon.com/images/P/0446611239.01.THUMBZZZ.jpg,http://images.amazon.com/images/P/0446611239.01.MZZZZZZZ.jpg,http://images.amazon.com/images/P/0446611239.01.LZZZZZZZ.jpg,The Cabinet of Curiosities Douglas Preston Warner Books,19,7.894736842105263,7.871048149478705
0451183665,A Case of Need,Michael Crichton,1994,Signet Book,http://images.amazon.com/images/P/0451183665.01.THUMBZZZ.jpg,http://images.amazon.com/images/P/0451183665.01.MZZZZZZZ.jpg,http://images.amazon.com/images/P/0451183665.01.LZZZZZZZ.jpg,A Case of Need Michael Crichton Signet Book,41,6.804878048780488,7.1470635709781885
0517149257,The Ultimate Hitchhiker's Guide,Douglas Adams,1996,Random House Value Publishing,http://images.amazon.com/images/P/0517149257.01.THUMBZZZ.jpg,http://images.amazon.com/images/P/0517149257.01.MZZZZZZZ.jpg,http://images.amazon.com/images/P/0517149257.01.LZZZZZZZ.jpg,The Ultimate Hitchhiker's Guide Douglas Adams Random House Value Publishing,16,9.0625,8.388079939713041
0671024248,Hearts In Atlantis,Stephen King,2000,Pocket,http://images.amazon.com/images/P/0671024248.01.THUMBZZZ.jpg,http://images.amazon.com/images/P/0671024248.01.MZZZZZZZ.jpg,http://images.amazon.com/images/P/0671024248.01.LZZZZZZZ.jpg,Hearts In Atlantis Stephen King Pocket,48,7.5625,7.646630556318669
0684848783,Tis : A Memoir,Frank McCourt,1999,Scribner,http://images.amazon.com/images/P/0684848783.01.THUMBZZZ.jpg,http://images.amazon.com/images/P/0684848783.01.MZZZZZZZ.jpg,http://images.amazon.com/images/P/0684848783.01.LZZZZZZZ.jpg,Tis : A Memoir Frank McCourt Scribner,54,7.388888888888889,7.513119970671211
034540288X,The Lost World,Michael Crichton,1996,Ballantine Books,http://images.amazon.com/images/P/034540288X.01.THUMBZZZ.jpg,http://images.amazon.com/images/P/034540288X.01.MZZZZZZZ.jpg,http://images.amazon.com/images/P/034540288X.01.LZZZZZZZ.jpg,The Lost World Michael Crichton Ballantine Books,72,7.194444444444445,7.336639976409452
0345425707,A Cup of Tea (Ballantine Reader's Circle),Amy Ephron,1998,Ballantine Books,http://images.amazon.com/images/P/0345425707.01.THUMBZZZ.jpg,http://images.amazon.com/images/P/0345425707.01.MZZZZZZZ.jpg,http://images.amazon.com/images/P/0345425707.01.LZZZZZZZ.jpg,A Cup of Tea (Ballantine Reader's Circle) Amy Ephron Ballantine Books,17,7.0,7.458672373774853
0425167313,Here on Earth,Alice Hoffman,1998,Berkley Publishing Group,http://images.amazon.com/images/P/0425167313.01.THUMBZZZ.jpg,http://images.amazon.com/images/P/0425167313.01.MZZZZZZZ.jpg,http://images.amazon.com/images/P/0425167313.01.LZZZZZZZ.jpg,Here on Earth Alice Hoffman Berkley Publishing Group,51,7.254901960784314,7.4221250398545005
0374281602,Reversible Errors: A Novel,Scott Turow,2002,Farrar Straus Giroux,http://images.amazon.com/images/P/0374281602.01.THUMBZZZ.jpg,http://images.amazon.com/images/P/0374281602.01.MZZZZZZZ.jpg,http://images.amazon.com/images/P/0374281602.01.LZZZZZZZ.jpg,Reversible Errors: A Novel Scott Turow Farrar Straus Giroux,19,6.684210526315789,7.281304559735116
0425167720,An Instance of the Fingerpost,Iain Pears,1999,Berkley Publishing Group,http://images.amazon.com/images/P/0425167720.01.THUMBZZZ.jpg,http://images.amazon.com/images/P/0425167720.01.MZZZZZZZ.jpg,http://images.amazon.com/images/P/0425167720.01.LZZZZZZZ.jpg,An Instance of the Fingerpost Iain Pears Berkley Publishing Group,13,7.384615384615385,7.665784176656652
0609610597,"The Shelters of Stone (Earth's Children Series, No 5)",JEAN M. AUEL,2002,Crown,http://images.amazon.com/images/P/0609610597.01.THUMBZZZ.jpg,http://images.amazon.com/images/P/0609610597.01.MZZZZZZZ.jpg,http://images.amazon.com/images/P/0609610597.01.LZZZZZZZ.jpg,"The Shelters of Stone (Earth's Children Series, No 5) JEAN M. AUEL Crown",39,7.282051282051282,7.474082675079144
0316182540,White Oleander : A Novel,Janet Fitch,2001,"Little, Brown",http://images.amazon.com/images/P/0316182540.01.THUMBZZZ.jpg,http://images.amazon.com/images/P/0316182540.01.MZZZZZZZ.jpg,http://images.amazon.com/images/P/0316182540.01.LZZZZZZZ.jpg,"White Oleander : A Novel Janet Fitch Little, Brown",30,8.266666666666667,8.09941755659339
0446604658,Lucky You,Carl Hiaasen,1998,Warner Vision,http://images.amazon.com/images/P/0446604658.01.THUMBZZZ.jpg,http://images.amazon.com/images/P/0446604658.01.MZZZZZZZ.jpg,http://images.amazon.com/images/P/0446604658.01.LZZZZZZZ.jpg,Lucky You Carl Hiaasen Warner Vision,22,7.545454545454546,7.689782805468322
0446611611,City of Bones,Michael Connelly,2003,Warner Books,http://images.amazon.com/images/P/0446611611.01.THUMBZZZ.jpg,http://images.amazon.com/images/P/0446611611.01.MZZZZZZZ.jpg,http://images.amazon.com/images/P/0446611611.01.LZZZZZZZ.jpg,City of Bones Michael Connelly Warner Books,21,7.904761904761905,7.877338483650476
0449212602,The Handmaid's Tale,Margaret Atwood,1989,Fawcett Books,http://images.amazon.com/images/P/0449212602.01.THUMBZZZ.jpg,http://images.amazon.com/images/P/0449212602.01.MZZZZZZZ.jpg,http://images.amazon.com/images/P/0449212602.01.LZZZZZZZ.jpg,The Handmaid's Tale Margaret Atwood Fawcett Books,77,8.519480519480519,8.381143070408964
0553282476,CAT'S EYE,MARGARET ATWOOD,1989,Bantam,http://images.amazon.com/images/P/0553282476.01.THUMBZZZ.jpg,http://images.amazon.com/images/P/0553282476.01.MZZZZZZZ.jpg,http://images.amazon.com/images/P/0553282476.01.LZZZZZZZ.jpg,CAT'S EYE MARGARET ATWOOD Bantam,18,7.722222222222222,7.788707311307093
0553299506,Private Eyes (Alex Delaware Novels (Paperback)),Jonathan Kellerman,1992,Bantam Books,http://images.amazon.com/images/P/0553299506.01.THUMBZZZ.jpg,http://images.amazon.com/images/P/0553299506.01.MZZZZZZZ.jpg,http://images.amazon.com/images/P/0553299506.01.LZZZZZZZ.jpg,Private Eyes (Alex Delaware Novels (Paperback)) Jonathan Kellerman Bantam Books,17,7.294117647058823,7.593807508909988
0515090174,The Cat Who Could Read Backwards,Lilian Jackson Braun,1994,Jove Books,http://images.amazon.com/images/P/0515090174.01.THUMBZZZ.jpg,http://images.amazon.com/images/P/0515090174.01.MZZZZZZZ.jpg,http://images.amazon.com/images/P/0515090174.01.LZZZZZZZ.jpg,The Cat Who Could Read Backwards Lilian Jackson Braun Jove Books,21,7.238095238095238,7.535875069016329
0515095826,The Cat Who Knew Shakespeare,Lilian Jackson Braun,1988,Jove Books,http://images.amazon.com/images/P/0515095826.01.THUMBZZZ.jpg,http://images.amazon.com/images/P/0515095826.01.MZZZZZZZ.jpg,http://images.amazon.com/images/P/0515095826.01.LZZZZZZZ.jpg,The Cat Who Knew Shakespeare Lilian Jackson Braun Jove Books,25,7.04,7.399352840659322
0515111279,The Cat Who Wasn't There,Lilian Jackson Braun,1994,Jove Books,http://images.amazon.com/images/P/0515111279.01.THUMBZZZ.jpg,http://images.amazon.com/images/P/0515111279.01.MZZZZZZZ.jpg,http://images.amazon.com/images/P/0515111279.01.LZZZZZZZ.jpg,The Cat Who Wasn't There Lilian Jackson Braun Jove Books,18,7.166666666666667,7.52554941657025
0553280341,B Is for Burglar (Kinsey Millhone Mysteries (Paperback)),Sue Grafton,1986,Bantam,http://images.amazon.com/images/P/0553280341.01.THUMBZZZ.jpg,http://images.amazon.com/images/P/0553280341.01.MZZZZZZZ.jpg,http://images.amazon.com/images/P/0553280341.01.LZZZZZZZ.jpg,B Is for Burglar (Kinsey Millhone Mysteries (Paperback)) Sue Grafton Bantam,71,7.901408450704225,7.889789866260104
0553578693,The Next Accident,LISA GARDNER,2002,Bantam,http://images.amazon.com/images/P/0553578693.01.THUMBZZZ.jpg,http://images.amazon.com/images/P/0553578693.01.MZZZZZZZ.jpg,http://images.amazon.com/images/P/0553578693.01.LZZZZZZZ.jpg,The Next Accident LISA GARDNER Bantam,30,7.933333333333334,7.89941755659339
0553561618,Dark Paradise,TAMI HOAG,1994,Bantam,http://images.amazon.com/images/P/0553561618.01.THUMBZZZ.jpg,http://images.amazon.com/images/P/0553561618.01.MZZZZZZZ.jpg,http://images.amazon.com/images/P/0553561618.01.LZZZZZZZ.jpg,Dark Paradise TAMI HOAG Bantam,35,7.314285714285714,7.5085614150849
0553582747,From the Corner of His Eye,Dean Koontz,2001,Bantam Books,http://images.amazon.com/images/P/0553582747.01.THUMBZZZ.jpg,http://images.amazon.com/images/P/0553582747.01.MZZZZZZZ.jpg,http://images.amazon.com/images/P/0553582747.01.LZZZZZZZ.jpg,From the Corner of His Eye Dean Koontz Bantam Books,54,8.148148148148149,8.067174024725265
0671034022,Mercy,Julie Garwood,2002,Pocket,http://images.amazon.com/images/P/0671034022.01.THUMBZZZ.jpg,http://images.amazon.com/images/P/0671034022.01.MZZZZZZZ.jpg,http://images.amazon.com/images/P/0671034022.01.LZZZZZZZ.jpg,Mercy Julie Garwood Pocket,22,8.0,7.92787804356356
089480829X,What to Expect When You're Expecting (Revised Edition),Arlene Eisenberg,1996,Workman Pub Co,http://images.amazon.com/images/P/089480829X.01.THUMBZZZ.jpg,http://images.amazon.com/images/P/089480829X.01.MZZZZZZZ.jpg,http://images.amazon.com/images/P/089480829X.01.LZZZZZZZ.jpg,What to Expect When You're Expecting (Revised Edition) Arlene Eisenberg Workman Pub Co,42,8.095238095238095,8.015659319833379
0345416880,Enchantment,Orson Scott Card,2000,Del Rey Books,http://images.amazon.com/images/P/0345416880.01.THUMBZZZ.jpg,http://images.amazon.com/images/P/0345416880.01.MZZZZZZZ.jpg,http://images.amazon.com/images/P/0345416880.01.LZZZZZZZ.jpg,Enchantment Orson Scott Card Del Rey Books,13,7.384615384615385,7.665784176656652
038548951X,Sister of My Heart,Chitra Banerjee Divakaruni,2000,Anchor Pub,http://images.amazon.com/images/P/038548951X.01.THUMBZZZ.jpg,http://images.amazon.com/images/P/038548951X.01.MZZZZZZZ.jpg,http://images.amazon.com/images/P/038548951X.01.LZZZZZZZ.jpg,Sister of My Heart Chitra Banerjee Divakaruni Anchor Pub,27,8.88888888888889,8.44618888999297
0449912558,The Sparrow,MARY DORIA RUSSELL,1997,Fawcett Books,http://images.amazon.com/images/P/0449912558.01.THUMBZZZ.jpg,http://images.amazon.com/images/P/0449912558.01.MZZZZZZZ.jpg,http://images.amazon.com/images/P/0449912558.01.LZZZZZZZ.jpg,The Sparrow MARY DORIA RUSSELL Fawcett Books,28,8.571428571428571,8.270226621451448
0553380958,Snow Crash (Bantam Spectra Book),NEAL STEPHENSON,2000,Bantam,http://images.amazon.com/images/P/0553380958.01.THUMBZZZ.jpg,http://images.amazon.com/images/P/0553380958.01.MZZZZZZZ.jpg,http://images.amazon.com/images/P/0553380958.01.LZZZZZZZ.jpg,Snow Crash (Bantam Spectra Book) NEAL STEPHENSON Bantam,15,8.133333333333333,7.970596509419128
0316089699,Sea Glass: A Novel,Anita Shreve,2003,Back Bay Books,http://images.amazon.com/images/P/0316089699.01.THUMBZZZ.jpg,http://images.amazon.com/images/P/0316089699.01.MZZZZZZZ.jpg,http://images.amazon.com/images/P/0316089699.01.LZZZZZZZ.jpg,Sea Glass: A Novel Anita Shreve Back Bay Books,25,7.92,7.888241729548211
0345447840,The Surgeon,TESS GERRITSEN,2002,Ballantine Books,http://images.amazon.com/images/P/0345447840.01.THUMBZZZ.jpg,http://images.amazon.com/images/P/0345447840.01.MZZZZZZZ.jpg,http://images.amazon.com/images/P/0345447840.01.LZZZZZZZ.jpg,The Surgeon TESS GERRITSEN Ballantine Books,29,7.793103448275862,7.815732200605501
0425181111,Strangers,Dean R. Koontz,2002,Berkley Publishing Group,http://images.amazon.com/images/P/0425181111.01.THUMBZZZ.jpg,http://images.amazon.com/images/P/0425181111.01.MZZZZZZZ.jpg,http://images.amazon.com/images/P/0425181111.01.LZZZZZZZ.jpg,Strangers Dean R. Koontz Berkley Publishing Group,16,7.9375,7.888079939713042
0515118230,Home Song,Lavyrle Spencer,1995,Jove Books,http://images.amazon.com/images/P/0515118230.01.THUMBZZZ.jpg,http://images.amazon.com/images/P/0515118230.01.MZZZZZZZ.jpg,http://images.amazon.com/images/P/0515118230.01.LZZZZZZZ.jpg,Home Song Lavyrle Spencer Jove Books,15,7.333333333333333,7.627739366561985
051513287X,Face the Fire (Three Sisters Island Trilogy),Nora Roberts,2002,Jove Books,http://images.amazon.com/images/P/051513287X.01.THUMBZZZ.jpg,http://images.amazon.com/images/P/051513287X.01.MZZZZZZZ.jpg,http://images.amazon.com/images/P/051513287X.01.LZZZZZZZ.jpg,Face the Fire (Three Sisters Island Trilogy) Nora Roberts Jove Books,73,7.931506849315069,7.9136653530071985
0060936363,Portrait in Sepia : A Novel,Isabel Allende,2002,Perennial,http://images.amazon.com/images/P/0060936363.01.THUMBZZZ.jpg,http://images.amazon.com/images/P/0060936363.01.MZZZZZZZ.jpg,http://images.amazon.com/images/P/0060936363.01.LZZZZZZZ.jpg,Portrait in Sepia : A Novel Isabel Allende Perennial,22,8.045454545454545,7.951687567373083
038082101X,Daughter of Fortune: A Novel,Isabel Allende,2001,HarperTorch,http://images.amazon.com/images/P/038082101X.01.THUMBZZZ.jpg,http://images.amazon.com/images/P/038082101X.01.MZZZZZZZ.jpg,http://images.amazon.com/images/P/038082101X.01.LZZZZZZZ.jpg,Daughter of Fortune: A Novel Isabel Allende HarperTorch,32,7.65625,7.730209189032106
0345342968,Fahrenheit 451,RAY BRADBURY,1987,Del Rey,http://images.amazon.com/images/P/0345342968.01.THUMBZZZ.jpg,http://images.amazon.com/images/P/0345342968.01.MZZZZZZZ.jpg,http://images.amazon.com/images/P/0345342968.01.LZZZZZZZ.jpg,Fahrenheit 451 RAY BRADBURY Del Rey,108,8.75925925925926,8.616959983044293
0345348109,The Killer Angels,Michael Shaara,1993,Ballantine Books,http://images.amazon.com/images/P/0345348109.01.THUMBZZZ.jpg,http://images.amazon.com/images/P/0345348109.01.MZZZZZZZ.jpg,http://images.amazon.com/images/P/0345348109.01.LZZZZZZZ.jpg,The Killer Angels Michael Shaara Ballantine Books,22,8.409090909090908,8.142163757849273
0345378482,The Andromeda Strain,MICHAEL CRICHTON,1992,Ballantine Books,http://images.amazon.com/images/P/0345378482.01.THUMBZZZ.jpg,http://images.amazon.com/images/P/0345378482.01.MZZZZZZZ.jpg,http://images.amazon.com/images/P/0345378482.01.LZZZZZZZ.jpg,The Andromeda Strain MICHAEL CRICHTON Ballantine Books,52,7.615384615384615,7.680151080967632
0345443683,"Blackwood Farm (Rice, Anne, Vampire Chronicles.)",ANNE RICE,2003,Ballantine Books,http://images.amazon.com/images/P/0345443683.01.THUMBZZZ.jpg,http://images.amazon.com/images/P/0345443683.01.MZZZZZZZ.jpg,http://images.amazon.com/images/P/0345443683.01.LZZZZZZZ.jpg,"Blackwood Farm (Rice, Anne, Vampire Chronicles.) ANNE RICE Ballantine Books",13,7.846153846153846,7.847602358474834
0786868716,The Five People You Meet in Heaven,Mitch Albom,2003,Hyperion,http://images.amazon.com/images/P/0786868716.01.THUMBZZZ.jpg,http://images.amazon.com/images/P/0786868716.01.MZZZZZZZ.jpg,http://images.amazon.com/images/P/0786868716.01.LZZZZZZZ.jpg,The Five People You Meet in Heaven Mitch Albom Hyperion,165,8.030303030303031,8.01065339367389
0812511816,"The Eye of the World (The Wheel of Time, Book 1)",Robert Jordan,1990,Tor Fantasy,http://images.amazon.com/images/P/0812511816.01.THUMBZZZ.jpg,http://images.amazon.com/images/P/0812511816.01.MZZZZZZZ.jpg,http://images.amazon.com/images/P/0812511816.01.LZZZZZZZ.jpg,"The Eye of the World (The Wheel of Time, Book 1) Robert Jordan Tor Fantasy",34,8.205882352941176,8.073534774623509
0812513738,"The Shadow Rising (The Wheel of Time, Book 4)",Robert Jordan,1993,Tor Fantasy,http://images.amazon.com/images/P/0812513738.01.THUMBZZZ.jpg,http://images.amazon.com/images/P/0812513738.01.MZZZZZZZ.jpg,http://images.amazon.com/images/P/0812513738.01.LZZZZZZZ.jpg,"The Shadow Rising (The Wheel of Time, Book 4) Robert Jordan Tor Fantasy",19,7.947368421052632,7.896689175119731
0812550706,Ender's Game (Ender Wiggins Saga (Paperback)),Orson Scott Card,1994,Tor Books,http://images.amazon.com/images/P/0812550706.01.THUMBZZZ.jpg,http://images.amazon.com/images/P/0812550706.01.MZZZZZZZ.jpg,http://images.amazon.com/images/P/0812550706.01.LZZZZZZZ.jpg,Ender's Game (Ender Wiggins Saga (Paperback)) Orson Scott Card Tor Books,78,8.871794871794872,8.662968141119077
0345409469,The Demon-Haunted World: Science As a Candle in the Dark,Carl Sagan,1997,Ballantine Books,http://images.amazon.com/images/P/0345409469.01.THUMBZZZ.jpg,http://images.amazon.com/images/P/0345409469.01.MZZZZZZZ.jpg,http://images.amazon.com/images/P/0345409469.01.LZZZZZZZ.jpg,The Demon-Haunted World: Science As a Candle in the Dark Carl Sagan Ballantine Books,16,8.0625,7.943635495268597
0385722192,Lullaby: A Novel,Chuck Palahniuk,2003,Anchor Books/Doubleday,http://images.amazon.com/images/P/0385722192.01.THUMBZZZ.jpg,http://images.amazon.com/images/P/0385722192.01.MZZZZZZZ.jpg,http://images.amazon.com/images/P/0385722192.01.LZZZZZZZ.jpg,Lullaby: A Novel Chuck Palahniuk Anchor Books/Doubleday,23,7.6521739130434785,7.7435087867365
0679430946,The Hot Zone,Richard Preston,1994,Random House,http://images.amazon.com/images/P/0679430946.01.THUMBZZZ.jpg,http://images.amazon.com/images/P/0679430946.01.MZZZZZZZ.jpg,http://images.amazon.com/images/P/0679430946.01.LZZZZZZZ.jpg,The Hot Zone Richard Preston Random House,15,8.733333333333333,8.227739366561986
0345353145,Sphere,MICHAEL CRICHTON,1988,Ballantine Books,http://images.amazon.com/images/P/0345353145.01.THUMBZZZ.jpg,http://images.amazon.com/images/P/0345353145.01.MZZZZZZZ.jpg,http://images.amazon.com/images/P/0345353145.01.LZZZZZZZ.jpg,Sphere MICHAEL CRICHTON Ballantine Books,103,7.446601941747573,7.511958356338776
0449221482,J Is for Judgment,Sue Grafton,1999,Fawcett Books,http://images.amazon.com/images/P/0449221482.01.THUMBZZZ.jpg,http://images.amazon.com/images/P/0449221482.01.MZZZZZZZ.jpg,http://images.amazon.com/images/P/0449221482.01.LZZZZZZZ.jpg,J Is for Judgment Sue Grafton Fawcett Books,48,8.166666666666666,8.073101144553963
0553279912,A Is for Alibi (Kinsey Millhone Mysteries (Paperback)),SUE GRAFTON,1987,Bantam,http://images.amazon.com/images/P/0553279912.01.THUMBZZZ.jpg,http://images.amazon.com/images/P/0553279912.01.MZZZZZZZ.jpg,http://images.amazon.com/images/P/0553279912.01.LZZZZZZZ.jpg,A Is for Alibi (Kinsey Millhone Mysteries (Paperback)) SUE GRAFTON Bantam,85,7.647058823529412,7.685436931711139
0553348973,Still Life with Woodpecker,TOM ROBBINS,1990,Bantam,http://images.amazon.com/images/P/0553348973.01.THUMBZZZ.jpg,http://images.amazon.com/images/P/0553348973.01.MZZZZZZZ.jpg,http://images.amazon.com/images/P/0553348973.01.LZZZZZZZ.jpg,Still Life with Woodpecker TOM ROBBINS Bantam,14,7.357142857142857,7.646202289107927
0671023616,Postmortem (Kay Scarpetta Mysteries (Paperback)),Patricia Cornwell,1998,Pocket,http://images.amazon.com/images/P/0671023616.01.THUMBZZZ.jpg,http://images.amazon.com/images/P/0671023616.01.MZZZZZZZ.jpg,http://images.amazon.com/images/P/0671023616.01.LZZZZZZZ.jpg,Postmortem (Kay Scarpetta Mysteries (Paperback)) Patricia Cornwell Pocket,35,7.714285714285714,7.763106869630355
0062502174,The Alchemist: A Fable About Following Your Dream,Paulo Coelho,1993,HarperSanFrancisco,http://images.amazon.com/images/P/0062502174.01.THUMBZZZ.jpg,http://images.amazon.com/images/P/0062502174.01.MZZZZZZZ.jpg,http://images.amazon.com/images/P/0062502174.01.LZZZZZZZ.jpg,The Alchemist: A Fable About Following Your Dream Paulo Coelho HarperSanFrancisco,9,9.444444444444445,8.34382337343688
0140298479,Bridget Jones: The Edge of Reason,Helen Fielding,2001,Penguin Books,http://images.amazon.com/images/P/0140298479.01.THUMBZZZ.jpg,http://images.amazon.com/images/P/0140298479.01.MZZZZZZZ.jpg,http://images.amazon.com/images/P/0140298479.01.LZZZZZZZ.jpg,Bridget Jones: The Edge of Reason Helen Fielding Penguin Books,83,7.879518072289157,7.873503668249218
0440108268,The Bridge Across Forever,Richard Bach,1986,Dell,http://images.amazon.com/images/P/0440108268.01.THUMBZZZ.jpg,http://images.amazon.com/images/P/0440108268.01.MZZZZZZZ.jpg,http://images.amazon.com/images/P/0440108268.01.LZZZZZZZ.jpg,The Bridge Across Forever Richard Bach Dell,21,7.523809523809524,7.682216532430964
044020562X,One,Richard Bach,1989,Dell,http://images.amazon.com/images/P/044020562X.01.THUMBZZZ.jpg,http://images.amazon.com/images/P/044020562X.01.MZZZZZZZ.jpg,http://images.amazon.com/images/P/044020562X.01.LZZZZZZZ.jpg,One Richard Bach Dell,13,7.615384615384615,7.756693267565742
0060248025,Falling Up,Shel Silverstein,1996,HarperCollins,http://images.amazon.com/images/P/0060248025.01.THUMBZZZ.jpg,http://images.amazon.com/images/P/0060248025.01.MZZZZZZZ.jpg,http://images.amazon.com/images/P/0060248025.01.LZZZZZZZ.jpg,Falling Up Shel Silverstein HarperCollins,27,8.814814814814815,8.403635698503608
0060256737,A Light in the Attic,Shel Silverstein,1981,HarperCollins,http://images.amazon.com/images/P/0060256737.01.THUMBZZZ.jpg,http://images.amazon.com/images/P/0060256737.01.MZZZZZZZ.jpg,http://images.amazon.com/images/P/0060256737.01.LZZZZZZZ.jpg,A Light in the Attic Shel Silverstein HarperCollins,18,9.11111111111111,8.446602048149197
0140386645,The Westing Game (Now in Speak!),Ellen Raskin,1997,Penguin Putnam Books for Young Readers,http://images.amazon.com/images/P/0140386645.01.THUMBZZZ.jpg,http://images.amazon.com/images/P/0140386645.01.MZZZZZZZ.jpg,http://images.amazon.com/images/P/0140386645.01.LZZZZZZZ.jpg,The Westing Game (Now in Speak!) Ellen Raskin Penguin Putnam Books for Young Readers,22,8.090909090909092,7.975497091182609
0451456718,Daughter of the Blood (Black Jewels Trilogy),Anne Bishop,1998,Roc,http://images.amazon.com/images/P/0451456718.01.THUMBZZZ.jpg,http://images.amazon.com/images/P/0451456718.01.MZZZZZZZ.jpg,http://images.amazon.com/images/P/0451456718.01.LZZZZZZZ.jpg,Daughter of the Blood (Black Jewels Trilogy) Anne Bishop Roc,13,8.153846153846153,7.968814479686955
051513628X,Key of Light (Key Trilogy (Paperback)),Nora Roberts,2003,Jove Books,http://images.amazon.com/images/P/051513628X.01.THUMBZZZ.jpg,http://images.amazon.com/images/P/051513628X.01.MZZZZZZZ.jpg,http://images.amazon.com/images/P/051513628X.01.LZZZZZZZ.jpg,Key of Light (Key Trilogy (Paperback)) Nora Roberts Jove Books,41,8.073170731707316,7.99952258737163
0553573136,Couplehood,PAUL REISER,1995,Bantam,http://images.amazon.com/images/P/0553573136.01.THUMBZZZ.jpg,http://images.amazon.com/images/P/0553573136.01.MZZZZZZZ.jpg,http://images.amazon.com/images/P/0553573136.01.LZZZZZZZ.jpg,Couplehood PAUL REISER Bantam,39,7.846153846153846,7.846964031011347
0671524313,The Girlfriends' Guide to Pregnancy,Vicki Iovine,1995,Pocket,http://images.amazon.com/images/P/0671524313.01.THUMBZZZ.jpg,http://images.amazon.com/images/P/0671524313.01.MZZZZZZZ.jpg,http://images.amazon.com/images/P/0671524313.01.LZZZZZZZ.jpg,The Girlfriends' Guide to Pregnancy Vicki Iovine Pocket,15,7.6,7.7420250808477
0765342987,Kushiel's Dart,Jacqueline Carey,2002,Tor Books,http://images.amazon.com/images/P/0765342987.01.THUMBZZZ.jpg,http://images.amazon.com/images/P/0765342987.01.MZZZZZZZ.jpg,http://images.amazon.com/images/P/0765342987.01.LZZZZZZZ.jpg,Kushiel's Dart Jacqueline Carey Tor Books,20,8.15,7.999271945741738
0812575717,Ender's Shadow,Orson Scott Card,2000,Tor Books,http://images.amazon.com/images/P/0812575717.01.THUMBZZZ.jpg,http://images.amazon.com/images/P/0812575717.01.MZZZZZZZ.jpg,http://images.amazon.com/images/P/0812575717.01.LZZZZZZZ.jpg,Ender's Shadow Orson Scott Card Tor Books,19,8.68421052631579,8.25566353409409
0836204387,The Calvin and Hobbes Tenth Anniversary Book,Bill Watterson,1995,Andrews McMeel Publishing,http://images.amazon.com/images/P/0836204387.01.THUMBZZZ.jpg,http://images.amazon.com/images/P/0836204387.01.MZZZZZZZ.jpg,http://images.amazon.com/images/P/0836204387.01.LZZZZZZZ.jpg,The Calvin and Hobbes Tenth Anniversary Book Bill Watterson Andrews McMeel Publishing,19,9.421052631578947,8.614637893068448
0836218787,Scientific Progress Goes 'Boink':  A Calvin and Hobbes Collection,Bill Watterson,1991,Andrews McMeel Publishing,http://images.amazon.com/images/P/0836218787.01.THUMBZZZ.jpg,http://images.amazon.com/images/P/0836218787.01.MZZZZZZZ.jpg,http://images.amazon.com/images/P/0836218787.01.LZZZZZZZ.jpg,Scientific Progress Goes 'Boink':  A Calvin and Hobbes Collection Bill Watterson Andrews McMeel Publishing,21,9.428571428571429,8.657826288528526
0836220889,Calvin and Hobbes,Bill Watterson,1987,Andrews McMeel Publishing,http://images.amazon.com/images/P/0836220889.01.THUMBZZZ.jpg,http://images.amazon.com/images/P/0836220889.01.MZZZZZZZ.jpg,http://images.amazon.com/images/P/0836220889.01.LZZZZZZZ.jpg,Calvin and Hobbes Bill Watterson Andrews McMeel Publishing,20,9.5,8.674271945741738
0836221362,It's A Magical World: A Calvin and Hobbes Collection,Bill Watterson,1996,Andrews McMeel Publishing,http://images.amazon.com/images/P/0836221362.01.THUMBZZZ.jpg,http://images.amazon.com/images/P/0836221362.01.MZZZZZZZ.jpg,http://images.amazon.com/images/P/0836221362.01.LZZZZZZZ.jpg,It's A Magical World: A Calvin and Hobbes Collection Bill Watterson Andrews McMeel Publishing,16,9.5,8.582524384157487
0920668372,Love You Forever,Robert N. Munsch,1986,Firefly Books Ltd,http://images.amazon.com/images/P/0920668372.01.THUMBZZZ.jpg,http://images.amazon.com/images/P/0920668372.01.MZZZZZZZ.jpg,http://images.amazon.com/images/P/0920668372.01.LZZZZZZZ.jpg,Love You Forever Robert N. Munsch Firefly Books Ltd,17,9.294117647058824,8.512726427828907
068483376X,Succulent Wild Woman,Sark,1997,Fireside,http://images.amazon.com/images/P/068483376X.01.THUMBZZZ.jpg,http://images.amazon.com/images/P/068483376X.01.MZZZZZZZ.jpg,http://images.amazon.com/images/P/068483376X.01.LZZZZZZZ.jpg,Succulent Wild Woman Sark Fireside,22,8.227272727272727,8.046925662611178
0060987529,Confessions of an Ugly Stepsister : A Novel,Gregory Maguire,2000,Regan Books,http://images.amazon.com/images/P/0060987529.01.THUMBZZZ.jpg,http://images.amazon.com/images/P/0060987529.01.MZZZZZZZ.jpg,http://images.amazon.com/images/P/0060987529.01.LZZZZZZZ.jpg,Confessions of an Ugly Stepsister : A Novel Gregory Maguire Regan Books,70,7.571428571428571,7.633009753662994
0345314255,Sword of Shannara,Terry Brooks,1995,Del Rey Books,http://images.amazon.com/images/P/0345314255.01.THUMBZZZ.jpg,http://images.amazon.com/images/P/0345314255.01.MZZZZZZZ.jpg,http://images.amazon.com/images/P/0345314255.01.LZZZZZZZ.jpg,Sword of Shannara Terry Brooks Del Rey Books,27,7.814814814814815,7.829167613397225
0345317580,Magic Kingdom for Sale - Sold! (Magic Kingdom of Landover),Terry Brooks,1990,Del Rey Books,http://images.amazon.com/images/P/0345317580.01.THUMBZZZ.jpg,http://images.amazon.com/images/P/0345317580.01.MZZZZZZZ.jpg,http://images.amazon.com/images/P/0345317580.01.LZZZZZZZ.jpg,Magic Kingdom for Sale - Sold! (Magic Kingdom of Landover) Terry Brooks Del Rey Books,13,8.384615384615385,8.059723570596047
0451137965,Thinner,Stephen King,1985,New Amer Library,http://images.amazon.com/images/P/0451137965.01.THUMBZZZ.jpg,http://images.amazon.com/images/P/0451137965.01.MZZZZZZZ.jpg,http://images.amazon.com/images/P/0451137965.01.LZZZZZZZ.jpg,Thinner Stephen King New Amer Library,30,7.8,7.81941755659339
0671527215,Hitchhikers's Guide to the Galaxy,Douglas Adams,1984,Pocket,http://images.amazon.com/images/P/0671527215.01.THUMBZZZ.jpg,http://images.amazon.com/images/P/0671527215.01.MZZZZZZZ.jpg,http://images.amazon.com/images/P/0671527215.01.LZZZZZZZ.jpg,Hitchhikers's Guide to the Galaxy Douglas Adams Pocket,20,8.45,8.149271945741738
0671695304,"FOREVER : A Novel of Good and Evil, Love and Hope",Judy Blume,1989,Pocket,http://images.amazon.com/images/P/0671695304.01.THUMBZZZ.jpg,http://images.amazon.com/images/P/0671695304.01.MZZZZZZZ.jpg,http://images.amazon.com/images/P/0671695304.01.LZZZZZZZ.jpg,"FOREVER : A Novel of Good and Evil, Love and Hope Judy Blume Pocket",18,7.666666666666667,7.762391521833408
0142004235,East of Eden (Oprah's Book Club),John Steinbeck,2003,Penguin Books,http://images.amazon.com/images/P/0142004235.01.THUMBZZZ.jpg,http://images.amazon.com/images/P/0142004235.01.MZZZZZZZ.jpg,http://images.amazon.com/images/P/0142004235.01.LZZZZZZZ.jpg,East of Eden (Oprah's Book Club) John Steinbeck Penguin Books,44,8.659090909090908,8.405794966088585
0385335830,Diary of a Mad Bride (Summer Display Opportunity),Laura Wolf,2002,Delta,http://images.amazon.com/images/P/0385335830.01.THUMBZZZ.jpg,http://images.amazon.com/images/P/0385335830.01.MZZZZZZZ.jpg,http://images.amazon.com/images/P/0385335830.01.LZZZZZZZ.jpg,Diary of a Mad Bride (Summer Display Opportunity) Laura Wolf Delta,39,7.564102564102564,7.660523353045246
0553272837,Brazen Virtue,Nora Roberts,1996,Bantam Books,http://images.amazon.com/images/P/0553272837.01.THUMBZZZ.jpg,http://images.amazon.com/images/P/0553272837.01.MZZZZZZZ.jpg,http://images.amazon.com/images/P/0553272837.01.LZZZZZZZ.jpg,Brazen Virtue Nora Roberts Bantam Books,23,6.869565217391305,7.32490413557371
0743262174,"Cry, the Beloved Country (Oprah's Book Club)",Alan Paton,2003,Scribner,http://images.amazon.com/images/P/0743262174.01.THUMBZZZ.jpg,http://images.amazon.com/images/P/0743262174.01.MZZZZZZZ.jpg,http://images.amazon.com/images/P/0743262174.01.LZZZZZZZ.jpg,"Cry, the Beloved Country (Oprah's Book Club) Alan Paton Scribner",18,8.166666666666666,7.999233627096565
0060392452,Stupid White Men ...and Other Sorry Excuses for the State of the Nation!,Michael Moore,2002,Regan Books,http://images.amazon.com/images/P/0060392452.01.THUMBZZZ.jpg,http://images.amazon.com/images/P/0060392452.01.MZZZZZZZ.jpg,http://images.amazon.com/images/P/0060392452.01.LZZZZZZZ.jpg,Stupid White Men ...and Other Sorry Excuses for the State of the Nation! Michael Moore Regan Books,99,7.909090909090909,7.898914939745122
0312263120,Digital Fortress : A Thriller,Dan Brown,2000,St. Martin's Griffin,http://images.amazon.com/images/P/0312263120.01.THUMBZZZ.jpg,http://images.amazon.com/images/P/0312263120.01.MZZZZZZZ.jpg,http://images.amazon.com/images/P/0312263120.01.LZZZZZZZ.jpg,Digital Fortress : A Thriller Dan Brown St. Martin's Griffin,35,7.257142857142857,7.472197778721264
0446532231,"Dude, Where's My Country?",Michael Moore,2003,Warner Books,http://images.amazon.com/images/P/0446532231.01.THUMBZZZ.jpg,http://images.amazon.com/images/P/0446532231.01.MZZZZZZZ.jpg,http://images.amazon.com/images/P/0446532231.01.LZZZZZZZ.jpg,"Dude, Where's My Country? Michael Moore Warner Books",71,8.309859154929578,8.208471184941423
0886777844,Summon the Keeper,Tanya Huff,1998,Daw Books,http://images.amazon.com/images/P/0886777844.01.THUMBZZZ.jpg,http://images.amazon.com/images/P/0886777844.01.MZZZZZZZ.jpg,http://images.amazon.com/images/P/0886777844.01.LZZZZZZZ.jpg,Summon the Keeper Tanya Huff Daw Books,17,7.588235294117647,7.728942644045123
0061030643,The Associate,Phillip Margolin,2002,HarperTorch,http://images.amazon.com/images/P/0061030643.01.THUMBZZZ.jpg,http://images.amazon.com/images/P/0061030643.01.MZZZZZZZ.jpg,http://images.amazon.com/images/P/0061030643.01.LZZZZZZZ.jpg,The Associate Phillip Margolin HarperTorch,20,7.65,7.749271945741738
0345404793,Protect and Defend,Richard North Patterson,2001,Ballantine Books,http://images.amazon.com/images/P/0345404793.01.THUMBZZZ.jpg,http://images.amazon.com/images/P/0345404793.01.MZZZZZZZ.jpg,http://images.amazon.com/images/P/0345404793.01.LZZZZZZZ.jpg,Protect and Defend Richard North Patterson Ballantine Books,15,7.466666666666667,7.684882223704843
0345423615,The Silver Wolf,ALICE BORCHARDT,1999,Ballantine Books,http://images.amazon.com/images/P/0345423615.01.THUMBZZZ.jpg,http://images.amazon.com/images/P/0345423615.01.MZZZZZZZ.jpg,http://images.amazon.com/images/P/0345423615.01.LZZZZZZZ.jpg,The Silver Wolf ALICE BORCHARDT Ballantine Books,15,7.0,7.484882223704843
0345447867,The Apprentice,Tess Gerritsen,2003,Ballantine Books,http://images.amazon.com/images/P/0345447867.01.THUMBZZZ.jpg,http://images.amazon.com/images/P/0345447867.01.MZZZZZZZ.jpg,http://images.amazon.com/images/P/0345447867.01.LZZZZZZZ.jpg,The Apprentice Tess Gerritsen Ballantine Books,24,7.583333333333333,7.703883587037943
0380002930,Watership Down,Richard Adams,1976,Avon,http://images.amazon.com/images/P/0380002930.01.THUMBZZZ.jpg,http://images.amazon.com/images/P/0380002930.01.MZZZZZZZ.jpg,http://images.amazon.com/images/P/0380002930.01.LZZZZZZZ.jpg,Watership Down Richard Adams Avon,70,8.7,8.510787531440773
0425119653,Mutation,Robin Cook,1991,Berkley Publishing Group,http://images.amazon.com/images/P/0425119653.01.THUMBZZZ.jpg,http://images.amazon.com/images/P/0425119653.01.MZZZZZZZ.jpg,http://images.amazon.com/images/P/0425119653.01.LZZZZZZZ.jpg,Mutation Robin Cook Berkley Publishing Group,26,6.846153846153846,7.281975604992815
0425172546,Southern Cross,Patricia Daniels Cornwell,1999,Berkley Publishing Group,http://images.amazon.com/images/P/0425172546.01.THUMBZZZ.jpg,http://images.amazon.com/images/P/0425172546.01.MZZZZZZZ.jpg,http://images.amazon.com/images/P/0425172546.01.LZZZZZZZ.jpg,Southern Cross Patricia Daniels Cornwell Berkley Publishing Group,41,6.902439024390244,7.212637341469992
0440221471,The Runaway Jury,JOHN GRISHAM,1997,Dell,http://images.amazon.com/images/P/0440221471.01.THUMBZZZ.jpg,http://images.amazon.com/images/P/0440221471.01.MZZZZZZZ.jpg,http://images.amazon.com/images/P/0440221471.01.LZZZZZZZ.jpg,The Runaway Jury JOHN GRISHAM Dell,98,7.785714285714286,7.796363371437877
0440236673,The Brethren,John Grisham,2000,Island,http://images.amazon.com/images/P/0440236673.01.THUMBZZZ.jpg,http://images.amazon.com/images/P/0440236673.01.MZZZZZZZ.jpg,http://images.amazon.com/images/P/0440236673.01.LZZZZZZZ.jpg,The Brethren John Grisham Island,102,7.647058823529412,7.680089162538275
0446609323,Black Friday,James Patterson,1989,Warner Vision,http://images.amazon.com/images/P/0446609323.01.THUMBZZZ.jpg,http://images.amazon.com/images/P/0446609323.01.MZZZZZZZ.jpg,http://images.amazon.com/images/P/0446609323.01.LZZZZZZZ.jpg,Black Friday James Patterson Warner Vision,33,7.03030303030303,7.339073166597538
0446612790,2nd Chance,James Patterson,2003,Warner Vision,http://images.amazon.com/images/P/0446612790.01.THUMBZZZ.jpg,http://images.amazon.com/images/P/0446612790.01.MZZZZZZZ.jpg,http://images.amazon.com/images/P/0446612790.01.LZZZZZZZ.jpg,2nd Chance James Patterson Warner Vision,74,7.716216216216216,7.744371040741165
0451204891,The Hearing,John Lescroart,2002,Signet Book,http://images.amazon.com/images/P/0451204891.01.THUMBZZZ.jpg,http://images.amazon.com/images/P/0451204891.01.MZZZZZZZ.jpg,http://images.amazon.com/images/P/0451204891.01.LZZZZZZZ.jpg,The Hearing John Lescroart Signet Book,18,8.0,7.920286258675514
0553263226,The Bourne Supremacy,Robert Ludlum,1987,Bantam,http://images.amazon.com/images/P/0553263226.01.THUMBZZZ.jpg,http://images.amazon.com/images/P/0553263226.01.MZZZZZZZ.jpg,http://images.amazon.com/images/P/0553263226.01.LZZZZZZZ.jpg,The Bourne Supremacy Robert Ludlum Bantam,19,7.842105263157895,7.8454071238376795
0553582526,Dust to Dust,TAMI HOAG,2002,Bantam,http://images.amazon.com/images/P/0553582526.01.THUMBZZZ.jpg,http://images.amazon.com/images/P/0553582526.01.MZZZZZZZ.jpg,http://images.amazon.com/images/P/0553582526.01.LZZZZZZZ.jpg,Dust to Dust TAMI HOAG Bantam,34,7.235294117647059,7.462423663512398
0553584510,The Survivors Club,LISA GARDNER,2003,Bantam,http://images.amazon.com/images/P/0553584510.01.THUMBZZZ.jpg,http://images.amazon.com/images/P/0553584510.01.MZZZZZZZ.jpg,http://images.amazon.com/images/P/0553584510.01.LZZZZZZZ.jpg,The Survivors Club LISA GARDNER Bantam,26,8.115384615384615,7.999366909340641
0671660632,Dirk Gently's Holistic Detective Agency,Douglas Adams,1988,Pocket,http://images.amazon.com/images/P/0671660632.01.THUMBZZZ.jpg,http://images.amazon.com/images/P/0671660632.01.MZZZZZZZ.jpg,http://images.amazon.com/images/P/0671660632.01.LZZZZZZZ.jpg,Dirk Gently's Holistic Detective Agency Douglas Adams Pocket,11,7.7272727272727275,7.805512188053855
0812517725,"The Great Hunt (The Wheel of Time, Book 2)",Robert Jordan,1991,Tor Fantasy,http://images.amazon.com/images/P/0812517725.01.THUMBZZZ.jpg,http://images.amazon.com/images/P/0812517725.01.MZZZZZZZ.jpg,http://images.amazon.com/images/P/0812517725.01.LZZZZZZZ.jpg,"The Great Hunt (The Wheel of Time, Book 2) Robert Jordan Tor Fantasy",22,8.681818181818182,8.285020900706417
0375706062,Lying Awake,Mark Salzman,2001,Vintage Books USA,http://images.amazon.com/images/P/0375706062.01.THUMBZZZ.jpg,http://images.amazon.com/images/P/0375706062.01.MZZZZZZZ.jpg,http://images.amazon.com/images/P/0375706062.01.LZZZZZZZ.jpg,Lying Awake Mark Salzman Vintage Books USA,14,8.285714285714286,8.028555230284397
0425147622,The Body Farm,Patricia Daniels Cornwell,1995,Berkley Publishing Group,http://images.amazon.com/images/P/0425147622.01.THUMBZZZ.jpg,http://images.amazon.com/images/P/0425147622.01.MZZZZZZZ.jpg,http://images.amazon.com/images/P/0425147622.01.LZZZZZZZ.jpg,The Body Farm Patricia Daniels Cornwell Berkley Publishing Group,66,8.045454545454545,7.999661370112436
0446360856,The Gold Coast,Nelson DeMille,1991,Warner Books,http://images.amazon.com/images/P/0446360856.01.THUMBZZZ.jpg,http://images.amazon.com/images/P/0446360856.01.MZZZZZZZ.jpg,http://images.amazon.com/images/P/0446360856.01.LZZZZZZZ.jpg,The Gold Coast Nelson DeMille Warner Books,15,7.6,7.7420250808477
0451180410,Mortal Fear,Greg Iles,1998,Signet Book,http://images.amazon.com/images/P/0451180410.01.THUMBZZZ.jpg,http://images.amazon.com/images/P/0451180410.01.MZZZZZZZ.jpg,http://images.amazon.com/images/P/0451180410.01.LZZZZZZZ.jpg,Mortal Fear Greg Iles Signet Book,21,7.238095238095238,7.535875069016329
0425115801,Lightning,Dean R. Koontz,1996,Berkley Publishing Group,http://images.amazon.com/images/P/0425115801.01.THUMBZZZ.jpg,http://images.amazon.com/images/P/0425115801.01.MZZZZZZZ.jpg,http://images.amazon.com/images/P/0425115801.01.LZZZZZZZ.jpg,Lightning Dean R. Koontz Berkley Publishing Group,37,8.216216216216216,8.087208382976659
0425144429,Mr. Murder,Dean R. Koontz,1996,Berkley Publishing Group,http://images.amazon.com/images/P/0425144429.01.THUMBZZZ.jpg,http://images.amazon.com/images/P/0425144429.01.MZZZZZZZ.jpg,http://images.amazon.com/images/P/0425144429.01.LZZZZZZZ.jpg,Mr. Murder Dean R. Koontz Berkley Publishing Group,39,7.256410256410256,7.457133522536771
0425188809,Watchers,Dean R. Koontz,2003,Berkley Publishing Group,http://images.amazon.com/images/P/0425188809.01.THUMBZZZ.jpg,http://images.amazon.com/images/P/0425188809.01.MZZZZZZZ.jpg,http://images.amazon.com/images/P/0425188809.01.LZZZZZZZ.jpg,Watchers Dean R. Koontz Berkley Publishing Group,14,8.428571428571429,8.087378759696161
0553210092,The Scarlet Letter,NATHANIEL HAWTHORNE,1965,Bantam,http://images.amazon.com/images/P/0553210092.01.THUMBZZZ.jpg,http://images.amazon.com/images/P/0553210092.01.MZZZZZZZ.jpg,http://images.amazon.com/images/P/0553210092.01.LZZZZZZZ.jpg,The Scarlet Letter NATHANIEL HAWTHORNE Bantam,24,7.416666666666667,7.612974496128852
0345348036,The Princess Bride: S Morgenstern's Classic Tale of True Love and High Adventure,WILLIAM GOLDMAN,1987,Del Rey,http://images.amazon.com/images/P/0345348036.01.THUMBZZZ.jpg,http://images.amazon.com/images/P/0345348036.01.MZZZZZZZ.jpg,http://images.amazon.com/images/P/0345348036.01.LZZZZZZZ.jpg,The Princess Bride: S Morgenstern's Classic Tale of True Love and High Adventure WILLIAM GOLDMAN Del Rey,49,8.816326530612244,8.535809823618399
034545104X,Flesh Tones: A Novel,M. J. Rose,2002,Ballantine Books,http://images.amazon.com/images/P/034545104X.01.THUMBZZZ.jpg,http://images.amazon.com/images/P/034545104X.01.MZZZZZZZ.jpg,http://images.amazon.com/images/P/034545104X.01.LZZZZZZZ.jpg,Flesh Tones: A Novel M. J. Rose Ballantine Books,18,6.166666666666667,7.051865206043935
0385482388,The Mistress of Spices,Chitra Banerjee Divakaruni,1998,Anchor Books/Doubleday,http://images.amazon.com/images/P/0385482388.01.THUMBZZZ.jpg,http://images.amazon.com/images/P/0385482388.01.MZZZZZZZ.jpg,http://images.amazon.com/images/P/0385482388.01.LZZZZZZZ.jpg,The Mistress of Spices Chitra Banerjee Divakaruni Anchor Books/Doubleday,30,7.3,7.519417556593391
0399141146,The Hundred Secret Senses,Amy Tan,1995,Putnam Pub Group,http://images.amazon.com/images/P/0399141146.01.THUMBZZZ.jpg,http://images.amazon.com/images/P/0399141146.01.MZZZZZZZ.jpg,http://images.amazon.com/images/P/0399141146.01.LZZZZZZZ.jpg,The Hundred Secret Senses Amy Tan Putnam Pub Group,23,7.869565217391305,7.859787856503942
0452260116,Song of Solomon (Oprah's Book Club (Paperback)),Toni Morrison,1987,Plume Books,http://images.amazon.com/images/P/0452260116.01.THUMBZZZ.jpg,http://images.amazon.com/images/P/0452260116.01.MZZZZZZZ.jpg,http://images.amazon.com/images/P/0452260116.01.LZZZZZZZ.jpg,Song of Solomon (Oprah's Book Club (Paperback)) Toni Morrison Plume Books,42,7.333333333333333,7.499530287575314
0553278223,The Martian Chronicles,RAY BRADBURY,1984,Spectra,http://images.amazon.com/images/P/0553278223.01.THUMBZZZ.jpg,http://images.amazon.com/images/P/0553278223.01.MZZZZZZZ.jpg,http://images.amazon.com/images/P/0553278223.01.LZZZZZZZ.jpg,The Martian Chronicles RAY BRADBURY Spectra,23,8.26086956521739,8.069090182085336
0312265867,To the Nines: A Stephanie Plum Novel,Janet Evanovich,2003,St. Martin's Press,http://images.amazon.com/images/P/0312265867.01.THUMBZZZ.jpg,http://images.amazon.com/images/P/0312265867.01.MZZZZZZZ.jpg,http://images.amazon.com/images/P/0312265867.01.LZZZZZZZ.jpg,To the Nines: A Stephanie Plum Novel Janet Evanovich St. Martin's Press,48,8.666666666666666,8.426042321024552
0440403278,Number the Stars (Yearling Newbery),Lois Lowry,1990,Yearling Books,http://images.amazon.com/images/P/0440403278.01.THUMBZZZ.jpg,http://images.amazon.com/images/P/0440403278.01.MZZZZZZZ.jpg,http://images.amazon.com/images/P/0440403278.01.LZZZZZZZ.jpg,Number the Stars (Yearling Newbery) Lois Lowry Yearling Books,13,8.615384615384615,8.150632661505137
0451191145,Atlas Shrugged,Ayn Rand,1996,Signet Book,http://images.amazon.com/images/P/0451191145.01.THUMBZZZ.jpg,http://images.amazon.com/images/P/0451191145.01.MZZZZZZZ.jpg,http://images.amazon.com/images/P/0451191145.01.LZZZZZZZ.jpg,Atlas Shrugged Ayn Rand Signet Book,42,8.214285714285714,8.0963044811237
0345424719,A Widow for One Year,JOHN IRVING,1999,Ballantine Books,http://images.amazon.com/images/P/0345424719.01.THUMBZZZ.jpg,http://images.amazon.com/images/P/0345424719.01.MZZZZZZZ.jpg,http://images.amazon.com/images/P/0345424719.01.LZZZZZZZ.jpg,A Widow for One Year JOHN IRVING Ballantine Books,42,8.095238095238095,8.015659319833379
0345465083,Seabiscuit,LAURA HILLENBRAND,2003,Ballantine Books,http://images.amazon.com/images/P/0345465083.01.THUMBZZZ.jpg,http://images.amazon.com/images/P/0345465083.01.MZZZZZZZ.jpg,http://images.amazon.com/images/P/0345465083.01.LZZZZZZZ.jpg,Seabiscuit LAURA HILLENBRAND Ballantine Books,36,8.444444444444445,8.231622818386956
0061032093,Breathing Room (Avon Romance),Susan Elizabeth Phillips,2003,Avon Books,http://images.amazon.com/images/P/0061032093.01.THUMBZZZ.jpg,http://images.amazon.com/images/P/0061032093.01.MZZZZZZZ.jpg,http://images.amazon.com/images/P/0061032093.01.LZZZZZZZ.jpg,Breathing Room (Avon Romance) Susan Elizabeth Phillips Avon Books,14,7.214285714285714,7.587378759696162
0515114693,Born in Fire,Nora Roberts,1994,Jove Books,http://images.amazon.com/images/P/0515114693.01.THUMBZZZ.jpg,http://images.amazon.com/images/P/0515114693.01.MZZZZZZZ.jpg,http://images.amazon.com/images/P/0515114693.01.LZZZZZZZ.jpg,Born in Fire Nora Roberts Jove Books,23,8.304347826086957,8.092345996038826
0060958022,Five Quarters of the Orange,Joanne Harris,2002,Perennial,http://images.amazon.com/images/P/0060958022.01.THUMBZZZ.jpg,http://images.amazon.com/images/P/0060958022.01.MZZZZZZZ.jpg,http://images.amazon.com/images/P/0060958022.01.LZZZZZZZ.jpg,Five Quarters of the Orange Joanne Harris Perennial,50,7.74,7.77101254042385
014034294X,Matilda,Roald Dahl,1990,Puffin Books,http://images.amazon.com/images/P/014034294X.01.THUMBZZZ.jpg,http://images.amazon.com/images/P/014034294X.01.MZZZZZZZ.jpg,http://images.amazon.com/images/P/014034294X.01.LZZZZZZZ.jpg,Matilda Roald Dahl Puffin Books,16,8.3125,8.054746606379709
0385508417,Skipping Christmas,JOHN GRISHAM,2002,Doubleday,http://images.amazon.com/images/P/0385508417.01.THUMBZZZ.jpg,http://images.amazon.com/images/P/0385508417.01.MZZZZZZZ.jpg,http://images.amazon.com/images/P/0385508417.01.LZZZZZZZ.jpg,Skipping Christmas JOHN GRISHAM Doubleday,28,7.428571428571429,7.603559954784782
0440204194,Firefly Summer,Maeve Binchy,1989,Dell,http://images.amazon.com/images/P/0440204194.01.THUMBZZZ.jpg,http://images.amazon.com/images/P/0440204194.01.MZZZZZZZ.jpg,http://images.amazon.com/images/P/0440204194.01.LZZZZZZZ.jpg,Firefly Summer Maeve Binchy Dell,24,7.583333333333333,7.703883587037943
0440237688,The Giver (Readers Circle),LOIS LOWRY,2002,Laurel Leaf,http://images.amazon.com/images/P/0440237688.01.THUMBZZZ.jpg,http://images.amazon.com/images/P/0440237688.01.MZZZZZZZ.jpg,http://images.amazon.com/images/P/0440237688.01.LZZZZZZZ.jpg,The Giver (Readers Circle) LOIS LOWRY Laurel Leaf,19,8.842105263157896,8.332586611017167
044048474X,Tales of a Fourth Grade Nothing,JUDY BLUME,1976,Yearling,http://images.amazon.com/images/P/044048474X.01.THUMBZZZ.jpg,http://images.amazon.com/images/P/044048474X.01.MZZZZZZZ.jpg,http://images.amazon.com/images/P/044048474X.01.LZZZZZZZ.jpg,Tales of a Fourth Grade Nothing JUDY BLUME Yearling,16,8.5625,8.16585771749082
0446516538,Slow Waltz in Cedar Bend,Robert James Waller,1993,Warner Books,http://images.amazon.com/images/P/0446516538.01.THUMBZZZ.jpg,http://images.amazon.com/images/P/0446516538.01.MZZZZZZZ.jpg,http://images.amazon.com/images/P/0446516538.01.LZZZZZZZ.jpg,Slow Waltz in Cedar Bend Robert James Waller Warner Books,37,6.297297297297297,6.841594347888939
0446611867,A Bend in the Road,Nicholas Sparks,2002,Warner Books,http://images.amazon.com/images/P/0446611867.01.THUMBZZZ.jpg,http://images.amazon.com/images/P/0446611867.01.MZZZZZZZ.jpg,http://images.amazon.com/images/P/0446611867.01.LZZZZZZZ.jpg,A Bend in the Road Nicholas Sparks Warner Books,68,7.602941176470588,7.658759975337153
0670030643,The Eyre Affair (Alex Awards (Awards)),Jasper Fforde,2002,Viking Books,http://images.amazon.com/images/P/0670030643.01.THUMBZZZ.jpg,http://images.amazon.com/images/P/0670030643.01.MZZZZZZZ.jpg,http://images.amazon.com/images/P/0670030643.01.LZZZZZZZ.jpg,The Eyre Affair (Alex Awards (Awards)) Jasper Fforde Viking Books,26,7.846153846153846,7.847192996297163
0679751602,Mama Makes Up Her Mind: And Other Dangers of Southern Living,Bailey White,1994,Vintage Books USA,http://images.amazon.com/images/P/0679751602.01.THUMBZZZ.jpg,http://images.amazon.com/images/P/0679751602.01.MZZZZZZZ.jpg,http://images.amazon.com/images/P/0679751602.01.LZZZZZZZ.jpg,Mama Makes Up Her Mind: And Other Dangers of Southern Living Bailey White Vintage Books USA,26,7.538461538461538,7.673279952818902
0684801221,OLD MAN AND THE SEA,Ernest Hemingway,1995,Scribner,http://images.amazon.com/images/P/0684801221.01.THUMBZZZ.jpg,http://images.amazon.com/images/P/0684801221.01.MZZZZZZZ.jpg,http://images.amazon.com/images/P/0684801221.01.LZZZZZZZ.jpg,OLD MAN AND THE SEA Ernest Hemingway Scribner,28,8.5,8.228559954784782
0671004107,Contact,Carl Sagan,1997,Pocket,http://images.amazon.com/images/P/0671004107.01.THUMBZZZ.jpg,http://images.amazon.com/images/P/0671004107.01.MZZZZZZZ.jpg,http://images.amazon.com/images/P/0671004107.01.LZZZZZZZ.jpg,Contact Carl Sagan Pocket,45,7.866666666666666,7.861090428148762
0345404475,Do Androids Dream of Electric Sheep?,Philip K. Dick,1996,Del Rey Books,http://images.amazon.com/images/P/0345404475.01.THUMBZZZ.jpg,http://images.amazon.com/images/P/0345404475.01.MZZZZZZZ.jpg,http://images.amazon.com/images/P/0345404475.01.LZZZZZZZ.jpg,Do Androids Dream of Electric Sheep? Philip K. Dick Del Rey Books,17,8.470588235294118,8.134348049450528
0374100128,The Corrections (Oprah Edition),Jonathan Franzen,2001,Farrar Straus Giroux,http://images.amazon.com/images/P/0374100128.01.THUMBZZZ.jpg,http://images.amazon.com/images/P/0374100128.01.MZZZZZZZ.jpg,http://images.amazon.com/images/P/0374100128.01.LZZZZZZZ.jpg,The Corrections (Oprah Edition) Jonathan Franzen Farrar Straus Giroux,27,6.518518518518518,7.084486762333395
0553211404,Jane Eyre (Bantam Classics),Charlotte Bronte,1983,Bantam,http://images.amazon.com/images/P/0553211404.01.THUMBZZZ.jpg,http://images.amazon.com/images/P/0553211404.01.MZZZZZZZ.jpg,http://images.amazon.com/images/P/0553211404.01.LZZZZZZZ.jpg,Jane Eyre (Bantam Classics) Charlotte Bronte Bantam,33,8.666666666666666,8.35794109112584
0553562967,Bellwether,Connie Willis,1997,Bantam Books,http://images.amazon.com/images/P/0553562967.01.THUMBZZZ.jpg,http://images.amazon.com/images/P/0553562967.01.MZZZZZZZ.jpg,http://images.amazon.com/images/P/0553562967.01.LZZZZZZZ.jpg,Bellwether Connie Willis Bantam Books,16,8.5625,8.16585771749082
140003065X,A Fine Balance,Rohinton Mistry,2001,Vintage Books USA,http://images.amazon.com/images/P/140003065X.01.THUMBZZZ.jpg,http://images.amazon.com/images/P/140003065X.01.MZZZZZZZ.jpg,http://images.amazon.com/images/P/140003065X.01.LZZZZZZZ.jpg,A Fine Balance Rohinton Mistry Vintage Books USA,38,8.052631578947368,7.9822565143046464
1400032717,The Curious Incident of the Dog in the Night-Time (Vintage Contemporaries),Mark Haddon,2004,Vintage,http://images.amazon.com/images/P/1400032717.01.THUMBZZZ.jpg,http://images.amazon.com/images/P/1400032717.01.MZZZZZZZ.jpg,http://images.amazon.com/images/P/1400032717.01.LZZZZZZZ.jpg,The Curious Incident of the Dog in the Night-Time (Vintage Contemporaries) Mark Haddon Vintage,39,8.666666666666666,8.38933691236728
037570504X,"Breath, Eyes, Memory",Edwidge Danticat,1998,Vintage Books USA,http://images.amazon.com/images/P/037570504X.01.THUMBZZZ.jpg,http://images.amazon.com/images/P/037570504X.01.MZZZZZZZ.jpg,http://images.amazon.com/images/P/037570504X.01.LZZZZZZZ.jpg,"Breath, Eyes, Memory Edwidge Danticat Vintage Books USA",34,7.029411764705882,7.332794033882768
0425130215,Hocus Pocus,Kurt Vonnegut,1991,Berkley Publishing Group,http://images.amazon.com/images/P/0425130215.01.THUMBZZZ.jpg,http://images.amazon.com/images/P/0425130215.01.MZZZZZZZ.jpg,http://images.amazon.com/images/P/0425130215.01.LZZZZZZZ.jpg,Hocus Pocus Kurt Vonnegut Berkley Publishing Group,17,8.058823529411764,7.945158860261339
0525945210,A Man Named Dave: A Story of Triumph and Forgiveness,David J. Pelzer,1999,Dutton Books,http://images.amazon.com/images/P/0525945210.01.THUMBZZZ.jpg,http://images.amazon.com/images/P/0525945210.01.MZZZZZZZ.jpg,http://images.amazon.com/images/P/0525945210.01.LZZZZZZZ.jpg,A Man Named Dave: A Story of Triumph and Forgiveness David J. Pelzer Dutton Books,15,8.666666666666666,8.199167937990557
0446601241,Kiss the Girls,James Patterson,1995,Warner Books,http://images.amazon.com/images/P/0446601241.01.THUMBZZZ.jpg,http://images.amazon.com/images/P/0446601241.01.MZZZZZZZ.jpg,http://images.amazon.com/images/P/0446601241.01.LZZZZZZZ.jpg,Kiss the Girls James Patterson Warner Books,65,8.061538461538461,8.011422092113758
0394571029,All I Really Need to Know I Learned in Kindergarten: Uncommon Thoughts on Common Things,Robert Fulghum,1988,Villard Books,http://images.amazon.com/images/P/0394571029.01.THUMBZZZ.jpg,http://images.amazon.com/images/P/0394571029.01.MZZZZZZZ.jpg,http://images.amazon.com/images/P/0394571029.01.LZZZZZZZ.jpg,All I Really Need to Know I Learned in Kindergarten: Uncommon Thoughts on Common Things Robert Fulghum Villard Books,18,7.333333333333333,7.604496784991303
044021145X,The Firm,John Grisham,1992,Bantam Dell Publishing Group,http://images.amazon.com/images/P/044021145X.01.THUMBZZZ.jpg,http://images.amazon.com/images/P/044021145X.01.MZZZZZZZ.jpg,http://images.amazon.com/images/P/044021145X.01.LZZZZZZZ.jpg,The Firm John Grisham Bantam Dell Publishing Group,156,7.92948717948718,7.920289078577667
0446343455,Tourist Season,Carl Hiaasen,1987,Warner Books,http://images.amazon.com/images/P/0446343455.01.THUMBZZZ.jpg,http://images.amazon.com/images/P/0446343455.01.MZZZZZZZ.jpg,http://images.amazon.com/images/P/0446343455.01.LZZZZZZZ.jpg,Tourist Season Carl Hiaasen Warner Books,22,7.545454545454546,7.689782805468322
0446359866,Presumed Innocent,Scott Turow,1989,Warner Books,http://images.amazon.com/images/P/0446359866.01.THUMBZZZ.jpg,http://images.amazon.com/images/P/0446359866.01.MZZZZZZZ.jpg,http://images.amazon.com/images/P/0446359866.01.LZZZZZZZ.jpg,Presumed Innocent Scott Turow Warner Books,43,7.72093023255814,7.76144250523285
044661193X,Basket Case,Carl Hiaasen,2003,Warner Books,http://images.amazon.com/images/P/044661193X.01.THUMBZZZ.jpg,http://images.amazon.com/images/P/044661193X.01.MZZZZZZZ.jpg,http://images.amazon.com/images/P/044661193X.01.LZZZZZZZ.jpg,Basket Case Carl Hiaasen Warner Books,30,7.5,7.63941755659339
0743469801,Why Girls Are Weird : A Novel,Pamela Ribon,2003,Downtown Press,http://images.amazon.com/images/P/0743469801.01.THUMBZZZ.jpg,http://images.amazon.com/images/P/0743469801.01.MZZZZZZZ.jpg,http://images.amazon.com/images/P/0743469801.01.LZZZZZZZ.jpg,Why Girls Are Weird : A Novel Pamela Ribon Downtown Press,26,7.769230769230769,7.803714735427598
1573229326,How to Be Good,Nick Hornby,2002,Riverhead Books,http://images.amazon.com/images/P/1573229326.01.THUMBZZZ.jpg,http://images.amazon.com/images/P/1573229326.01.MZZZZZZZ.jpg,http://images.amazon.com/images/P/1573229326.01.LZZZZZZZ.jpg,How to Be Good Nick Hornby Riverhead Books,70,6.614285714285714,6.888565309218549
0451203895,4 Blondes,Candace Bushnell,2002,Signet Book,http://images.amazon.com/images/P/0451203895.01.THUMBZZZ.jpg,http://images.amazon.com/images/P/0451203895.01.MZZZZZZZ.jpg,http://images.amazon.com/images/P/0451203895.01.LZZZZZZZ.jpg,4 Blondes Candace Bushnell Signet Book,37,5.648648648648648,6.420541716309991
0804111898,Uh-Oh: Some Observations from Both Sides of the Refrigerator Door,Robert Fulghum,1993,Ivy Books,http://images.amazon.com/images/P/0804111898.01.THUMBZZZ.jpg,http://images.amazon.com/images/P/0804111898.01.MZZZZZZZ.jpg,http://images.amazon.com/images/P/0804111898.01.LZZZZZZZ.jpg,Uh-Oh: Some Observations from Both Sides of the Refrigerator Door Robert Fulghum Ivy Books,18,7.666666666666667,7.762391521833408
0345370775,Jurassic Park,Michael Crichton,1999,Ballantine Books,http://images.amazon.com/images/P/0345370775.01.THUMBZZZ.jpg,http://images.amazon.com/images/P/0345370775.01.MZZZZZZZ.jpg,http://images.amazon.com/images/P/0345370775.01.LZZZZZZZ.jpg,Jurassic Park Michael Crichton Ballantine Books,147,7.857142857142857,7.856113040896225
0425181464,Seduction in Death,J. D. Robb,2001,Berkley Publishing Group,http://images.amazon.com/images/P/0425181464.01.THUMBZZZ.jpg,http://images.amazon.com/images/P/0425181464.01.MZZZZZZZ.jpg,http://images.amazon.com/images/P/0425181464.01.LZZZZZZZ.jpg,Seduction in Death J. D. Robb Berkley Publishing Group,21,7.571428571428571,7.706606776333403
0440998050,A Wrinkle in Time,Madeleine L'Engle,1976,Laure Leaf,http://images.amazon.com/images/P/0440998050.01.THUMBZZZ.jpg,http://images.amazon.com/images/P/0440998050.01.MZZZZZZZ.jpg,http://images.amazon.com/images/P/0440998050.01.LZZZZZZZ.jpg,A Wrinkle in Time Madeleine L'Engle Laure Leaf,51,8.745098039215685,8.492547575065768
080410526X,All I Really Need to Know,ROBERT FULGHUM,1989,Ivy Books,http://images.amazon.com/images/P/080410526X.01.THUMBZZZ.jpg,http://images.amazon.com/images/P/080410526X.01.MZZZZZZZ.jpg,http://images.amazon.com/images/P/080410526X.01.LZZZZZZZ.jpg,All I Really Need to Know ROBERT FULGHUM Ivy Books,67,8.149253731343284,8.080125032524938
0375504397,Black House,Stephen King,2001,Random House Trade,http://images.amazon.com/images/P/0375504397.01.THUMBZZZ.jpg,http://images.amazon.com/images/P/0375504397.01.MZZZZZZZ.jpg,http://images.amazon.com/images/P/0375504397.01.LZZZZZZZ.jpg,Black House Stephen King Random House Trade,41,7.7073170731707314,7.753620948027368
0684853515,Hearts In Atlantis : New Fiction,Stephen King,1999,Scribner,http://images.amazon.com/images/P/0684853515.01.THUMBZZZ.jpg,http://images.amazon.com/images/P/0684853515.01.MZZZZZZZ.jpg,http://images.amazon.com/images/P/0684853515.01.LZZZZZZZ.jpg,Hearts In Atlantis : New Fiction Stephen King Scribner,40,8.0,7.949514630494491
0316779237,Holidays on Ice : Stories,David Sedaris,1998,Back Bay Books,http://images.amazon.com/images/P/0316779237.01.THUMBZZZ.jpg,http://images.amazon.com/images/P/0316779237.01.MZZZZZZZ.jpg,http://images.amazon.com/images/P/0316779237.01.LZZZZZZZ.jpg,Holidays on Ice : Stories David Sedaris Back Bay Books,26,7.923076923076923,7.890671257166728
0440234743,The Testament,John Grisham,1999,Dell,http://images.amazon.com/images/P/0440234743.01.THUMBZZZ.jpg,http://images.amazon.com/images/P/0440234743.01.MZZZZZZZ.jpg,http://images.amazon.com/images/P/0440234743.01.LZZZZZZZ.jpg,The Testament John Grisham Dell,121,7.652892561983471,7.680644523614678
0679448594,Primary Colors: A Novel of Politics,Anonymous,1996,Random House Inc,http://images.amazon.com/images/P/0679448594.01.THUMBZZZ.jpg,http://images.amazon.com/images/P/0679448594.01.MZZZZZZZ.jpg,http://images.amazon.com/images/P/0679448594.01.LZZZZZZZ.jpg,Primary Colors: A Novel of Politics Anonymous Random House Inc,18,6.444444444444445,7.183444153412355
0884046818,Battlefield Earth: A Saga of the Year 3000,L. Ron Hubbard,1991,Bridge Publications,http://images.amazon.com/images/P/0884046818.01.THUMBZZZ.jpg,http://images.amazon.com/images/P/0884046818.01.MZZZZZZZ.jpg,http://images.amazon.com/images/P/0884046818.01.LZZZZZZZ.jpg,Battlefield Earth: A Saga of the Year 3000 L. Ron Hubbard Bridge Publications,16,6.75,7.360302161935264
0425161242,Chromosome 6,Robin Cook,2000,Berkley Publishing Group,http://images.amazon.com/images/P/0425161242.01.THUMBZZZ.jpg,http://images.amazon.com/images/P/0425161242.01.MZZZZZZZ.jpg,http://images.amazon.com/images/P/0425161242.01.LZZZZZZZ.jpg,Chromosome 6 Robin Cook Berkley Publishing Group,23,7.434782608695652,7.627229716969058
0446527785,A Bend in the Road,Nicholas Sparks,2001,Warner Books,http://images.amazon.com/images/P/0446527785.01.THUMBZZZ.jpg,http://images.amazon.com/images/P/0446527785.01.MZZZZZZZ.jpg,http://images.amazon.com/images/P/0446527785.01.LZZZZZZZ.jpg,A Bend in the Road Nicholas Sparks Warner Books,34,7.235294117647059,7.462423663512398
0449006530,Midnight Voices,JOHN SAUL,2003,Ballantine Books,http://images.amazon.com/images/P/0449006530.01.THUMBZZZ.jpg,http://images.amazon.com/images/P/0449006530.01.MZZZZZZZ.jpg,http://images.amazon.com/images/P/0449006530.01.LZZZZZZZ.jpg,Midnight Voices JOHN SAUL Ballantine Books,23,7.521739130434782,7.673741344876035
067102535X,"Last Dance, Last Chance (Ann Rule's Crime Files)",Ann Rule,2002,Pocket,http://images.amazon.com/images/P/067102535X.01.THUMBZZZ.jpg,http://images.amazon.com/images/P/067102535X.01.MZZZZZZZ.jpg,http://images.amazon.com/images/P/067102535X.01.LZZZZZZZ.jpg,"Last Dance, Last Chance (Ann Rule's Crime Files) Ann Rule Pocket",20,7.7,7.774271945741738
0312272057,Dry: A Memoir,Augusten Burroughs,2003,St. Martin's Press,http://images.amazon.com/images/P/0312272057.01.THUMBZZZ.jpg,http://images.amazon.com/images/P/0312272057.01.MZZZZZZZ.jpg,http://images.amazon.com/images/P/0312272057.01.LZZZZZZZ.jpg,Dry: A Memoir Augusten Burroughs St. Martin's Press,14,7.714285714285714,7.793261112637339
0064407055,Ella Enchanted (Trophy Newbery),Gail Carson Levine,1998,HarperTrophy,http://images.amazon.com/images/P/0064407055.01.THUMBZZZ.jpg,http://images.amazon.com/images/P/0064407055.01.MZZZZZZZ.jpg,http://images.amazon.com/images/P/0064407055.01.LZZZZZZZ.jpg,Ella Enchanted (Trophy Newbery) Gail Carson Levine HarperTrophy,15,8.0,7.913453652276271
0345413350,"The Golden Compass (His Dark Materials, Book 1)",PHILIP PULLMAN,1997,Del Rey,http://images.amazon.com/images/P/0345413350.01.THUMBZZZ.jpg,http://images.amazon.com/images/P/0345413350.01.MZZZZZZZ.jpg,http://images.amazon.com/images/P/0345413350.01.LZZZZZZZ.jpg,"The Golden Compass (His Dark Materials, Book 1) PHILIP PULLMAN Del Rey",53,8.037735849056604,7.9859024360228705
0836218353,Yukon Ho!,Bill Watterson,1989,Andrews McMeel Publishing,http://images.amazon.com/images/P/0836218353.01.THUMBZZZ.jpg,http://images.amazon.com/images/P/0836218353.01.MZZZZZZZ.jpg,http://images.amazon.com/images/P/0836218353.01.LZZZZZZZ.jpg,Yukon Ho! Bill Watterson Andrews McMeel Publishing,19,8.842105263157896,8.332586611017167
0836218620,Weirdos From Another Planet!,Bill Watterson,1990,Andrews McMeel Publishing,http://images.amazon.com/images/P/0836218620.01.THUMBZZZ.jpg,http://images.amazon.com/images/P/0836218620.01.MZZZZZZZ.jpg,http://images.amazon.com/images/P/0836218620.01.LZZZZZZZ.jpg,Weirdos From Another Planet! Bill Watterson Andrews McMeel Publishing,24,9.25,8.612974496128853
006098824X,Getting Over It,Anna Maxted,2001,Regan Books,http://images.amazon.com/images/P/006098824X.01.THUMBZZZ.jpg,http://images.amazon.com/images/P/006098824X.01.MZZZZZZZ.jpg,http://images.amazon.com/images/P/006098824X.01.LZZZZZZZ.jpg,Getting Over It Anna Maxted Regan Books,20,7.7,7.774271945741738
0064405176,Walk Two Moons,Sharon Creech,1996,HarperTrophy,http://images.amazon.com/images/P/0064405176.01.THUMBZZZ.jpg,http://images.amazon.com/images/P/0064405176.01.MZZZZZZZ.jpg,http://images.amazon.com/images/P/0064405176.01.LZZZZZZZ.jpg,Walk Two Moons Sharon Creech HarperTrophy,16,7.9375,7.888079939713042
0064472795,"Princess in the Spotlight (The Princess Diaries, Vol. 2)",Meg Cabot,2002,HarperTrophy,http://images.amazon.com/images/P/0064472795.01.THUMBZZZ.jpg,http://images.amazon.com/images/P/0064472795.01.MZZZZZZZ.jpg,http://images.amazon.com/images/P/0064472795.01.LZZZZZZZ.jpg,"Princess in the Spotlight (The Princess Diaries, Vol. 2) Meg Cabot HarperTrophy",19,8.263157894736842,8.050535328965886
0312171838,Bachelor Brothers' Bed & Breakfast,Bill Richardson,1997,St. Martin's Griffin,http://images.amazon.com/images/P/0312171838.01.THUMBZZZ.jpg,http://images.amazon.com/images/P/0312171838.01.MZZZZZZZ.jpg,http://images.amazon.com/images/P/0312171838.01.LZZZZZZZ.jpg,Bachelor Brothers' Bed & Breakfast Bill Richardson St. Martin's Griffin,18,8.055555555555555,7.946602048149197
0345453387,Dog Handling,CLARE NAYLOR,2002,Ballantine Books,http://images.amazon.com/images/P/0345453387.01.THUMBZZZ.jpg,http://images.amazon.com/images/P/0345453387.01.MZZZZZZZ.jpg,http://images.amazon.com/images/P/0345453387.01.LZZZZZZZ.jpg,Dog Handling CLARE NAYLOR Ballantine Books,18,7.555555555555555,7.7097599428860395
0373250118,See Jane Date (Red Dress Ink (Paperback)),Melissa Senate,2001,Red Dress Ink,http://images.amazon.com/images/P/0373250118.01.THUMBZZZ.jpg,http://images.amazon.com/images/P/0373250118.01.MZZZZZZZ.jpg,http://images.amazon.com/images/P/0373250118.01.LZZZZZZZ.jpg,See Jane Date (Red Dress Ink (Paperback)) Melissa Senate Red Dress Ink,18,7.111111111111111,7.499233627096566
0373250126,Milkrun,Sarah Mlynowski,2001,Harlequin,http://images.amazon.com/images/P/0373250126.01.THUMBZZZ.jpg,http://images.amazon.com/images/P/0373250126.01.MZZZZZZZ.jpg,http://images.amazon.com/images/P/0373250126.01.LZZZZZZZ.jpg,Milkrun Sarah Mlynowski Harlequin,30,7.033333333333333,7.359417556593391
0380814021,The Princess Diaries,Meg Cabot,2001,HarperTrophy,http://images.amazon.com/images/P/0380814021.01.THUMBZZZ.jpg,http://images.amazon.com/images/P/0380814021.01.MZZZZZZZ.jpg,http://images.amazon.com/images/P/0380814021.01.LZZZZZZZ.jpg,The Princess Diaries Meg Cabot HarperTrophy,26,8.307692307692308,8.108062561514554
0380973545,Letters from a Nut,Ted L. Nancy,1999,William Morrow,http://images.amazon.com/images/P/0380973545.01.THUMBZZZ.jpg,http://images.amazon.com/images/P/0380973545.01.MZZZZZZZ.jpg,http://images.amazon.com/images/P/0380973545.01.LZZZZZZZ.jpg,Letters from a Nut Ted L. Nancy William Morrow,18,7.5,7.683444153412355
0385722435,Ella Minnow Pea: A Novel in Letters,Mark Dunn,2002,Anchor Books/Doubleday,http://images.amazon.com/images/P/0385722435.01.THUMBZZZ.jpg,http://images.amazon.com/images/P/0385722435.01.MZZZZZZZ.jpg,http://images.amazon.com/images/P/0385722435.01.LZZZZZZZ.jpg,Ella Minnow Pea: A Novel in Letters Mark Dunn Anchor Books/Doubleday,31,8.225806451612904,8.077860349601362
044652087X,My Sergei: A Love Story,Ekaterina Gordeeva,1996,Warner Books,http://images.amazon.com/images/P/044652087X.01.THUMBZZZ.jpg,http://images.amazon.com/images/P/044652087X.01.MZZZZZZZ.jpg,http://images.amazon.com/images/P/044652087X.01.LZZZZZZZ.jpg,My Sergei: A Love Story Ekaterina Gordeeva Warner Books,19,8.157894736842104,7.999253277683833
0553213164,Anne of Windy Poplars (Anne of Green Gables Novels (Paperback)),L.M. MONTGOMERY,1983,Bantam Classics,http://images.amazon.com/images/P/0553213164.01.THUMBZZZ.jpg,http://images.amazon.com/images/P/0553213164.01.MZZZZZZZ.jpg,http://images.amazon.com/images/P/0553213164.01.LZZZZZZZ.jpg,Anne of Windy Poplars (Anne of Green Gables Novels (Paperback)) L.M. MONTGOMERY Bantam Classics,20,8.95,8.399271945741738
0671027344,The Perks of Being a Wallflower,Stephen Chbosky,1999,MTV,http://images.amazon.com/images/P/0671027344.01.THUMBZZZ.jpg,http://images.amazon.com/images/P/0671027344.01.MZZZZZZZ.jpg,http://images.amazon.com/images/P/0671027344.01.LZZZZZZZ.jpg,The Perks of Being a Wallflower Stephen Chbosky MTV,33,7.848484848484849,7.848507128861689
0373484410,Time And Again,Nora Roberts,2001,Silhouette,http://images.amazon.com/images/P/0373484410.01.THUMBZZZ.jpg,http://images.amazon.com/images/P/0373484410.01.MZZZZZZZ.jpg,http://images.amazon.com/images/P/0373484410.01.LZZZZZZZ.jpg,Time And Again Nora Roberts Silhouette,25,7.44,7.621575062881545
0425175405,Black Notice,Patricia Daniels Cornwell,2000,Berkley Publishing Group,http://images.amazon.com/images/P/0425175405.01.THUMBZZZ.jpg,http://images.amazon.com/images/P/0425175405.01.MZZZZZZZ.jpg,http://images.amazon.com/images/P/0425175405.01.LZZZZZZZ.jpg,Black Notice Patricia Daniels Cornwell Berkley Publishing Group,67,7.656716417910448,7.70081468769735
0515122734,Sanctuary,Nora Roberts,2004,Jove Books,http://images.amazon.com/images/P/0515122734.01.THUMBZZZ.jpg,http://images.amazon.com/images/P/0515122734.01.MZZZZZZZ.jpg,http://images.amazon.com/images/P/0515122734.01.LZZZZZZZ.jpg,Sanctuary Nora Roberts Jove Books,29,8.379310344827585,8.162670976115704
0671004573,Before I Say Good-Bye,Mary Higgins Clark,2001,Pocket,http://images.amazon.com/images/P/0671004573.01.THUMBZZZ.jpg,http://images.amazon.com/images/P/0671004573.01.MZZZZZZZ.jpg,http://images.amazon.com/images/P/0671004573.01.LZZZZZZZ.jpg,Before I Say Good-Bye Mary Higgins Clark Pocket,40,7.7,7.749514630494492
0671705091,A Knight in Shining Armor,Jude Deveraux,1990,Pocket,http://images.amazon.com/images/P/0671705091.01.THUMBZZZ.jpg,http://images.amazon.com/images/P/0671705091.01.MZZZZZZZ.jpg,http://images.amazon.com/images/P/0671705091.01.LZZZZZZZ.jpg,A Knight in Shining Armor Jude Deveraux Pocket,21,8.761904761904763,8.316362873894379
0743439740,"Every Breath You Take : A True Story of Obsession, Revenge, and Murder",Ann Rule,2002,Pocket,http://images.amazon.com/images/P/0743439740.01.THUMBZZZ.jpg,http://images.amazon.com/images/P/0743439740.01.MZZZZZZZ.jpg,http://images.amazon.com/images/P/0743439740.01.LZZZZZZZ.jpg,"Every Breath You Take : A True Story of Obsession, Revenge, and Murder Ann Rule Pocket",20,8.45,8.149271945741738
0312291639,The Nanny Diaries: A Novel,Emma McLaughlin,2003,St. Martin's Griffin,http://images.amazon.com/images/P/0312291639.01.THUMBZZZ.jpg,http://images.amazon.com/images/P/0312291639.01.MZZZZZZZ.jpg,http://images.amazon.com/images/P/0312291639.01.LZZZZZZZ.jpg,The Nanny Diaries: A Novel Emma McLaughlin St. Martin's Griffin,109,7.192660550458716,7.294347890152477
0312995423,Digital Fortress : A Thriller,Dan Brown,2003,St. Martin's Press,http://images.amazon.com/images/P/0312995423.01.THUMBZZZ.jpg,http://images.amazon.com/images/P/0312995423.01.MZZZZZZZ.jpg,http://images.amazon.com/images/P/0312995423.01.LZZZZZZZ.jpg,Digital Fortress : A Thriller Dan Brown St. Martin's Press,56,7.589285714285714,7.657511550390389
0345386132,Eyes of a Child,Richard North Patterson,1996,Ballantine Books,http://images.amazon.com/images/P/0345386132.01.THUMBZZZ.jpg,http://images.amazon.com/images/P/0345386132.01.MZZZZZZZ.jpg,http://images.amazon.com/images/P/0345386132.01.LZZZZZZZ.jpg,Eyes of a Child Richard North Patterson Ballantine Books,17,7.588235294117647,7.728942644045123
0375727345,House of Sand and Fog,Andre Dubus III,2000,Vintage Books,http://images.amazon.com/images/P/0375727345.01.THUMBZZZ.jpg,http://images.amazon.com/images/P/0375727345.01.MZZZZZZZ.jpg,http://images.amazon.com/images/P/0375727345.01.LZZZZZZZ.jpg,House of Sand and Fog Andre Dubus III Vintage Books,152,7.421052631578948,7.470760917614358
0380804697,Paradise Lost,J.A. Jance,2002,Avon,http://images.amazon.com/images/P/0380804697.01.THUMBZZZ.jpg,http://images.amazon.com/images/P/0380804697.01.MZZZZZZZ.jpg,http://images.amazon.com/images/P/0380804697.01.LZZZZZZZ.jpg,Paradise Lost J.A. Jance Avon,12,6.833333333333333,7.4678399321771725
039914613X,Easy Prey,John Sandford,2000,Putnam Publishing Group,http://images.amazon.com/images/P/039914613X.01.THUMBZZZ.jpg,http://images.amazon.com/images/P/039914613X.01.MZZZZZZZ.jpg,http://images.amazon.com/images/P/039914613X.01.LZZZZZZZ.jpg,Easy Prey John Sandford Putnam Publishing Group,16,7.625,7.7491910508241535
0399149155,Q Is for Quarry,Sue Grafton,2002,Putnam Publishing Group,http://images.amazon.com/images/P/0399149155.01.THUMBZZZ.jpg,http://images.amazon.com/images/P/0399149155.01.MZZZZZZZ.jpg,http://images.amazon.com/images/P/0399149155.01.LZZZZZZZ.jpg,Q Is for Quarry Sue Grafton Putnam Publishing Group,38,8.078947368421053,7.999497893614992
0425178951,Deep South,Nevada Barr,2001,Berkley Publishing Group,http://images.amazon.com/images/P/0425178951.01.THUMBZZZ.jpg,http://images.amazon.com/images/P/0425178951.01.MZZZZZZZ.jpg,http://images.amazon.com/images/P/0425178951.01.LZZZZZZZ.jpg,Deep South Nevada Barr Berkley Publishing Group,19,7.631578947368421,7.742843021273577
0440236703,Tell No One,Harlan Coben,2002,Dell Publishing Company,http://images.amazon.com/images/P/0440236703.01.THUMBZZZ.jpg,http://images.amazon.com/images/P/0440236703.01.MZZZZZZZ.jpg,http://images.amazon.com/images/P/0440236703.01.LZZZZZZZ.jpg,Tell No One Harlan Coben Dell Publishing Company,53,8.0,7.958505175748897
0451208811,Blood Orchid,Stuart Woods,2003,Signet Book,http://images.amazon.com/images/P/0451208811.01.THUMBZZZ.jpg,http://images.amazon.com/images/P/0451208811.01.MZZZZZZZ.jpg,http://images.amazon.com/images/P/0451208811.01.LZZZZZZZ.jpg,Blood Orchid Stuart Woods Signet Book,12,7.25,7.6240899321771725
0452264464,Beloved (Plume Contemporary Fiction),Toni Morrison,1994,Plume,http://images.amazon.com/images/P/0452264464.01.THUMBZZZ.jpg,http://images.amazon.com/images/P/0452264464.01.MZZZZZZZ.jpg,http://images.amazon.com/images/P/0452264464.01.LZZZZZZZ.jpg,Beloved (Plume Contemporary Fiction) Toni Morrison Plume,59,7.864406779661017,7.860390858603412
0671014919,My Gal Sunday,Mary Higgins Clark,2003,Pocket,http://images.amazon.com/images/P/0671014919.01.THUMBZZZ.jpg,http://images.amazon.com/images/P/0671014919.01.MZZZZZZZ.jpg,http://images.amazon.com/images/P/0671014919.01.LZZZZZZZ.jpg,My Gal Sunday Mary Higgins Clark Pocket,22,6.818181818181818,7.308830424515941
0671027387,Deception Point,Dan Brown,2002,Pocket,http://images.amazon.com/images/P/0671027387.01.THUMBZZZ.jpg,http://images.amazon.com/images/P/0671027387.01.MZZZZZZZ.jpg,http://images.amazon.com/images/P/0671027387.01.LZZZZZZZ.jpg,Deception Point Dan Brown Pocket,70,7.7,7.733009753662994
039914465X,Southern Cross,Patricia Daniels Cornwell,1999,Putnam Pub Group,http://images.amazon.com/images/P/039914465X.01.THUMBZZZ.jpg,http://images.amazon.com/images/P/039914465X.01.MZZZZZZZ.jpg,http://images.amazon.com/images/P/039914465X.01.LZZZZZZZ.jpg,Southern Cross Patricia Daniels Cornwell Putnam Pub Group,18,6.611111111111111,7.262391521833408
0452278902,The Green Mile: The Complete Serial Novel,Stephen King,1997,Plume Books,http://images.amazon.com/images/P/0452278902.01.THUMBZZZ.jpg,http://images.amazon.com/images/P/0452278902.01.MZZZZZZZ.jpg,http://images.amazon.com/images/P/0452278902.01.LZZZZZZZ.jpg,The Green Mile: The Complete Serial Novel Stephen King Plume Books,19,8.31578947368421,8.076176354606911
006099486X,"The Professor and the Madman: A Tale of Murder, Insanity, and the Making of The Oxford English Dictionary",Simon Winchester,1999,Perennial,http://images.amazon.com/images/P/006099486X.01.THUMBZZZ.jpg,http://images.amazon.com/images/P/006099486X.01.MZZZZZZZ.jpg,http://images.amazon.com/images/P/006099486X.01.LZZZZZZZ.jpg,"The Professor and the Madman: A Tale of Murder, Insanity, and the Making of The Oxford English Dictionary Simon Winchester Perennial",32,7.5625,7.672516881339799
0399143947,Point of Origin,Patricia Daniels Cornwell,1998,Putnam Pub Group,http://images.amazon.com/images/P/0399143947.01.THUMBZZZ.jpg,http://images.amazon.com/images/P/0399143947.01.MZZZZZZZ.jpg,http://images.amazon.com/images/P/0399143947.01.LZZZZZZZ.jpg,Point of Origin Patricia Daniels Cornwell Putnam Pub Group,38,7.947368421052632,7.913290997063267
0440237262,The Program,Stephen White,2002,Dell Publishing Company,http://images.amazon.com/images/P/0440237262.01.THUMBZZZ.jpg,http://images.amazon.com/images/P/0440237262.01.MZZZZZZZ.jpg,http://images.amazon.com/images/P/0440237262.01.LZZZZZZZ.jpg,The Program Stephen White Dell Publishing Company,15,7.333333333333333,7.627739366561985
044651652X,The Bridges of Madison County,Robert James Waller,1992,Warner Books,http://images.amazon.com/images/P/044651652X.01.THUMBZZZ.jpg,http://images.amazon.com/images/P/044651652X.01.MZZZZZZZ.jpg,http://images.amazon.com/images/P/044651652X.01.LZZZZZZZ.jpg,The Bridges of Madison County Robert James Waller Warner Books,101,7.3861386138613865,7.462569238261732
0440439884,Island of the Blue Dolphins,SCOTT O'DELL,1971,Random House Children's Books,http://images.amazon.com/images/P/0440439884.01.THUMBZZZ.jpg,http://images.amazon.com/images/P/0440439884.01.MZZZZZZZ.jpg,http://images.amazon.com/images/P/0440439884.01.LZZZZZZZ.jpg,Island of the Blue Dolphins SCOTT O'DELL Random House Children's Books,26,7.961538461538462,7.912410387601511
0842329277,"Assassins: Assignment: Jerusalem, Target: Antichrist (Left Behind No. 6)",Tim Lahaye,2000,Tyndale House Publishers,http://images.amazon.com/images/P/0842329277.01.THUMBZZZ.jpg,http://images.amazon.com/images/P/0842329277.01.MZZZZZZZ.jpg,http://images.amazon.com/images/P/0842329277.01.LZZZZZZZ.jpg,"Assassins: Assignment: Jerusalem, Target: Antichrist (Left Behind No. 6) Tim Lahaye Tyndale House Publishers",26,7.846153846153846,7.847192996297163
0060987049,Microserfs,Douglas Coupland,1996,Regan Books,http://images.amazon.com/images/P/0060987049.01.THUMBZZZ.jpg,http://images.amazon.com/images/P/0060987049.01.MZZZZZZZ.jpg,http://images.amazon.com/images/P/0060987049.01.LZZZZZZZ.jpg,Microserfs Douglas Coupland Regan Books,17,7.882352941176471,7.864077779180258
0802130208,A Confederacy of Dunces (Evergreen Book),John Kennedy Toole,1987,Grove Press,http://images.amazon.com/images/P/0802130208.01.THUMBZZZ.jpg,http://images.amazon.com/images/P/0802130208.01.MZZZZZZZ.jpg,http://images.amazon.com/images/P/0802130208.01.LZZZZZZZ.jpg,A Confederacy of Dunces (Evergreen Book) John Kennedy Toole Grove Press,45,7.222222222222222,7.414936581994915
1550548913,How to Be a Canadian: Even If You Already are One,Will Ferguson,2003,Douglas & McIntyre,http://images.amazon.com/images/P/1550548913.01.THUMBZZZ.jpg,http://images.amazon.com/images/P/1550548913.01.MZZZZZZZ.jpg,http://images.amazon.com/images/P/1550548913.01.LZZZZZZZ.jpg,How to Be a Canadian: Even If You Already are One Will Ferguson Douglas & McIntyre,15,8.133333333333333,7.970596509419128
1573225517,High Fidelity,Nick Hornby,1996,Riverhead Books,http://images.amazon.com/images/P/1573225517.01.THUMBZZZ.jpg,http://images.amazon.com/images/P/1573225517.01.MZZZZZZZ.jpg,http://images.amazon.com/images/P/1573225517.01.LZZZZZZZ.jpg,High Fidelity Nick Hornby Riverhead Books,40,8.35,8.182847963827825
0142002267,"Word Freak: Heartbreak, Triumph, Genius, and Obsession in the World of Competitive Scrabble Players",Stefan Fatsis,2002,Penguin Books,http://images.amazon.com/images/P/0142002267.01.THUMBZZZ.jpg,http://images.amazon.com/images/P/0142002267.01.MZZZZZZZ.jpg,http://images.amazon.com/images/P/0142002267.01.LZZZZZZZ.jpg,"Word Freak: Heartbreak, Triumph, Genius, and Obsession in the World of Competitive Scrabble Players Stefan Fatsis Penguin Books",31,8.225806451612904,8.077860349601362
0375703764,House of Leaves,Mark Z. Danielewski,2000,Pantheon Books,http://images.amazon.com/images/P/0375703764.01.THUMBZZZ.jpg,http://images.amazon.com/images/P/0375703764.01.MZZZZZZZ.jpg,http://images.amazon.com/images/P/0375703764.01.LZZZZZZZ.jpg,House of Leaves Mark Z. Danielewski Pantheon Books,26,8.384615384615385,8.15154082238412
0671004549,You Belong To Me,Mary Higgins Clark,1999,Pocket Books,http://images.amazon.com/images/P/0671004549.01.THUMBZZZ.jpg,http://images.amazon.com/images/P/0671004549.01.MZZZZZZZ.jpg,http://images.amazon.com/images/P/0671004549.01.LZZZZZZZ.jpg,You Belong To Me Mary Higgins Clark Pocket Books,32,7.40625,7.5763630351859526
0345384369,Intensity,DEAN KOONTZ,1996,Ballantine Books,http://images.amazon.com/images/P/0345384369.01.THUMBZZZ.jpg,http://images.amazon.com/images/P/0345384369.01.MZZZZZZZ.jpg,http://images.amazon.com/images/P/0345384369.01.LZZZZZZZ.jpg,Intensity DEAN KOONTZ Ballantine Books,37,8.108108108108109,8.017032944380167
0449219410,Skin Tight,Carl Hiaasen,1990,Fawcett Books,http://images.amazon.com/images/P/0449219410.01.THUMBZZZ.jpg,http://images.amazon.com/images/P/0449219410.01.MZZZZZZZ.jpg,http://images.amazon.com/images/P/0449219410.01.LZZZZZZZ.jpg,Skin Tight Carl Hiaasen Fawcett Books,16,8.125,7.971413273046375
051512608X,The Reef,Nora Roberts,1999,Jove Books,http://images.amazon.com/images/P/051512608X.01.THUMBZZZ.jpg,http://images.amazon.com/images/P/051512608X.01.MZZZZZZZ.jpg,http://images.amazon.com/images/P/051512608X.01.LZZZZZZZ.jpg,The Reef Nora Roberts Jove Books,26,6.884615384615385,7.303714735427598
0515127221,Sullivan's Island: A Lowcountry Tale,Dorothea Benton Frank,2000,Jove Books,http://images.amazon.com/images/P/0515127221.01.THUMBZZZ.jpg,http://images.amazon.com/images/P/0515127221.01.MZZZZZZZ.jpg,http://images.amazon.com/images/P/0515127221.01.LZZZZZZZ.jpg,Sullivan's Island: A Lowcountry Tale Dorothea Benton Frank Jove Books,20,7.9,7.874271945741738
0679454446,Lucky You,Carl Hiaasen,1997,Random House Inc,http://images.amazon.com/images/P/0679454446.01.THUMBZZZ.jpg,http://images.amazon.com/images/P/0679454446.01.MZZZZZZZ.jpg,http://images.amazon.com/images/P/0679454446.01.LZZZZZZZ.jpg,Lucky You Carl Hiaasen Random House Inc,14,8.142857142857142,7.969731700872632
0345382323,The PMS Outlaws : An Elizabeth MacPherson Novel,Sharyn McCrumb,2001,Bantam Books,http://images.amazon.com/images/P/0345382323.01.THUMBZZZ.jpg,http://images.amazon.com/images/P/0345382323.01.MZZZZZZZ.jpg,http://images.amazon.com/images/P/0345382323.01.LZZZZZZZ.jpg,The PMS Outlaws : An Elizabeth MacPherson Novel Sharyn McCrumb Bantam Books,15,7.4,7.656310795133415
0425188787,Hunting Season (Anna Pigeon Novels (Paperback)),Nevada Barr,2003,Berkley Publishing Group,http://images.amazon.com/images/P/0425188787.01.THUMBZZZ.jpg,http://images.amazon.com/images/P/0425188787.01.MZZZZZZZ.jpg,http://images.amazon.com/images/P/0425188787.01.LZZZZZZZ.jpg,Hunting Season (Anna Pigeon Novels (Paperback)) Nevada Barr Berkley Publishing Group,23,7.565217391304348,7.696997158829523
0060391448,Wicked : The Life and Times of the Wicked Witch of the West,Gregory Maguire,1995,HarperCollins,http://images.amazon.com/images/P/0060391448.01.THUMBZZZ.jpg,http://images.amazon.com/images/P/0060391448.01.MZZZZZZZ.jpg,http://images.amazon.com/images/P/0060391448.01.LZZZZZZZ.jpg,Wicked : The Life and Times of the Wicked Witch of the West Gregory Maguire HarperCollins,14,8.285714285714286,8.028555230284397
0375703861,White Teeth: A Novel,Zadie Smith,2001,Vintage Books USA,http://images.amazon.com/images/P/0375703861.01.THUMBZZZ.jpg,http://images.amazon.com/images/P/0375703861.01.MZZZZZZZ.jpg,http://images.amazon.com/images/P/0375703861.01.LZZZZZZZ.jpg,White Teeth: A Novel Zadie Smith Vintage Books USA,43,7.627906976744186,7.697950441740786
1573225789,The Color of Water: A Black Man's Tribute to His White Mother,James McBride,1997,Riverhead Books,http://images.amazon.com/images/P/1573225789.01.THUMBZZZ.jpg,http://images.amazon.com/images/P/1573225789.01.MZZZZZZZ.jpg,http://images.amazon.com/images/P/1573225789.01.LZZZZZZZ.jpg,The Color of Water: A Black Man's Tribute to His White Mother James McBride Riverhead Books,61,8.229508196721312,8.13544293616876
0385479565,The Hot Zone,Richard Preston,1995,Anchor,http://images.amazon.com/images/P/0385479565.01.THUMBZZZ.jpg,http://images.amazon.com/images/P/0385479565.01.MZZZZZZZ.jpg,http://images.amazon.com/images/P/0385479565.01.LZZZZZZZ.jpg,The Hot Zone Richard Preston Anchor,54,8.185185185185185,8.094201051752291
0425152251,Sophie's World: A Novel About the History of Philosophy,Jostein Gaarder,1996,Berkley Publishing Group,http://images.amazon.com/images/P/0425152251.01.THUMBZZZ.jpg,http://images.amazon.com/images/P/0425152251.01.MZZZZZZZ.jpg,http://images.amazon.com/images/P/0425152251.01.LZZZZZZZ.jpg,Sophie's World: A Novel About the History of Philosophy Jostein Gaarder Berkley Publishing Group,55,7.672727272727273,7.719611704395593
0440206154,Red Dragon,Thomas Harris,2000,Dell Publishing Company,http://images.amazon.com/images/P/0440206154.01.THUMBZZZ.jpg,http://images.amazon.com/images/P/0440206154.01.MZZZZZZZ.jpg,http://images.amazon.com/images/P/0440206154.01.LZZZZZZZ.jpg,Red Dragon Thomas Harris Dell Publishing Company,115,7.991304347826087,7.970154650590144
0440967694,The Outsiders,S. E. Hinton,1993,Learning Curve,http://images.amazon.com/images/P/0440967694.01.THUMBZZZ.jpg,http://images.amazon.com/images/P/0440967694.01.MZZZZZZZ.jpg,http://images.amazon.com/images/P/0440967694.01.LZZZZZZZ.jpg,The Outsiders S. E. Hinton Learning Curve,23,8.782608695652174,8.348159949527197
0671758896,"Loves Music, Loves to Dance",Mary Higgins Clark,1992,Pocket,http://images.amazon.com/images/P/0671758896.01.THUMBZZZ.jpg,http://images.amazon.com/images/P/0671758896.01.MZZZZZZZ.jpg,http://images.amazon.com/images/P/0671758896.01.LZZZZZZZ.jpg,"Loves Music, Loves to Dance Mary Higgins Clark Pocket",36,7.444444444444445,7.588765675529814
0140132708,Midnight's Children,Salman Rushdie,1995,Penguin Books,http://images.amazon.com/images/P/0140132708.01.THUMBZZZ.jpg,http://images.amazon.com/images/P/0140132708.01.MZZZZZZZ.jpg,http://images.amazon.com/images/P/0140132708.01.LZZZZZZZ.jpg,Midnight's Children Salman Rushdie Penguin Books,14,8.0,7.910908171460868
014029628X,Girl in Hyacinth Blue,Susan Vreeland,2000,Penguin Books,http://images.amazon.com/images/P/014029628X.01.THUMBZZZ.jpg,http://images.amazon.com/images/P/014029628X.01.MZZZZZZZ.jpg,http://images.amazon.com/images/P/014029628X.01.LZZZZZZZ.jpg,Girl in Hyacinth Blue Susan Vreeland Penguin Books,62,7.983870967741935,7.950864363776457
0312274920,Round Ireland With a Fridge,Tony Hawks,2001,St. Martin's Press,http://images.amazon.com/images/P/0312274920.01.THUMBZZZ.jpg,http://images.amazon.com/images/P/0312274920.01.MZZZZZZZ.jpg,http://images.amazon.com/images/P/0312274920.01.LZZZZZZZ.jpg,Round Ireland With a Fridge Tony Hawks St. Martin's Press,34,7.9411764705882355,7.906868107956843
0345351525,The Queen of the Damned (Vampire Chronicles (Paperback)),Anne Rice,1993,Ballantine Books,http://images.amazon.com/images/P/0345351525.01.THUMBZZZ.jpg,http://images.amazon.com/images/P/0345351525.01.MZZZZZZZ.jpg,http://images.amazon.com/images/P/0345351525.01.LZZZZZZZ.jpg,The Queen of the Damned (Vampire Chronicles (Paperback)) Anne Rice Ballantine Books,83,7.590361445783133,7.640493959511354
034538475X,The Tale of the Body Thief (Vampire Chronicles (Paperback)),Anne Rice,1993,Ballantine Books,http://images.amazon.com/images/P/034538475X.01.THUMBZZZ.jpg,http://images.amazon.com/images/P/034538475X.01.MZZZZZZZ.jpg,http://images.amazon.com/images/P/034538475X.01.LZZZZZZZ.jpg,The Tale of the Body Thief (Vampire Chronicles (Paperback)) Anne Rice Ballantine Books,80,7.2,7.329708778296696
0345409671,"Memnoch the Devil (Vampire Chronicles, No 5)",Anne Rice,1997,Ballantine Books,http://images.amazon.com/images/P/0345409671.01.THUMBZZZ.jpg,http://images.amazon.com/images/P/0345409671.01.MZZZZZZZ.jpg,http://images.amazon.com/images/P/0345409671.01.LZZZZZZZ.jpg,"Memnoch the Devil (Vampire Chronicles, No 5) Anne Rice Ballantine Books",33,7.696969696969697,7.754167506220179
0345423402,A Kiss of Shadows (Meredith Gentry Novels (Paperback)),LAURELL K. HAMILTON,2002,Ballantine Books,http://images.amazon.com/images/P/0345423402.01.THUMBZZZ.jpg,http://images.amazon.com/images/P/0345423402.01.MZZZZZZZ.jpg,http://images.amazon.com/images/P/0345423402.01.LZZZZZZZ.jpg,A Kiss of Shadows (Meredith Gentry Novels (Paperback)) LAURELL K. HAMILTON Ballantine Books,30,7.8,7.81941755659339
0553562614,Snow Crash,Neal Stephenson,1993,Bantam,http://images.amazon.com/images/P/0553562614.01.THUMBZZZ.jpg,http://images.amazon.com/images/P/0553562614.01.MZZZZZZZ.jpg,http://images.amazon.com/images/P/0553562614.01.LZZZZZZZ.jpg,Snow Crash Neal Stephenson Bantam,22,8.545454545454545,8.213592329277846
0553573861,Zodiac: The Eco-Thriller,Neal Stephenson,1995,Bantam,http://images.amazon.com/images/P/0553573861.01.THUMBZZZ.jpg,http://images.amazon.com/images/P/0553573861.01.MZZZZZZZ.jpg,http://images.amazon.com/images/P/0553573861.01.LZZZZZZZ.jpg,Zodiac: The Eco-Thriller Neal Stephenson Bantam,12,8.25,7.9990899321771725
0826308791,The Education of Little Tree (A Zia Book),Forrest Carter,1986,University of New Mexico Press,http://images.amazon.com/images/P/0826308791.01.THUMBZZZ.jpg,http://images.amazon.com/images/P/0826308791.01.MZZZZZZZ.jpg,http://images.amazon.com/images/P/0826308791.01.LZZZZZZZ.jpg,The Education of Little Tree (A Zia Book) Forrest Carter University of New Mexico Press,15,8.466666666666667,8.113453652276272
0345423291,What We Keep : A Novel (Ballantine Reader's Circle),Elizabeth Berg,1999,Ballantine Books,http://images.amazon.com/images/P/0345423291.01.THUMBZZZ.jpg,http://images.amazon.com/images/P/0345423291.01.MZZZZZZZ.jpg,http://images.amazon.com/images/P/0345423291.01.LZZZZZZZ.jpg,What We Keep : A Novel (Ballantine Reader's Circle) Elizabeth Berg Ballantine Books,29,7.931034482758621,7.897364853666725
0156007754,Blindness (Harvest Book),Jose Saramago,1999,Harvest Books,http://images.amazon.com/images/P/0156007754.01.THUMBZZZ.jpg,http://images.amazon.com/images/P/0156007754.01.MZZZZZZZ.jpg,http://images.amazon.com/images/P/0156007754.01.LZZZZZZZ.jpg,Blindness (Harvest Book) Jose Saramago Harvest Books,31,8.67741935483871,8.352370153522932
031205436X,Generation X: Tales for an Accelerated Culture,Douglas Coupland,1992,St. Martin's Press,http://images.amazon.com/images/P/031205436X.01.THUMBZZZ.jpg,http://images.amazon.com/images/P/031205436X.01.MZZZZZZZ.jpg,http://images.amazon.com/images/P/031205436X.01.LZZZZZZZ.jpg,Generation X: Tales for an Accelerated Culture Douglas Coupland St. Martin's Press,26,7.5,7.65154082238412
038533348X,Cat's Cradle,Kurt Vonnegut,1998,Delta,http://images.amazon.com/images/P/038533348X.01.THUMBZZZ.jpg,http://images.amazon.com/images/P/038533348X.01.MZZZZZZZ.jpg,http://images.amazon.com/images/P/038533348X.01.LZZZZZZZ.jpg,Cat's Cradle Kurt Vonnegut Delta,15,8.533333333333333,8.1420250808477
1573226521,The Beach,Alex Garland,1998,Riverhead Books,http://images.amazon.com/images/P/1573226521.01.THUMBZZZ.jpg,http://images.amazon.com/images/P/1573226521.01.MZZZZZZZ.jpg,http://images.amazon.com/images/P/1573226521.01.LZZZZZZZ.jpg,The Beach Alex Garland Riverhead Books,21,7.9523809523809526,7.901728727552915
1573228214,High Fidelity,Nick Hornby,2000,Riverhead Books,http://images.amazon.com/images/P/1573228214.01.THUMBZZZ.jpg,http://images.amazon.com/images/P/1573228214.01.MZZZZZZZ.jpg,http://images.amazon.com/images/P/1573228214.01.LZZZZZZZ.jpg,High Fidelity Nick Hornby Riverhead Books,30,7.766666666666667,7.79941755659339
0064407675,"The Reptile Room (A Series of Unfortunate Events, Book 2)",Lemony Snicket,1999,HarperCollins,http://images.amazon.com/images/P/0064407675.01.THUMBZZZ.jpg,http://images.amazon.com/images/P/0064407675.01.MZZZZZZZ.jpg,http://images.amazon.com/images/P/0064407675.01.LZZZZZZZ.jpg,"The Reptile Room (A Series of Unfortunate Events, Book 2) Lemony Snicket HarperCollins",45,8.022222222222222,7.968782735841069
0380789019,Neverwhere,Neil Gaiman,1998,Avon,http://images.amazon.com/images/P/0380789019.01.THUMBZZZ.jpg,http://images.amazon.com/images/P/0380789019.01.MZZZZZZZ.jpg,http://images.amazon.com/images/P/0380789019.01.LZZZZZZZ.jpg,Neverwhere Neil Gaiman Avon,82,8.109756097560975,8.058538017937936
0380977788,Coraline,Neil Gaiman,2002,HarperCollins,http://images.amazon.com/images/P/0380977788.01.THUMBZZZ.jpg,http://images.amazon.com/images/P/0380977788.01.MZZZZZZZ.jpg,http://images.amazon.com/images/P/0380977788.01.LZZZZZZZ.jpg,Coraline Neil Gaiman HarperCollins,49,8.26530612244898,8.144505475792313
0441304834,Guilty Pleasures (Anita Blake Vampire Hunter (Paperback)),Laurell K. Hamilton,1995,Ace Books,http://images.amazon.com/images/P/0441304834.01.THUMBZZZ.jpg,http://images.amazon.com/images/P/0441304834.01.MZZZZZZZ.jpg,http://images.amazon.com/images/P/0441304834.01.LZZZZZZZ.jpg,Guilty Pleasures (Anita Blake Vampire Hunter (Paperback)) Laurell K. Hamilton Ace Books,43,7.604651162790698,7.68207742586777
006000438X,The Death of Vishnu: A Novel,Manil Suri,2002,Perennial,http://images.amazon.com/images/P/006000438X.01.THUMBZZZ.jpg,http://images.amazon.com/images/P/006000438X.01.MZZZZZZZ.jpg,http://images.amazon.com/images/P/006000438X.01.LZZZZZZZ.jpg,The Death of Vishnu: A Novel Manil Suri Perennial,28,7.5,7.645226621451448
0060175966,The Professor and the Madman,Simon Winchester,1998,HarperCollins Publishers,http://images.amazon.com/images/P/0060175966.01.THUMBZZZ.jpg,http://images.amazon.com/images/P/0060175966.01.MZZZZZZZ.jpg,http://images.amazon.com/images/P/0060175966.01.LZZZZZZZ.jpg,The Professor and the Madman Simon Winchester HarperCollins Publishers,24,8.208333333333334,8.044792677947035
0060929871,Brave New World,Aldous Huxley,1998,Perennial,http://images.amazon.com/images/P/0060929871.01.THUMBZZZ.jpg,http://images.amazon.com/images/P/0060929871.01.MZZZZZZZ.jpg,http://images.amazon.com/images/P/0060929871.01.LZZZZZZZ.jpg,Brave New World Aldous Huxley Perennial,51,7.901960784313726,7.886913772248867
0060964049,"Tales of the City (Tales of the City Series, V. 1)",Armistead Maupin,1989,Perennial,http://images.amazon.com/images/P/0060964049.01.THUMBZZZ.jpg,http://images.amazon.com/images/P/0060964049.01.MZZZZZZZ.jpg,http://images.amazon.com/images/P/0060964049.01.LZZZZZZZ.jpg,"Tales of the City (Tales of the City Series, V. 1) Armistead Maupin Perennial",26,8.153846153846153,8.021106039775423
0140042598,On the Road,Jack Kerouac,1991,Penguin Books,http://images.amazon.com/images/P/0140042598.01.THUMBZZZ.jpg,http://images.amazon.com/images/P/0140042598.01.MZZZZZZZ.jpg,http://images.amazon.com/images/P/0140042598.01.LZZZZZZZ.jpg,On the Road Jack Kerouac Penguin Books,30,8.066666666666666,7.97941755659339
0312150601,Behind the Scenes at the Museum : A Novel,Kate Atkinson,1999,Picador,http://images.amazon.com/images/P/0312150601.01.THUMBZZZ.jpg,http://images.amazon.com/images/P/0312150601.01.MZZZZZZZ.jpg,http://images.amazon.com/images/P/0312150601.01.LZZZZZZZ.jpg,Behind the Scenes at the Museum : A Novel Kate Atkinson Picador,16,7.75,7.804746606379709
0316789844,Resistance : A Novel,Anita Shreve,1997,Back Bay Books,http://images.amazon.com/images/P/0316789844.01.THUMBZZZ.jpg,http://images.amazon.com/images/P/0316789844.01.MZZZZZZZ.jpg,http://images.amazon.com/images/P/0316789844.01.LZZZZZZZ.jpg,Resistance : A Novel Anita Shreve Back Bay Books,18,8.11111111111111,7.972917837622882
0345433491,Hanna's Daughters (Ballantine Reader's Circle),Marianne Fredriksson,1999,Ballantine Books,http://images.amazon.com/images/P/0345433491.01.THUMBZZZ.jpg,http://images.amazon.com/images/P/0345433491.01.MZZZZZZZ.jpg,http://images.amazon.com/images/P/0345433491.01.LZZZZZZZ.jpg,Hanna's Daughters (Ballantine Reader's Circle) Marianne Fredriksson Ballantine Books,16,7.8125,7.832524384157486
0345443284,While I Was Gone,Sue Miller,1999,Ballantine Books,http://images.amazon.com/images/P/0345443284.01.THUMBZZZ.jpg,http://images.amazon.com/images/P/0345443284.01.MZZZZZZZ.jpg,http://images.amazon.com/images/P/0345443284.01.LZZZZZZZ.jpg,While I Was Gone Sue Miller Ballantine Books,81,7.061728395061729,7.217533443858114
0375406530,Waiting,Ha Jin,1999,Pantheon Books,http://images.amazon.com/images/P/0375406530.01.THUMBZZZ.jpg,http://images.amazon.com/images/P/0375406530.01.MZZZZZZZ.jpg,http://images.amazon.com/images/P/0375406530.01.LZZZZZZZ.jpg,Waiting Ha Jin Pantheon Books,19,7.473684210526316,7.665919944350501
0375411550,The Bluest Eye,Toni Morrison,2000,Knopf,http://images.amazon.com/images/P/0375411550.01.THUMBZZZ.jpg,http://images.amazon.com/images/P/0375411550.01.MZZZZZZZ.jpg,http://images.amazon.com/images/P/0375411550.01.LZZZZZZZ.jpg,The Bluest Eye Toni Morrison Knopf,18,7.166666666666667,7.52554941657025
0375500510,Black and Blue : A Novel,ANNA QUINDLEN,1998,Random House,http://images.amazon.com/images/P/0375500510.01.THUMBZZZ.jpg,http://images.amazon.com/images/P/0375500510.01.MZZZZZZZ.jpg,http://images.amazon.com/images/P/0375500510.01.LZZZZZZZ.jpg,Black and Blue : A Novel ANNA QUINDLEN Random House,33,8.121212121212121,8.018318449616405
0375705856,Plainsong (Vintage Contemporaries),KENT HARUF,2000,Vintage,http://images.amazon.com/images/P/0375705856.01.THUMBZZZ.jpg,http://images.amazon.com/images/P/0375705856.01.MZZZZZZZ.jpg,http://images.amazon.com/images/P/0375705856.01.LZZZZZZZ.jpg,Plainsong (Vintage Contemporaries) KENT HARUF Vintage,53,7.6415094339622645,7.6982312031461575
0375707972,The Reader,Bernhard Schlink,1999,Vintage Books USA,http://images.amazon.com/images/P/0375707972.01.THUMBZZZ.jpg,http://images.amazon.com/images/P/0375707972.01.MZZZZZZZ.jpg,http://images.amazon.com/images/P/0375707972.01.LZZZZZZZ.jpg,The Reader Bernhard Schlink Vintage Books USA,101,7.336633663366337,7.421246924212145
0380005239,Go Ask Alice (Avon/Flare Book),James Jennings,1991,Avon Books,http://images.amazon.com/images/P/0380005239.01.THUMBZZZ.jpg,http://images.amazon.com/images/P/0380005239.01.MZZZZZZZ.jpg,http://images.amazon.com/images/P/0380005239.01.LZZZZZZZ.jpg,Go Ask Alice (Avon/Flare Book) James Jennings Avon Books,12,8.5,8.092839932177172
0380730138,Vinegar Hill (Oprah's Book Club (Paperback)),A. Manette Ansay,1998,Perennial,http://images.amazon.com/images/P/0380730138.01.THUMBZZZ.jpg,http://images.amazon.com/images/P/0380730138.01.MZZZZZZZ.jpg,http://images.amazon.com/images/P/0380730138.01.LZZZZZZZ.jpg,Vinegar Hill (Oprah's Book Club (Paperback)) A. Manette Ansay Perennial,59,6.88135593220339,7.126213643413538
0385265700,The Book of Ruth (Oprah's Book Club (Paperback)),Jane Hamilton,1990,Anchor,http://images.amazon.com/images/P/0385265700.01.THUMBZZZ.jpg,http://images.amazon.com/images/P/0385265700.01.MZZZZZZZ.jpg,http://images.amazon.com/images/P/0385265700.01.LZZZZZZZ.jpg,The Book of Ruth (Oprah's Book Club (Paperback)) Jane Hamilton Anchor,84,7.488095238095238,7.557412286823745
0385318782,Talk Before Sleep,Elizabeth Berg,1997,Dell,http://images.amazon.com/images/P/0385318782.01.THUMBZZZ.jpg,http://images.amazon.com/images/P/0385318782.01.MZZZZZZZ.jpg,http://images.amazon.com/images/P/0385318782.01.LZZZZZZZ.jpg,Talk Before Sleep Elizabeth Berg Dell,17,7.470588235294118,7.674888589991069
0385319207,One True Thing,Anna Quindlen,1997,Delta Trade Paperbacks,http://images.amazon.com/images/P/0385319207.01.THUMBZZZ.jpg,http://images.amazon.com/images/P/0385319207.01.MZZZZZZZ.jpg,http://images.amazon.com/images/P/0385319207.01.LZZZZZZZ.jpg,One True Thing Anna Quindlen Delta Trade Paperbacks,19,8.210526315789474,8.02489430332486
038533334X,Charming Billy,Alice McDermott,1999,Delta,http://images.amazon.com/images/P/038533334X.01.THUMBZZZ.jpg,http://images.amazon.com/images/P/038533334X.01.MZZZZZZZ.jpg,http://images.amazon.com/images/P/038533334X.01.LZZZZZZZ.jpg,Charming Billy Alice McDermott Delta,36,6.75,7.142337104101241
0385502532,Drowning Ruth,Christina Schwarz,2000,Doubleday,http://images.amazon.com/images/P/0385502532.01.THUMBZZZ.jpg,http://images.amazon.com/images/P/0385502532.01.MZZZZZZZ.jpg,http://images.amazon.com/images/P/0385502532.01.LZZZZZZZ.jpg,Drowning Ruth Christina Schwarz Doubleday,34,7.764705882352941,7.795756996845732
0399142789,Conversations with God : An Uncommon Dialogue (Book 1),Neale Donald Walsch,1996,Putnam Publishing Group,http://images.amazon.com/images/P/0399142789.01.THUMBZZZ.jpg,http://images.amazon.com/images/P/0399142789.01.MZZZZZZZ.jpg,http://images.amazon.com/images/P/0399142789.01.LZZZZZZZ.jpg,Conversations with God : An Uncommon Dialogue (Book 1) Neale Donald Walsch Putnam Publishing Group,13,8.692307692307692,8.180935691808166
0446677450,"Rich Dad, Poor Dad: What the Rich Teach Their Kids About Money--That the Poor and Middle Class Do Not!",Robert T. Kiyosaki,2000,Warner Books,http://images.amazon.com/images/P/0446677450.01.THUMBZZZ.jpg,http://images.amazon.com/images/P/0446677450.01.MZZZZZZZ.jpg,http://images.amazon.com/images/P/0446677450.01.LZZZZZZZ.jpg,"Rich Dad, Poor Dad: What the Rich Teach Their Kids About Money--That the Poor and Middle Class Do Not! Robert T. Kiyosaki Warner Books",30,7.966666666666667,7.919417556593391
0449911004,Patty Jane's House of Curl (Ballantine Reader's Circle),LORNA LANDVIK,1996,Ballantine Books,http://images.amazon.com/images/P/0449911004.01.THUMBZZZ.jpg,http://images.amazon.com/images/P/0449911004.01.MZZZZZZZ.jpg,http://images.amazon.com/images/P/0449911004.01.LZZZZZZZ.jpg,Patty Jane's House of Curl (Ballantine Reader's Circle) LORNA LANDVIK Ballantine Books,21,7.619047619047619,7.730997020235842
0452280621,Beloved,Toni Morrison,1998,Plume Books,http://images.amazon.com/images/P/0452280621.01.THUMBZZZ.jpg,http://images.amazon.com/images/P/0452280621.01.MZZZZZZZ.jpg,http://images.amazon.com/images/P/0452280621.01.LZZZZZZZ.jpg,Beloved Toni Morrison Plume Books,37,7.513513513513513,7.631068032099465
0452282829,We Were the Mulvaneys,Joyce Carol Oates,1996,Plume,http://images.amazon.com/images/P/0452282829.01.THUMBZZZ.jpg,http://images.amazon.com/images/P/0452282829.01.MZZZZZZZ.jpg,http://images.amazon.com/images/P/0452282829.01.LZZZZZZZ.jpg,We Were the Mulvaneys Joyce Carol Oates Plume,92,7.054347826086956,7.1961685520506204
0679774025,All over but the Shoutin',Rick Bragg,1998,Vintage Books USA,http://images.amazon.com/images/P/0679774025.01.THUMBZZZ.jpg,http://images.amazon.com/images/P/0679774025.01.MZZZZZZZ.jpg,http://images.amazon.com/images/P/0679774025.01.LZZZZZZZ.jpg,All over but the Shoutin' Rick Bragg Vintage Books USA,14,8.642857142857142,8.17561405381381
068484477X,STONES FROM THE RIVER,Ursula Hegi,1997,Touchstone,http://images.amazon.com/images/P/068484477X.01.THUMBZZZ.jpg,http://images.amazon.com/images/P/068484477X.01.MZZZZZZZ.jpg,http://images.amazon.com/images/P/068484477X.01.LZZZZZZZ.jpg,STONES FROM THE RIVER Ursula Hegi Touchstone,83,8.048192771084338,8.009425998346307
1558746161,Chicken Soup for the Teenage Soul II (Chicken Soup for the Soul Series),Jack Canfield,1998,HCI Teens,http://images.amazon.com/images/P/1558746161.01.THUMBZZZ.jpg,http://images.amazon.com/images/P/1558746161.01.MZZZZZZZ.jpg,http://images.amazon.com/images/P/1558746161.01.LZZZZZZZ.jpg,Chicken Soup for the Teenage Soul II (Chicken Soup for the Soul Series) Jack Canfield HCI Teens,16,8.0,7.91585771749082
1565122968,Gap Creek: A Novel,Robert Morgan,2000,Algonquin Books of Chapel Hill,http://images.amazon.com/images/P/1565122968.01.THUMBZZZ.jpg,http://images.amazon.com/images/P/1565122968.01.MZZZZZZZ.jpg,http://images.amazon.com/images/P/1565122968.01.LZZZZZZZ.jpg,Gap Creek: A Novel Robert Morgan Algonquin Books of Chapel Hill,24,7.291666666666667,7.544792677947035
0445406518,Crocodile on the Sandbank,Elizabeth Peters,1988,Warner Books,http://images.amazon.com/images/P/0445406518.01.THUMBZZZ.jpg,http://images.amazon.com/images/P/0445406518.01.MZZZZZZZ.jpg,http://images.amazon.com/images/P/0445406518.01.LZZZZZZZ.jpg,Crocodile on the Sandbank Elizabeth Peters Warner Books,22,7.7272727272727275,7.785020900706417
0060977337,Downsize This! Random Threats from an Unarmed American,Michael Moore,1997,Perennial,http://images.amazon.com/images/P/0060977337.01.THUMBZZZ.jpg,http://images.amazon.com/images/P/0060977337.01.MZZZZZZZ.jpg,http://images.amazon.com/images/P/0060977337.01.LZZZZZZZ.jpg,Downsize This! Random Threats from an Unarmed American Michael Moore Perennial,14,8.0,7.910908171460868
0380728133,Bloodsucking Fiends: A Love Story,Christopher Moore,1996,Perennial,http://images.amazon.com/images/P/0380728133.01.THUMBZZZ.jpg,http://images.amazon.com/images/P/0380728133.01.MZZZZZZZ.jpg,http://images.amazon.com/images/P/0380728133.01.LZZZZZZZ.jpg,Bloodsucking Fiends: A Love Story Christopher Moore Perennial,24,7.958333333333333,7.908429041583398
0590660543,Northern Lights (His Dark Materials S.),Philip Pullman,1998,Scholastic Point,http://images.amazon.com/images/P/0590660543.01.THUMBZZZ.jpg,http://images.amazon.com/images/P/0590660543.01.MZZZZZZZ.jpg,http://images.amazon.com/images/P/0590660543.01.LZZZZZZZ.jpg,Northern Lights (His Dark Materials S.) Philip Pullman Scholastic Point,19,8.210526315789474,8.02489430332486
0066214122,Prey: A Novel,Michael Crichton,2002,HarperCollins,http://images.amazon.com/images/P/0066214122.01.THUMBZZZ.jpg,http://images.amazon.com/images/P/0066214122.01.MZZZZZZZ.jpg,http://images.amazon.com/images/P/0066214122.01.LZZZZZZZ.jpg,Prey: A Novel Michael Crichton HarperCollins,60,7.866666666666666,7.862135972870869
0842329129,Left Behind: A Novel of the Earth's Last Days (Left Behind No. 1),Tim Lahaye,1996,Tyndale House Publishers,http://images.amazon.com/images/P/0842329129.01.THUMBZZZ.jpg,http://images.amazon.com/images/P/0842329129.01.MZZZZZZZ.jpg,http://images.amazon.com/images/P/0842329129.01.LZZZZZZZ.jpg,Left Behind: A Novel of the Earth's Last Days (Left Behind No. 1) Tim Lahaye Tyndale House Publishers,105,7.885714285714286,7.879767022637356
0380727501,Notes from a Small Island,Bill Bryson,1997,Perennial,http://images.amazon.com/images/P/0380727501.01.THUMBZZZ.jpg,http://images.amazon.com/images/P/0380727501.01.MZZZZZZZ.jpg,http://images.amazon.com/images/P/0380727501.01.LZZZZZZZ.jpg,Notes from a Small Island Bill Bryson Perennial,32,8.0625,7.980209189032106
0316693286,Pop Goes the Weasel,James Patterson,1999,Replica Books,http://images.amazon.com/images/P/0316693286.01.THUMBZZZ.jpg,http://images.amazon.com/images/P/0316693286.01.MZZZZZZZ.jpg,http://images.amazon.com/images/P/0316693286.01.LZZZZZZZ.jpg,Pop Goes the Weasel James Patterson Replica Books,24,7.958333333333333,7.908429041583398
0684841185,Death du Jour,Kathy Reichs,1999,Scribner,http://images.amazon.com/images/P/0684841185.01.THUMBZZZ.jpg,http://images.amazon.com/images/P/0684841185.01.MZZZZZZZ.jpg,http://images.amazon.com/images/P/0684841185.01.LZZZZZZZ.jpg,Death du Jour Kathy Reichs Scribner,14,8.071428571428571,7.94031993616675
0440131480,Breakfast of Champions,Kurt Vonnegut,1991,Dell Publishing Company,http://images.amazon.com/images/P/0440131480.01.THUMBZZZ.jpg,http://images.amazon.com/images/P/0440131480.01.MZZZZZZZ.jpg,http://images.amazon.com/images/P/0440131480.01.LZZZZZZZ.jpg,Breakfast of Champions Kurt Vonnegut Dell Publishing Company,13,8.0,7.908208419080895
0440241413,Confessions of a Shopaholic,SOPHIE KINSELLA,2003,Dell,http://images.amazon.com/images/P/0440241413.01.THUMBZZZ.jpg,http://images.amazon.com/images/P/0440241413.01.MZZZZZZZ.jpg,http://images.amazon.com/images/P/0440241413.01.LZZZZZZZ.jpg,Confessions of a Shopaholic SOPHIE KINSELLA Dell,27,7.851851851851852,7.850444209141905
0451410947,Must Love Dogs,Claire Cook,2003,Onyx Books,http://images.amazon.com/images/P/0451410947.01.THUMBZZZ.jpg,http://images.amazon.com/images/P/0451410947.01.MZZZZZZZ.jpg,http://images.amazon.com/images/P/0451410947.01.LZZZZZZZ.jpg,Must Love Dogs Claire Cook Onyx Books,17,7.352941176470588,7.620834535937014
0671004530,On the Street Where You Live,Mary Higgins Clark,2002,Pocket,http://images.amazon.com/images/P/0671004530.01.THUMBZZZ.jpg,http://images.amazon.com/images/P/0671004530.01.MZZZZZZZ.jpg,http://images.amazon.com/images/P/0671004530.01.LZZZZZZZ.jpg,On the Street Where You Live Mary Higgins Clark Pocket,53,7.754716981132075,7.780422983968075
3257227809,Venezianisches Finale. Commissario Brunettis erster Fall.,Donna Leon,1995,Diogenes Verlag,http://images.amazon.com/images/P/3257227809.01.THUMBZZZ.jpg,http://images.amazon.com/images/P/3257227809.01.MZZZZZZZ.jpg,http://images.amazon.com/images/P/3257227809.01.LZZZZZZZ.jpg,Venezianisches Finale. Commissario Brunettis erster Fall. Donna Leon Diogenes Verlag,5,7.4,7.758835113186781
055327886X,Rubyfruit Jungle,Rita Mae Brown,1983,Bantam Books,http://images.amazon.com/images/P/055327886X.01.THUMBZZZ.jpg,http://images.amazon.com/images/P/055327886X.01.MZZZZZZZ.jpg,http://images.amazon.com/images/P/055327886X.01.LZZZZZZZ.jpg,Rubyfruit Jungle Rita Mae Brown Bantam Books,17,7.823529411764706,7.837050752153231
0451099648,Firestarter (Signet Book),Stephen King,1981,New Amer Library,http://images.amazon.com/images/P/0451099648.01.THUMBZZZ.jpg,http://images.amazon.com/images/P/0451099648.01.MZZZZZZZ.jpg,http://images.amazon.com/images/P/0451099648.01.LZZZZZZZ.jpg,Firestarter (Signet Book) Stephen King New Amer Library,15,7.8,7.827739366561985
0451149513,It,Stephen King,1987,New Amer Library,http://images.amazon.com/images/P/0451149513.01.THUMBZZZ.jpg,http://images.amazon.com/images/P/0451149513.01.MZZZZZZZ.jpg,http://images.amazon.com/images/P/0451149513.01.LZZZZZZZ.jpg,It Stephen King New Amer Library,19,8.263157894736842,8.050535328965886
0451177096,Dolores Claiborne,Stephen King,2004,Signet Book,http://images.amazon.com/images/P/0451177096.01.THUMBZZZ.jpg,http://images.amazon.com/images/P/0451177096.01.MZZZZZZZ.jpg,http://images.amazon.com/images/P/0451177096.01.LZZZZZZZ.jpg,Dolores Claiborne Stephen King Signet Book,47,7.723404255319149,7.7607593705920825
0345413369,"The Subtle Knife (His Dark Materials, Book 2)",PHILIP PULLMAN,1998,Del Rey,http://images.amazon.com/images/P/0345413369.01.THUMBZZZ.jpg,http://images.amazon.com/images/P/0345413369.01.MZZZZZZZ.jpg,http://images.amazon.com/images/P/0345413369.01.LZZZZZZZ.jpg,"The Subtle Knife (His Dark Materials, Book 2) PHILIP PULLMAN Del Rey",34,8.617647058823529,8.332794033882768
0345413377,"The Amber Spyglass (His Dark Materials, Book 3)",PHILIP PULLMAN,2001,Del Rey,http://images.amazon.com/images/P/0345413377.01.THUMBZZZ.jpg,http://images.amazon.com/images/P/0345413377.01.MZZZZZZZ.jpg,http://images.amazon.com/images/P/0345413377.01.LZZZZZZZ.jpg,"The Amber Spyglass (His Dark Materials, Book 3) PHILIP PULLMAN Del Rey",25,8.6,8.26601950732599
0374525641,The Spirit Catches You and You Fall Down,Anne Fadiman,1998,"Farrar, Straus and Giroux",http://images.amazon.com/images/P/0374525641.01.THUMBZZZ.jpg,http://images.amazon.com/images/P/0374525641.01.MZZZZZZZ.jpg,http://images.amazon.com/images/P/0374525641.01.LZZZZZZZ.jpg,"The Spirit Catches You and You Fall Down Anne Fadiman Farrar, Straus and Giroux",20,8.65,8.249271945741738
0413537900,The Secret Diary of Adrian Mole Aged 13 3/4,Sue Townsend,1982,Methuen Publishing Ltd,http://images.amazon.com/images/P/0413537900.01.THUMBZZZ.jpg,http://images.amazon.com/images/P/0413537900.01.MZZZZZZZ.jpg,http://images.amazon.com/images/P/0413537900.01.LZZZZZZZ.jpg,The Secret Diary of Adrian Mole Aged 13 3/4 Sue Townsend Methuen Publishing Ltd,19,8.105263157894736,7.973612252042807
0060175400,The Poisonwood Bible,Barbara Kingsolver,1999,HarperCollins,http://images.amazon.com/images/P/0060175400.01.THUMBZZZ.jpg,http://images.amazon.com/images/P/0060175400.01.MZZZZZZZ.jpg,http://images.amazon.com/images/P/0060175400.01.LZZZZZZZ.jpg,The Poisonwood Bible Barbara Kingsolver HarperCollins,39,8.615384615384615,8.355438607282533
0140177396,Of Mice and Men (Penguin Great Books of the 20th Century),John Steinbeck,1993,Penguin Books,http://images.amazon.com/images/P/0140177396.01.THUMBZZZ.jpg,http://images.amazon.com/images/P/0140177396.01.MZZZZZZZ.jpg,http://images.amazon.com/images/P/0140177396.01.LZZZZZZZ.jpg,Of Mice and Men (Penguin Great Books of the 20th Century) John Steinbeck Penguin Books,28,8.392857142857142,8.166059954784782
0385336179,Shopaholic Ties the Knot,Sophie Kinsella,2003,Delta,http://images.amazon.com/images/P/0385336179.01.THUMBZZZ.jpg,http://images.amazon.com/images/P/0385336179.01.MZZZZZZZ.jpg,http://images.amazon.com/images/P/0385336179.01.LZZZZZZZ.jpg,Shopaholic Ties the Knot Sophie Kinsella Delta,55,7.9818181818181815,7.9462783710622595
0767914767,The Devil Wears Prada : A Novel,LAUREN WEISBERGER,2004,Broadway Books,http://images.amazon.com/images/P/0767914767.01.THUMBZZZ.jpg,http://images.amazon.com/images/P/0767914767.01.MZZZZZZZ.jpg,http://images.amazon.com/images/P/0767914767.01.LZZZZZZZ.jpg,The Devil Wears Prada : A Novel LAUREN WEISBERGER Broadway Books,18,7.777777777777778,7.815023100780777
0802132952,Naked Lunch,William S. Burroughs,1992,Grove Press,http://images.amazon.com/images/P/0802132952.01.THUMBZZZ.jpg,http://images.amazon.com/images/P/0802132952.01.MZZZZZZZ.jpg,http://images.amazon.com/images/P/0802132952.01.LZZZZZZZ.jpg,Naked Lunch William S. Burroughs Grove Press,16,5.0625,6.610302161935264
031242227X,Running with Scissors: A Memoir,Augusten Burroughs,2003,Picador USA,http://images.amazon.com/images/P/031242227X.01.THUMBZZZ.jpg,http://images.amazon.com/images/P/031242227X.01.MZZZZZZZ.jpg,http://images.amazon.com/images/P/031242227X.01.LZZZZZZZ.jpg,Running with Scissors: A Memoir Augusten Burroughs Picador USA,54,7.7592592592592595,7.783390240941481
0441005489,"Redwall (Redwall, Book 1)",Brian Jacques,1998,Ace Books,http://images.amazon.com/images/P/0441005489.01.THUMBZZZ.jpg,http://images.amazon.com/images/P/0441005489.01.MZZZZZZZ.jpg,http://images.amazon.com/images/P/0441005489.01.LZZZZZZZ.jpg,"Redwall (Redwall, Book 1) Brian Jacques Ace Books",32,7.9375,7.903286112109029
0385492081,Into Thin Air : A Personal Account of the Mt. Everest Disaster,JON KRAKAUER,1998,Anchor,http://images.amazon.com/images/P/0385492081.01.THUMBZZZ.jpg,http://images.amazon.com/images/P/0385492081.01.MZZZZZZZ.jpg,http://images.amazon.com/images/P/0385492081.01.LZZZZZZZ.jpg,Into Thin Air : A Personal Account of the Mt. Everest Disaster JON KRAKAUER Anchor,76,8.552631578947368,8.405946644059057
0441790348,Stranger in a Strange Land (Remembering Tomorrow),Robert A. Heinlein,1995,ACE Charter,http://images.amazon.com/images/P/0441790348.01.THUMBZZZ.jpg,http://images.amazon.com/images/P/0441790348.01.MZZZZZZZ.jpg,http://images.amazon.com/images/P/0441790348.01.LZZZZZZZ.jpg,Stranger in a Strange Land (Remembering Tomorrow) Robert A. Heinlein ACE Charter,42,8.404761904761905,8.225336739188219
0451156609,The Tommyknockers,Stephen King,1994,Signet Book,http://images.amazon.com/images/P/0451156609.01.THUMBZZZ.jpg,http://images.amazon.com/images/P/0451156609.01.MZZZZZZZ.jpg,http://images.amazon.com/images/P/0451156609.01.LZZZZZZZ.jpg,The Tommyknockers Stephen King Signet Book,58,7.137931034482759,7.320139459354738
0684862719,Pay It Forward: A Novel,Catherine Ryan Hyde,2000,Simon & Schuster,http://images.amazon.com/images/P/0684862719.01.THUMBZZZ.jpg,http://images.amazon.com/images/P/0684862719.01.MZZZZZZZ.jpg,http://images.amazon.com/images/P/0684862719.01.LZZZZZZZ.jpg,Pay It Forward: A Novel Catherine Ryan Hyde Simon & Schuster,24,7.916666666666667,7.8857017688561255
0440213525,The Client,John Grisham,1994,Dell Publishing Company,http://images.amazon.com/images/P/0440213525.01.THUMBZZZ.jpg,http://images.amazon.com/images/P/0440213525.01.MZZZZZZZ.jpg,http://images.amazon.com/images/P/0440213525.01.LZZZZZZZ.jpg,The Client John Grisham Dell Publishing Company,117,7.777777777777778,7.788108597296857
0671729462,My Sweet Audrina,V.C. Andrews,1990,Pocket,http://images.amazon.com/images/P/0671729462.01.THUMBZZZ.jpg,http://images.amazon.com/images/P/0671729462.01.MZZZZZZZ.jpg,http://images.amazon.com/images/P/0671729462.01.LZZZZZZZ.jpg,My Sweet Audrina V.C. Andrews Pocket,17,7.529411764705882,7.701915617018096
0671867113,Moonlight Becomes You,Mary Higgins Clark,1997,Pocket,http://images.amazon.com/images/P/0671867113.01.THUMBZZZ.jpg,http://images.amazon.com/images/P/0671867113.01.MZZZZZZZ.jpg,http://images.amazon.com/images/P/0671867113.01.LZZZZZZZ.jpg,Moonlight Becomes You Mary Higgins Clark Pocket,37,7.594594594594595,7.683699611046834
0743225406,The Shipping News : A Novel,Annie Proulx,2001,Scribner,http://images.amazon.com/images/P/0743225406.01.THUMBZZZ.jpg,http://images.amazon.com/images/P/0743225406.01.MZZZZZZZ.jpg,http://images.amazon.com/images/P/0743225406.01.LZZZZZZZ.jpg,The Shipping News : A Novel Annie Proulx Scribner,41,7.682926829268292,7.737227505404418
0440414806,Holes (Yearling Newbery),LOUIS SACHAR,2000,Yearling,http://images.amazon.com/images/P/0440414806.01.THUMBZZZ.jpg,http://images.amazon.com/images/P/0440414806.01.MZZZZZZZ.jpg,http://images.amazon.com/images/P/0440414806.01.LZZZZZZZ.jpg,Holes (Yearling Newbery) LOUIS SACHAR Yearling,47,8.702127659574469,8.447326534771188
0451166892,The Pillars of the Earth,Ken Follett,1996,Signet Book,http://images.amazon.com/images/P/0451166892.01.THUMBZZZ.jpg,http://images.amazon.com/images/P/0451166892.01.MZZZZZZZ.jpg,http://images.amazon.com/images/P/0451166892.01.LZZZZZZZ.jpg,The Pillars of the Earth Ken Follett Signet Book,56,8.535714285714286,8.35487997144302
0451167716,The Godfather,Mario Puzo,2004,Signet Book,http://images.amazon.com/images/P/0451167716.01.THUMBZZZ.jpg,http://images.amazon.com/images/P/0451167716.01.MZZZZZZZ.jpg,http://images.amazon.com/images/P/0451167716.01.LZZZZZZZ.jpg,The Godfather Mario Puzo Signet Book,26,8.692307692307692,8.32545386586238
1558506462,Small Miracles: Extraordinary Coincidences from Everyday Life,Yitta Halberstam,1997,Adams Media Corporation,http://images.amazon.com/images/P/1558506462.01.THUMBZZZ.jpg,http://images.amazon.com/images/P/1558506462.01.MZZZZZZZ.jpg,http://images.amazon.com/images/P/1558506462.01.LZZZZZZZ.jpg,Small Miracles: Extraordinary Coincidences from Everyday Life Yitta Halberstam Adams Media Corporation,11,7.0,7.547447671924823
0380718332,All That Remains (Kay Scarpetta Mysteries (Paperback)),Patricia D. Cornwell,1993,Avon,http://images.amazon.com/images/P/0380718332.01.THUMBZZZ.jpg,http://images.amazon.com/images/P/0380718332.01.MZZZZZZZ.jpg,http://images.amazon.com/images/P/0380718332.01.LZZZZZZZ.jpg,All That Remains (Kay Scarpetta Mysteries (Paperback)) Patricia D. Cornwell Avon,51,8.215686274509803,8.112265884924923
0425154092,From Potter's Field,Patricia Daniels Cornwell,1996,Berkley Publishing Group,http://images.amazon.com/images/P/0425154092.01.THUMBZZZ.jpg,http://images.amazon.com/images/P/0425154092.01.MZZZZZZZ.jpg,http://images.amazon.com/images/P/0425154092.01.LZZZZZZZ.jpg,From Potter's Field Patricia Daniels Cornwell Berkley Publishing Group,78,7.846153846153846,7.846641610506831
0345422384,Pandora: New Tales of the Vampires (New Tales of the Vampires),Anne Rice,1999,Ballantine Books,http://images.amazon.com/images/P/0345422384.01.THUMBZZZ.jpg,http://images.amazon.com/images/P/0345422384.01.MZZZZZZZ.jpg,http://images.amazon.com/images/P/0345422384.01.LZZZZZZZ.jpg,Pandora: New Tales of the Vampires (New Tales of the Vampires) Anne Rice Ballantine Books,28,7.214285714285714,7.478559954784782
0060938455,Fast Food Nation: The Dark Side of the All-American Meal,Eric Schlosser,2002,Perennial,http://images.amazon.com/images/P/0060938455.01.THUMBZZZ.jpg,http://images.amazon.com/images/P/0060938455.01.MZZZZZZZ.jpg,http://images.amazon.com/images/P/0060938455.01.LZZZZZZZ.jpg,Fast Food Nation: The Dark Side of the All-American Meal Eric Schlosser Perennial,105,8.352380952380953,8.271767022637356
0375504613,A Short Guide to a Happy Life,ANNA QUINDLEN,2000,Random House,http://images.amazon.com/images/P/0375504613.01.THUMBZZZ.jpg,http://images.amazon.com/images/P/0375504613.01.MZZZZZZZ.jpg,http://images.amazon.com/images/P/0375504613.01.LZZZZZZZ.jpg,A Short Guide to a Happy Life ANNA QUINDLEN Random House,31,7.645161290322581,7.724919173130774
0312278586,The Nanny Diaries: A Novel,Emma McLaughlin,2002,St. Martin's Press,http://images.amazon.com/images/P/0312278586.01.THUMBZZZ.jpg,http://images.amazon.com/images/P/0312278586.01.MZZZZZZZ.jpg,http://images.amazon.com/images/P/0312278586.01.LZZZZZZZ.jpg,The Nanny Diaries: A Novel Emma McLaughlin St. Martin's Press,144,7.486111111111111,7.530310230668716
0316693235,Violets Are Blue,James Patterson,2001,"Little, Brown",http://images.amazon.com/images/P/0316693235.01.THUMBZZZ.jpg,http://images.amazon.com/images/P/0316693235.01.MZZZZZZZ.jpg,http://images.amazon.com/images/P/0316693235.01.LZZZZZZZ.jpg,"Violets Are Blue James Patterson Little, Brown",41,7.585365853658536,7.671653734912614
0316780812,Sea Glass: A Novel,Anita Shreve,2002,"Little, Brown",http://images.amazon.com/images/P/0316780812.01.THUMBZZZ.jpg,http://images.amazon.com/images/P/0316780812.01.MZZZZZZZ.jpg,http://images.amazon.com/images/P/0316780812.01.LZZZZZZZ.jpg,"Sea Glass: A Novel Anita Shreve Little, Brown",24,8.208333333333334,8.044792677947035
0316782262,All He Ever Wanted,Anita Shreve,2003,"Little, Brown",http://images.amazon.com/images/P/0316782262.01.THUMBZZZ.jpg,http://images.amazon.com/images/P/0316782262.01.MZZZZZZZ.jpg,http://images.amazon.com/images/P/0316782262.01.LZZZZZZZ.jpg,"All He Ever Wanted Anita Shreve Little, Brown",20,6.85,7.349271945741737
034540761X,The Final Judgment,Richard North Patterson,1997,Ballantine Books,http://images.amazon.com/images/P/034540761X.01.THUMBZZZ.jpg,http://images.amazon.com/images/P/034540761X.01.MZZZZZZZ.jpg,http://images.amazon.com/images/P/034540761X.01.LZZZZZZZ.jpg,The Final Judgment Richard North Patterson Ballantine Books,20,7.05,7.449271945741738
0425121631,Rules of Prey,John Sandford,1992,Berkley Publishing Group,http://images.amazon.com/images/P/0425121631.01.THUMBZZZ.jpg,http://images.amazon.com/images/P/0425121631.01.MZZZZZZZ.jpg,http://images.amazon.com/images/P/0425121631.01.LZZZZZZZ.jpg,Rules of Prey John Sandford Berkley Publishing Group,28,7.607142857142857,7.707726621451448
0446530387,Stone Kiss (Peter Decker & Rina Lazarus Novels (Hardcover)),Faye Kellerman,2002,Warner Books,http://images.amazon.com/images/P/0446530387.01.THUMBZZZ.jpg,http://images.amazon.com/images/P/0446530387.01.MZZZZZZZ.jpg,http://images.amazon.com/images/P/0446530387.01.LZZZZZZZ.jpg,Stone Kiss (Peter Decker & Rina Lazarus Novels (Hardcover)) Faye Kellerman Warner Books,14,7.5,7.705025818519691
0688177743,Keeping Faith : A Novel,Jodi Picoult,2000,Perennial,http://images.amazon.com/images/P/0688177743.01.THUMBZZZ.jpg,http://images.amazon.com/images/P/0688177743.01.MZZZZZZZ.jpg,http://images.amazon.com/images/P/0688177743.01.LZZZZZZZ.jpg,Keeping Faith : A Novel Jodi Picoult Perennial,24,7.791666666666667,7.817519950674307
0743407083,Grand Avenue,Joy Fielding,2002,Pocket Star,http://images.amazon.com/images/P/0743407083.01.THUMBZZZ.jpg,http://images.amazon.com/images/P/0743407083.01.MZZZZZZZ.jpg,http://images.amazon.com/images/P/0743407083.01.LZZZZZZZ.jpg,Grand Avenue Joy Fielding Pocket Star,20,7.65,7.749271945741738
0804108749,Saint Maybe,ANNE TYLER,1992,Ivy Books,http://images.amazon.com/images/P/0804108749.01.THUMBZZZ.jpg,http://images.amazon.com/images/P/0804108749.01.MZZZZZZZ.jpg,http://images.amazon.com/images/P/0804108749.01.LZZZZZZZ.jpg,Saint Maybe ANNE TYLER Ivy Books,29,7.448275862068965,7.611650567952439
0385511612,Bleachers,John Grisham,2003,Doubleday,http://images.amazon.com/images/P/0385511612.01.THUMBZZZ.jpg,http://images.amazon.com/images/P/0385511612.01.MZZZZZZZ.jpg,http://images.amazon.com/images/P/0385511612.01.LZZZZZZZ.jpg,Bleachers John Grisham Doubleday,58,6.637931034482759,6.948344587559866
0553802496,Odd Thomas,Dean Koontz,2003,Bantam,http://images.amazon.com/images/P/0553802496.01.THUMBZZZ.jpg,http://images.amazon.com/images/P/0553802496.01.MZZZZZZZ.jpg,http://images.amazon.com/images/P/0553802496.01.LZZZZZZZ.jpg,Odd Thomas Dean Koontz Bantam,27,8.666666666666666,8.318529315524884
0061031844,The Book of Shadows,James Reese,2002,HarperTorch,http://images.amazon.com/images/P/0061031844.01.THUMBZZZ.jpg,http://images.amazon.com/images/P/0061031844.01.MZZZZZZZ.jpg,http://images.amazon.com/images/P/0061031844.01.LZZZZZZZ.jpg,The Book of Shadows James Reese HarperTorch,15,6.2,7.1420250808477
0385490445,Alias Grace : A Novel,Margaret Atwood,1997,Anchor,http://images.amazon.com/images/P/0385490445.01.THUMBZZZ.jpg,http://images.amazon.com/images/P/0385490445.01.MZZZZZZZ.jpg,http://images.amazon.com/images/P/0385490445.01.LZZZZZZZ.jpg,Alias Grace : A Novel Margaret Atwood Anchor,31,8.290322580645162,8.117076035875872
0618129022,The Lord of the Rings (Movie Art Cover),J.R.R. Tolkien,2001,Houghton Mifflin Company,http://images.amazon.com/images/P/0618129022.01.THUMBZZZ.jpg,http://images.amazon.com/images/P/0618129022.01.MZZZZZZZ.jpg,http://images.amazon.com/images/P/0618129022.01.LZZZZZZZ.jpg,The Lord of the Rings (Movie Art Cover) J.R.R. Tolkien Houghton Mifflin Company,26,9.038461538461538,8.521106039775423
0743454146,The Footprints of God : A Novel,Greg Iles,2004,Pocket Star,http://images.amazon.com/images/P/0743454146.01.THUMBZZZ.jpg,http://images.amazon.com/images/P/0743454146.01.MZZZZZZZ.jpg,http://images.amazon.com/images/P/0743454146.01.LZZZZZZZ.jpg,The Footprints of God : A Novel Greg Iles Pocket Star,16,8.4375,8.110302161935264
0875421180,Wicca: A Guide for the Solitary Practitioner,Scott Cunningham,1988,Llewellyn Publications,http://images.amazon.com/images/P/0875421180.01.THUMBZZZ.jpg,http://images.amazon.com/images/P/0875421180.01.MZZZZZZZ.jpg,http://images.amazon.com/images/P/0875421180.01.LZZZZZZZ.jpg,Wicca: A Guide for the Solitary Practitioner Scott Cunningham Llewellyn Publications,22,8.318181818181818,8.094544710230227
0312966970,Four To Score (A Stephanie Plum Novel),Janet Evanovich,1999,St. Martin's Paperbacks,http://images.amazon.com/images/P/0312966970.01.THUMBZZZ.jpg,http://images.amazon.com/images/P/0312966970.01.MZZZZZZZ.jpg,http://images.amazon.com/images/P/0312966970.01.LZZZZZZZ.jpg,Four To Score (A Stephanie Plum Novel) Janet Evanovich St. Martin's Paperbacks,92,8.152173913043478,8.097954266336334
0312976275,Hot Six : A Stephanie Plum Novel (A Stephanie Plum Novel),Janet Evanovich,2001,St. Martin's Paperbacks,http://images.amazon.com/images/P/0312976275.01.THUMBZZZ.jpg,http://images.amazon.com/images/P/0312976275.01.MZZZZZZZ.jpg,http://images.amazon.com/images/P/0312976275.01.LZZZZZZZ.jpg,Hot Six : A Stephanie Plum Novel (A Stephanie Plum Novel) Janet Evanovich St. Martin's Paperbacks,71,7.873239436619718,7.867811844282082
0345301110,Story of O,Pauline Reage,1989,Ballantine Books,http://images.amazon.com/images/P/0345301110.01.THUMBZZZ.jpg,http://images.amazon.com/images/P/0345301110.01.MZZZZZZZ.jpg,http://images.amazon.com/images/P/0345301110.01.LZZZZZZZ.jpg,Story of O Pauline Reage Ballantine Books,25,7.2,7.488241729548211
0345334531,Feast of All Saints,Anne Rice,1986,Ballantine Books,http://images.amazon.com/images/P/0345334531.01.THUMBZZZ.jpg,http://images.amazon.com/images/P/0345334531.01.MZZZZZZZ.jpg,http://images.amazon.com/images/P/0345334531.01.LZZZZZZZ.jpg,Feast of All Saints Anne Rice Ballantine Books,28,6.964285714285714,7.332726621451448
0375401598,Pandora : New Tales of the Vampires,ANNE RICE,1998,Knopf,http://images.amazon.com/images/P/0375401598.01.THUMBZZZ.jpg,http://images.amazon.com/images/P/0375401598.01.MZZZZZZZ.jpg,http://images.amazon.com/images/P/0375401598.01.LZZZZZZZ.jpg,Pandora : New Tales of the Vampires ANNE RICE Knopf,20,6.45,7.149271945741738
0380820293,Last Chance Saloon,Marian Keyes,2002,Avon,http://images.amazon.com/images/P/0380820293.01.THUMBZZZ.jpg,http://images.amazon.com/images/P/0380820293.01.MZZZZZZZ.jpg,http://images.amazon.com/images/P/0380820293.01.LZZZZZZZ.jpg,Last Chance Saloon Marian Keyes Avon,24,7.833333333333333,7.84024722340158
0425178579,Betrayal in Death,Nora Roberts,2001,Berkley Publishing Group,http://images.amazon.com/images/P/0425178579.01.THUMBZZZ.jpg,http://images.amazon.com/images/P/0425178579.01.MZZZZZZZ.jpg,http://images.amazon.com/images/P/0425178579.01.LZZZZZZZ.jpg,Betrayal in Death Nora Roberts Berkley Publishing Group,25,7.88,7.866019507325989
0425181685,Narcissus in Chains (Anita Blake Vampire Hunter (Hardcover)),Laurell K. Hamilton,2001,Berkley Publishing Group,http://images.amazon.com/images/P/0425181685.01.THUMBZZZ.jpg,http://images.amazon.com/images/P/0425181685.01.MZZZZZZZ.jpg,http://images.amazon.com/images/P/0425181685.01.LZZZZZZZ.jpg,Narcissus in Chains (Anita Blake Vampire Hunter (Hardcover)) Laurell K. Hamilton Berkley Publishing Group,18,7.833333333333333,7.841338890254461
0425183971,Reunion in Death,J. D. Robb,2002,Berkley Publishing Group,http://images.amazon.com/images/P/0425183971.01.THUMBZZZ.jpg,http://images.amazon.com/images/P/0425183971.01.MZZZZZZZ.jpg,http://images.amazon.com/images/P/0425183971.01.LZZZZZZZ.jpg,Reunion in Death J. D. Robb Berkley Publishing Group,32,8.125,8.018670727493644
0441005748,Blue Moon (Anita Blake Vampire Hunter),Laurell K. Hamilton,1998,Ace Books,http://images.amazon.com/images/P/0441005748.01.THUMBZZZ.jpg,http://images.amazon.com/images/P/0441005748.01.MZZZZZZZ.jpg,http://images.amazon.com/images/P/0441005748.01.LZZZZZZZ.jpg,Blue Moon (Anita Blake Vampire Hunter) Laurell K. Hamilton Ace Books,20,8.1,7.974271945741737
0451191137,Anthem,Ayn Rand,1996,Signet Book,http://images.amazon.com/images/P/0451191137.01.THUMBZZZ.jpg,http://images.amazon.com/images/P/0451191137.01.MZZZZZZZ.jpg,http://images.amazon.com/images/P/0451191137.01.LZZZZZZZ.jpg,Anthem Ayn Rand Signet Book,17,8.470588235294118,8.134348049450528
0515093556,Belinda,Anne Rice,1994,Jove Books,http://images.amazon.com/images/P/0515093556.01.THUMBZZZ.jpg,http://images.amazon.com/images/P/0515093556.01.MZZZZZZZ.jpg,http://images.amazon.com/images/P/0515093556.01.LZZZZZZZ.jpg,Belinda Anne Rice Jove Books,17,7.176470588235294,7.5397534548559335
0553212451,The Jungle (Bantam Classics),Upton Sinclair,1981,Bantam,http://images.amazon.com/images/P/0553212451.01.THUMBZZZ.jpg,http://images.amazon.com/images/P/0553212451.01.MZZZZZZZ.jpg,http://images.amazon.com/images/P/0553212451.01.LZZZZZZZ.jpg,The Jungle (Bantam Classics) Upton Sinclair Bantam,19,7.894736842105263,7.871048149478705
0679454470,"The Vampire Armand : The Vampire Chronicles (Rice, Anne, Vampire Chronicles)",Anne Rice,1998,Alfred A. Knopf,http://images.amazon.com/images/P/0679454470.01.THUMBZZZ.jpg,http://images.amazon.com/images/P/0679454470.01.MZZZZZZZ.jpg,http://images.amazon.com/images/P/0679454470.01.LZZZZZZZ.jpg,"The Vampire Armand : The Vampire Chronicles (Rice, Anne, Vampire Chronicles) Anne Rice Alfred A. Knopf",18,7.222222222222222,7.551865206043935
0679454489,Merrick (Vampire Chronicles),Anne Rice,2000,Alfred A. Knopf,http://images.amazon.com/images/P/0679454489.01.THUMBZZZ.jpg,http://images.amazon.com/images/P/0679454489.01.MZZZZZZZ.jpg,http://images.amazon.com/images/P/0679454489.01.LZZZZZZZ.jpg,Merrick (Vampire Chronicles) Anne Rice Alfred A. Knopf,21,7.095238095238095,7.462704337309013
0679720200,The Stranger,ALBERT CAMUS,1989,Vintage,http://images.amazon.com/images/P/0679720200.01.THUMBZZZ.jpg,http://images.amazon.com/images/P/0679720200.01.MZZZZZZZ.jpg,http://images.amazon.com/images/P/0679720200.01.LZZZZZZZ.jpg,The Stranger ALBERT CAMUS Vintage,28,7.75,7.791059954784782
0679785892,Fear and Loathing in Las Vegas : A Savage Journey to the Heart of the American Dream,HUNTER S. THOMPSON,1998,Vintage Books,http://images.amazon.com/images/P/0679785892.01.THUMBZZZ.jpg,http://images.amazon.com/images/P/0679785892.01.MZZZZZZZ.jpg,http://images.amazon.com/images/P/0679785892.01.LZZZZZZZ.jpg,Fear and Loathing in Las Vegas : A Savage Journey to the Heart of the American Dream HUNTER S. THOMPSON Vintage Books,25,8.44,8.1771306184371
0874776945,The Artist's Way : A Spiritual Path to Higher Creativity,Julia Cameron,1992,Jeremy P. Tarcher,http://images.amazon.com/images/P/0874776945.01.THUMBZZZ.jpg,http://images.amazon.com/images/P/0874776945.01.MZZZZZZZ.jpg,http://images.amazon.com/images/P/0874776945.01.LZZZZZZZ.jpg,The Artist's Way : A Spiritual Path to Higher Creativity Julia Cameron Jeremy P. Tarcher,18,8.777777777777779,8.288707311307093
0894803204,The Book of Questions,Gregory Stock,1987,Workman Publishing,http://images.amazon.com/images/P/0894803204.01.THUMBZZZ.jpg,http://images.amazon.com/images/P/0894803204.01.MZZZZZZZ.jpg,http://images.amazon.com/images/P/0894803204.01.LZZZZZZZ.jpg,The Book of Questions Gregory Stock Workman Publishing,30,8.0,7.939417556593391
1551668653,Getting Rid Of Bradley,Jennifer Crusie,2001,Mira,http://images.amazon.com/images/P/1551668653.01.THUMBZZZ.jpg,http://images.amazon.com/images/P/1551668653.01.MZZZZZZZ.jpg,http://images.amazon.com/images/P/1551668653.01.LZZZZZZZ.jpg,Getting Rid Of Bradley Jennifer Crusie Mira,21,7.142857142857143,7.487094581211451
0374172897,The Hours : A Novel,Michael Cunningham,1998,"Farrar, Straus and Giroux",http://images.amazon.com/images/P/0374172897.01.THUMBZZZ.jpg,http://images.amazon.com/images/P/0374172897.01.MZZZZZZZ.jpg,http://images.amazon.com/images/P/0374172897.01.LZZZZZZZ.jpg,"The Hours : A Novel Michael Cunningham Farrar, Straus and Giroux",15,8.266666666666667,8.027739366561987
0743235150,Everything's Eventual : 14 Dark Tales,Stephen King,2002,Scribner,http://images.amazon.com/images/P/0743235150.01.THUMBZZZ.jpg,http://images.amazon.com/images/P/0743235150.01.MZZZZZZZ.jpg,http://images.amazon.com/images/P/0743235150.01.LZZZZZZZ.jpg,Everything's Eventual : 14 Dark Tales Stephen King Scribner,31,8.03225806451613,7.960213290777833
0312265840,Seven Up (A Stephanie Plum Novel),Janet Evanovich,2001,St. Martin's Press,http://images.amazon.com/images/P/0312265840.01.THUMBZZZ.jpg,http://images.amazon.com/images/P/0312265840.01.MZZZZZZZ.jpg,http://images.amazon.com/images/P/0312265840.01.LZZZZZZZ.jpg,Seven Up (A Stephanie Plum Novel) Janet Evanovich St. Martin's Press,31,8.064516129032258,7.979821133915088
0373218966,Sullivan's Woman (Silhouette Single Title),Nora Roberts,2003,Silhouette,http://images.amazon.com/images/P/0373218966.01.THUMBZZZ.jpg,http://images.amazon.com/images/P/0373218966.01.MZZZZZZZ.jpg,http://images.amazon.com/images/P/0373218966.01.LZZZZZZZ.jpg,Sullivan's Woman (Silhouette Single Title) Nora Roberts Silhouette,19,6.368421052631579,7.127458405888961
0385721420,Three Junes,JULIA GLASS,2003,Anchor,http://images.amazon.com/images/P/0385721420.01.THUMBZZZ.jpg,http://images.amazon.com/images/P/0385721420.01.MZZZZZZZ.jpg,http://images.amazon.com/images/P/0385721420.01.LZZZZZZZ.jpg,Three Junes JULIA GLASS Anchor,40,7.3,7.482847963827824
0312288115,Confessions of a Sociopathic Social Climber : The Katya Livingston Chronicles (Katya Livingston Chronicles (Hardcover)),Adele Lang,2002,Thomas Dunne Books,http://images.amazon.com/images/P/0312288115.01.THUMBZZZ.jpg,http://images.amazon.com/images/P/0312288115.01.MZZZZZZZ.jpg,http://images.amazon.com/images/P/0312288115.01.LZZZZZZZ.jpg,Confessions of a Sociopathic Social Climber : The Katya Livingston Chronicles (Katya Livingston Chronicles (Hardcover)) Adele Lang Thomas Dunne Books,11,4.545454545454546,6.676479929989339
0451166582,The Eyes of the Dragon,Stephen King,2001,Signet Book,http://images.amazon.com/images/P/0451166582.01.THUMBZZZ.jpg,http://images.amazon.com/images/P/0451166582.01.MZZZZZZZ.jpg,http://images.amazon.com/images/P/0451166582.01.LZZZZZZZ.jpg,The Eyes of the Dragon Stephen King Signet Book,29,8.620689655172415,8.305528118972848
0671026011,The Empty Chair,Jeffery Deaver,2001,Pocket,http://images.amazon.com/images/P/0671026011.01.THUMBZZZ.jpg,http://images.amazon.com/images/P/0671026011.01.MZZZZZZZ.jpg,http://images.amazon.com/images/P/0671026011.01.LZZZZZZZ.jpg,The Empty Chair Jeffery Deaver Pocket,23,7.695652173913044,7.766764600689989
0743457358,Everything's Eventual : 14 Dark Tales,Stephen King,2002,Pocket,http://images.amazon.com/images/P/0743457358.01.THUMBZZZ.jpg,http://images.amazon.com/images/P/0743457358.01.MZZZZZZZ.jpg,http://images.amazon.com/images/P/0743457358.01.LZZZZZZZ.jpg,Everything's Eventual : 14 Dark Tales Stephen King Pocket,37,7.837837837837838,7.841594347888939
0385503822,The Summons,John Grisham,2002,Doubleday Books,http://images.amazon.com/images/P/0385503822.01.THUMBZZZ.jpg,http://images.amazon.com/images/P/0385503822.01.MZZZZZZZ.jpg,http://images.amazon.com/images/P/0385503822.01.LZZZZZZZ.jpg,The Summons John Grisham Doubleday Books,69,7.434782608695652,7.527762672243478
0312924801,September,Rosamunde Pilcher,1991,St. Martin's Press,http://images.amazon.com/images/P/0312924801.01.THUMBZZZ.jpg,http://images.amazon.com/images/P/0312924801.01.MZZZZZZZ.jpg,http://images.amazon.com/images/P/0312924801.01.LZZZZZZZ.jpg,September Rosamunde Pilcher St. Martin's Press,26,7.576923076923077,7.695019083253685
0441008534,Dead Until Dark (Southern Vampire Mysteries),Charlaine Harris,2001,Ace Books,http://images.amazon.com/images/P/0441008534.01.THUMBZZZ.jpg,http://images.amazon.com/images/P/0441008534.01.MZZZZZZZ.jpg,http://images.amazon.com/images/P/0441008534.01.LZZZZZZZ.jpg,Dead Until Dark (Southern Vampire Mysteries) Charlaine Harris Ace Books,23,8.043478260869565,7.952811112317896
0441009239,Living Dead in Dallas (Southern Vampire Mysteries),Charlaine Harris,2002,Ace Books,http://images.amazon.com/images/P/0441009239.01.THUMBZZZ.jpg,http://images.amazon.com/images/P/0441009239.01.MZZZZZZZ.jpg,http://images.amazon.com/images/P/0441009239.01.LZZZZZZZ.jpg,Living Dead in Dallas (Southern Vampire Mysteries) Charlaine Harris Ace Books,20,8.0,7.924271945741738
0425181103,Phantoms,Dean R. Koontz,2002,Berkley Publishing Group,http://images.amazon.com/images/P/0425181103.01.THUMBZZZ.jpg,http://images.amazon.com/images/P/0425181103.01.MZZZZZZZ.jpg,http://images.amazon.com/images/P/0425181103.01.LZZZZZZZ.jpg,Phantoms Dean R. Koontz Berkley Publishing Group,29,7.689655172413793,7.754507710809582
0451205421,The Door to December,Dean R. Koontz,2002,Signet Book,http://images.amazon.com/images/P/0451205421.01.THUMBZZZ.jpg,http://images.amazon.com/images/P/0451205421.01.MZZZZZZZ.jpg,http://images.amazon.com/images/P/0451205421.01.LZZZZZZZ.jpg,The Door to December Dean R. Koontz Signet Book,27,7.666666666666667,7.744061230418501
0553260111,The Bourne Identity,Robert Ludlum,1984,Bantam Books,http://images.amazon.com/images/P/0553260111.01.THUMBZZZ.jpg,http://images.amazon.com/images/P/0553260111.01.MZZZZZZZ.jpg,http://images.amazon.com/images/P/0553260111.01.LZZZZZZZ.jpg,The Bourne Identity Robert Ludlum Bantam Books,54,7.648148148148148,7.702309159860398
0316693251,Roses Are Red,James Patterson,2000,Little Brown and Company,http://images.amazon.com/images/P/0316693251.01.THUMBZZZ.jpg,http://images.amazon.com/images/P/0316693251.01.MZZZZZZZ.jpg,http://images.amazon.com/images/P/0316693251.01.LZZZZZZZ.jpg,Roses Are Red James Patterson Little Brown and Company,33,8.030303030303031,7.9617146760315
0399145923,Carolina Moon,Nora Roberts,2000,Putnam Pub Group,http://images.amazon.com/images/P/0399145923.01.THUMBZZZ.jpg,http://images.amazon.com/images/P/0399145923.01.MZZZZZZZ.jpg,http://images.amazon.com/images/P/0399145923.01.LZZZZZZZ.jpg,Carolina Moon Nora Roberts Putnam Pub Group,18,8.11111111111111,7.972917837622882
0385729340,The Second Summer of the Sisterhood,ANN BRASHARES,2003,Delacorte Books for Young Readers,http://images.amazon.com/images/P/0385729340.01.THUMBZZZ.jpg,http://images.amazon.com/images/P/0385729340.01.MZZZZZZZ.jpg,http://images.amazon.com/images/P/0385729340.01.LZZZZZZZ.jpg,The Second Summer of the Sisterhood ANN BRASHARES Delacorte Books for Young Readers,22,9.0,8.451687567373083
076790382X,I'm a Stranger Here Myself: Notes on Returning to America After 20 Years Away,Bill Bryson,2000,Broadway Books,http://images.amazon.com/images/P/076790382X.01.THUMBZZZ.jpg,http://images.amazon.com/images/P/076790382X.01.MZZZZZZZ.jpg,http://images.amazon.com/images/P/076790382X.01.LZZZZZZZ.jpg,I'm a Stranger Here Myself: Notes on Returning to America After 20 Years Away Bill Bryson Broadway Books,26,7.846153846153846,7.847192996297163
0767905180,Jemima J: A Novel About Ugly Ducklings and Swans,Jane Green,2001,Broadway Books,http://images.amazon.com/images/P/0767905180.01.THUMBZZZ.jpg,http://images.amazon.com/images/P/0767905180.01.MZZZZZZZ.jpg,http://images.amazon.com/images/P/0767905180.01.LZZZZZZZ.jpg,Jemima J: A Novel About Ugly Ducklings and Swans Jane Green Broadway Books,67,7.567164179104478,7.631849170455971
0767907817,Bookends : A Novel,Jane Green,2003,Broadway,http://images.amazon.com/images/P/0767907817.01.THUMBZZZ.jpg,http://images.amazon.com/images/P/0767907817.01.MZZZZZZZ.jpg,http://images.amazon.com/images/P/0767907817.01.LZZZZZZZ.jpg,Bookends : A Novel Jane Green Broadway,32,7.84375,7.845593804416723
0679444815,Timeline,Michael Crichton,1999,Alfred A. Knopf,http://images.amazon.com/images/P/0679444815.01.THUMBZZZ.jpg,http://images.amazon.com/images/P/0679444815.01.MZZZZZZZ.jpg,http://images.amazon.com/images/P/0679444815.01.LZZZZZZZ.jpg,Timeline Michael Crichton Alfred A. Knopf,41,7.902439024390244,7.884768489010975
0345347536,A Spell for Chameleon (Xanth Novels (Paperback)),Piers Anthony,1987,Del Rey Books,http://images.amazon.com/images/P/0345347536.01.THUMBZZZ.jpg,http://images.amazon.com/images/P/0345347536.01.MZZZZZZZ.jpg,http://images.amazon.com/images/P/0345347536.01.LZZZZZZZ.jpg,A Spell for Chameleon (Xanth Novels (Paperback)) Piers Anthony Del Rey Books,18,7.888888888888889,7.867654679728146
0345427637,The Angel of Darkness,Caleb Carr,1998,Ballantine Books,http://images.amazon.com/images/P/0345427637.01.THUMBZZZ.jpg,http://images.amazon.com/images/P/0345427637.01.MZZZZZZZ.jpg,http://images.amazon.com/images/P/0345427637.01.LZZZZZZZ.jpg,The Angel of Darkness Caleb Carr Ballantine Books,34,7.147058823529412,7.406868107956843
0385474547,Things Fall Apart : A Novel,CHINUA ACHEBE,1994,Anchor,http://images.amazon.com/images/P/0385474547.01.THUMBZZZ.jpg,http://images.amazon.com/images/P/0385474547.01.MZZZZZZZ.jpg,http://images.amazon.com/images/P/0385474547.01.LZZZZZZZ.jpg,Things Fall Apart : A Novel CHINUA ACHEBE Anchor,22,7.590909090909091,7.713592329277846
0553213105,Pride and Prejudice,Jane Austen,1981,Bantam,http://images.amazon.com/images/P/0553213105.01.THUMBZZZ.jpg,http://images.amazon.com/images/P/0553213105.01.MZZZZZZZ.jpg,http://images.amazon.com/images/P/0553213105.01.LZZZZZZZ.jpg,Pride and Prejudice Jane Austen Bantam,33,8.363636363636363,8.16926184584282
0553273914,The House of the Spirits,Isabel Allende,1986,Bantam Books,http://images.amazon.com/images/P/0553273914.01.THUMBZZZ.jpg,http://images.amazon.com/images/P/0553273914.01.MZZZZZZZ.jpg,http://images.amazon.com/images/P/0553273914.01.LZZZZZZZ.jpg,The House of the Spirits Isabel Allende Bantam Books,42,8.30952380952381,8.160820610155959
0553380095,The Heart of a Woman,Maya Angelou,1997,Bantam,http://images.amazon.com/images/P/0553380095.01.THUMBZZZ.jpg,http://images.amazon.com/images/P/0553380095.01.MZZZZZZZ.jpg,http://images.amazon.com/images/P/0553380095.01.LZZZZZZZ.jpg,The Heart of a Woman Maya Angelou Bantam,32,7.53125,7.653286112109029
0671742515,Long Dark Tea Time of the Soul,Douglas Adams,1991,Pocket,http://images.amazon.com/images/P/0671742515.01.THUMBZZZ.jpg,http://images.amazon.com/images/P/0671742515.01.MZZZZZZZ.jpg,http://images.amazon.com/images/P/0671742515.01.LZZZZZZZ.jpg,Long Dark Tea Time of the Soul Douglas Adams Pocket,14,8.714285714285714,8.20502581851969
0679735909,Possession : A Romance,A.S. BYATT,1991,Vintage,http://images.amazon.com/images/P/0679735909.01.THUMBZZZ.jpg,http://images.amazon.com/images/P/0679735909.01.MZZZZZZZ.jpg,http://images.amazon.com/images/P/0679735909.01.LZZZZZZZ.jpg,Possession : A Romance A.S. BYATT Vintage,32,7.875,7.864824573647491
067976397X,Corelli's Mandolin : A Novel,LOUIS DE BERNIERES,1995,Vintage,http://images.amazon.com/images/P/067976397X.01.THUMBZZZ.jpg,http://images.amazon.com/images/P/067976397X.01.MZZZZZZZ.jpg,http://images.amazon.com/images/P/067976397X.01.LZZZZZZZ.jpg,Corelli's Mandolin : A Novel LOUIS DE BERNIERES Vintage,26,8.038461538461538,7.955888648471076
0679776818,Birdsong: A Novel of Love and War,Sebastian Faulks,1997,Vintage Books USA,http://images.amazon.com/images/P/0679776818.01.THUMBZZZ.jpg,http://images.amazon.com/images/P/0679776818.01.MZZZZZZZ.jpg,http://images.amazon.com/images/P/0679776818.01.LZZZZZZZ.jpg,Birdsong: A Novel of Love and War Sebastian Faulks Vintage Books USA,12,7.583333333333333,7.7490899321771725
0140042520,Dharma Bums,Jack Kerouac,1991,Penguin Books,http://images.amazon.com/images/P/0140042520.01.THUMBZZZ.jpg,http://images.amazon.com/images/P/0140042520.01.MZZZZZZZ.jpg,http://images.amazon.com/images/P/0140042520.01.LZZZZZZZ.jpg,Dharma Bums Jack Kerouac Penguin Books,10,8.8,8.165695927655651
0142001805,The Eyre Affair: A Novel,Jasper Fforde,2003,Penguin Books,http://images.amazon.com/images/P/0142001805.01.THUMBZZZ.jpg,http://images.amazon.com/images/P/0142001805.01.MZZZZZZZ.jpg,http://images.amazon.com/images/P/0142001805.01.LZZZZZZZ.jpg,The Eyre Affair: A Novel Jasper Fforde Penguin Books,51,8.450980392156863,8.281279969431965
0385318073,Evening Class,Maeve Binchy,1997,Dell,http://images.amazon.com/images/P/0385318073.01.THUMBZZZ.jpg,http://images.amazon.com/images/P/0385318073.01.MZZZZZZZ.jpg,http://images.amazon.com/images/P/0385318073.01.LZZZZZZZ.jpg,Evening Class Maeve Binchy Dell,12,8.25,7.9990899321771725
0345361792,A Prayer for Owen Meany,John Irving,1990,Ballantine Books,http://images.amazon.com/images/P/0345361792.01.THUMBZZZ.jpg,http://images.amazon.com/images/P/0345361792.01.MZZZZZZZ.jpg,http://images.amazon.com/images/P/0345361792.01.LZZZZZZZ.jpg,A Prayer for Owen Meany John Irving Ballantine Books,116,8.560344827586206,8.455668219335804
0345389964,A Son of the Circus,John Irving,1995,Ballantine Books,http://images.amazon.com/images/P/0345389964.01.THUMBZZZ.jpg,http://images.amazon.com/images/P/0345389964.01.MZZZZZZZ.jpg,http://images.amazon.com/images/P/0345389964.01.LZZZZZZZ.jpg,A Son of the Circus John Irving Ballantine Books,23,7.217391304347826,7.510950647201616
0345449347,The Fourth Hand,John Irving,2002,Ballantine Books,http://images.amazon.com/images/P/0345449347.01.THUMBZZZ.jpg,http://images.amazon.com/images/P/0345449347.01.MZZZZZZZ.jpg,http://images.amazon.com/images/P/0345449347.01.LZZZZZZZ.jpg,The Fourth Hand John Irving Ballantine Books,21,6.904761904761905,7.365143361699257
0375701907,Straight Man : A Novel (Vintage Contemporaries),RICHARD RUSSO,1998,Vintage,http://images.amazon.com/images/P/0375701907.01.THUMBZZZ.jpg,http://images.amazon.com/images/P/0375701907.01.MZZZZZZZ.jpg,http://images.amazon.com/images/P/0375701907.01.LZZZZZZZ.jpg,Straight Man : A Novel (Vintage Contemporaries) RICHARD RUSSO Vintage,17,8.764705882352942,8.269483184585663
0375724370,Anil's Ghost (Vintage International),Michael Ondaatje,2001,Vintage Books USA,http://images.amazon.com/images/P/0375724370.01.THUMBZZZ.jpg,http://images.amazon.com/images/P/0375724370.01.MZZZZZZZ.jpg,http://images.amazon.com/images/P/0375724370.01.LZZZZZZZ.jpg,Anil's Ghost (Vintage International) Michael Ondaatje Vintage Books USA,12,7.5,7.7178399321771725
0679745203,The English Patient,Michael Ondaatje,1996,Vintage Books USA,http://images.amazon.com/images/P/0679745203.01.THUMBZZZ.jpg,http://images.amazon.com/images/P/0679745203.01.MZZZZZZZ.jpg,http://images.amazon.com/images/P/0679745203.01.LZZZZZZZ.jpg,The English Patient Michael Ondaatje Vintage Books USA,66,7.484848484848484,7.569428811972901
0679751521,Midnight in the Garden of Good and Evil,John Berendt,1999,Vintage Books USA,http://images.amazon.com/images/P/0679751521.01.THUMBZZZ.jpg,http://images.amazon.com/images/P/0679751521.01.MZZZZZZZ.jpg,http://images.amazon.com/images/P/0679751521.01.LZZZZZZZ.jpg,Midnight in the Garden of Good and Evil John Berendt Vintage Books USA,45,7.511111111111111,7.614936581994916
0804115613,Fried Green Tomatoes at the Whistle Stop Cafe,Fannie Flagg,2000,Ballantine Books,http://images.amazon.com/images/P/0804115613.01.THUMBZZZ.jpg,http://images.amazon.com/images/P/0804115613.01.MZZZZZZZ.jpg,http://images.amazon.com/images/P/0804115613.01.LZZZZZZZ.jpg,Fried Green Tomatoes at the Whistle Stop Cafe Fannie Flagg Ballantine Books,25,8.52,8.221575062881545
0312099436,Women of the Silk : A Novel,Gail Tsukiyama,1993,St. Martin's Griffin,http://images.amazon.com/images/P/0312099436.01.THUMBZZZ.jpg,http://images.amazon.com/images/P/0312099436.01.MZZZZZZZ.jpg,http://images.amazon.com/images/P/0312099436.01.LZZZZZZZ.jpg,Women of the Silk : A Novel Gail Tsukiyama St. Martin's Griffin,14,8.0,7.910908171460868
0312144075,The Samurai's Garden : A Novel,Gail Tsukiyama,1996,St. Martin's Griffin,http://images.amazon.com/images/P/0312144075.01.THUMBZZZ.jpg,http://images.amazon.com/images/P/0312144075.01.MZZZZZZZ.jpg,http://images.amazon.com/images/P/0312144075.01.LZZZZZZZ.jpg,The Samurai's Garden : A Novel Gail Tsukiyama St. Martin's Griffin,23,8.173913043478262,8.022578554178361
0312282990,The Amazing Adventures of Kavalier & Clay,Michael Chabon,2001,Picador,http://images.amazon.com/images/P/0312282990.01.THUMBZZZ.jpg,http://images.amazon.com/images/P/0312282990.01.MZZZZZZZ.jpg,http://images.amazon.com/images/P/0312282990.01.LZZZZZZZ.jpg,The Amazing Adventures of Kavalier & Clay Michael Chabon Picador,52,8.096153846153847,8.027373303189854
0345418018,The World According to Garp (Ballantine Reader's Circle),John Irving,1997,Ballantine Books,http://images.amazon.com/images/P/0345418018.01.THUMBZZZ.jpg,http://images.amazon.com/images/P/0345418018.01.MZZZZZZZ.jpg,http://images.amazon.com/images/P/0345418018.01.LZZZZZZZ.jpg,The World According to Garp (Ballantine Reader's Circle) John Irving Ballantine Books,11,7.636363636363637,7.773254123537726
0375705198,Amy and Isabelle : A novel,ELIZABETH STROUT,2000,Vintage,http://images.amazon.com/images/P/0375705198.01.THUMBZZZ.jpg,http://images.amazon.com/images/P/0375705198.01.MZZZZZZZ.jpg,http://images.amazon.com/images/P/0375705198.01.LZZZZZZZ.jpg,Amy and Isabelle : A novel ELIZABETH STROUT Vintage,24,7.375,7.59024722340158
0375706410,Waiting (Vintage International),Ha Jin,2000,Vintage Books USA,http://images.amazon.com/images/P/0375706410.01.THUMBZZZ.jpg,http://images.amazon.com/images/P/0375706410.01.MZZZZZZZ.jpg,http://images.amazon.com/images/P/0375706410.01.LZZZZZZZ.jpg,Waiting (Vintage International) Ha Jin Vintage Books USA,26,7.538461538461538,7.673279952818902
038542017X,"Like Water for Chocolate : A Novel in Monthly Installments with Recipes, Romances, and Home Remedies",LAURA ESQUIVEL,1995,Anchor,http://images.amazon.com/images/P/038542017X.01.THUMBZZZ.jpg,http://images.amazon.com/images/P/038542017X.01.MZZZZZZZ.jpg,http://images.amazon.com/images/P/038542017X.01.LZZZZZZZ.jpg,"Like Water for Chocolate : A Novel in Monthly Installments with Recipes, Romances, and Home Remedies LAURA ESQUIVEL Anchor",44,7.75,7.780794966088586
0385475772,Nine Parts of Desire: The Hidden World of Islamic Women,Geraldine Brooks,1996,Anchor Books/Doubleday,http://images.amazon.com/images/P/0385475772.01.THUMBZZZ.jpg,http://images.amazon.com/images/P/0385475772.01.MZZZZZZZ.jpg,http://images.amazon.com/images/P/0385475772.01.LZZZZZZZ.jpg,Nine Parts of Desire: The Hidden World of Islamic Women Geraldine Brooks Anchor Books/Doubleday,11,7.818181818181818,7.837770252569984
0385720467,Disobedience: A Novel,Jane Hamilton,2001,Anchor Books/Doubleday,http://images.amazon.com/images/P/0385720467.01.THUMBZZZ.jpg,http://images.amazon.com/images/P/0385720467.01.MZZZZZZZ.jpg,http://images.amazon.com/images/P/0385720467.01.LZZZZZZZ.jpg,Disobedience: A Novel Jane Hamilton Anchor Books/Doubleday,17,6.470588235294118,7.215429130531609
0446678457,Cane River (Oprah's Book Club (Paperback)),Lalita Tademy,2002,Warner Books,http://images.amazon.com/images/P/0446678457.01.THUMBZZZ.jpg,http://images.amazon.com/images/P/0446678457.01.MZZZZZZZ.jpg,http://images.amazon.com/images/P/0446678457.01.LZZZZZZZ.jpg,Cane River (Oprah's Book Club (Paperback)) Lalita Tademy Warner Books,16,7.8125,7.832524384157486
0679724362,The Road from Coorain,Jill Ker Conway,1990,Vintage Books USA,http://images.amazon.com/images/P/0679724362.01.THUMBZZZ.jpg,http://images.amazon.com/images/P/0679724362.01.MZZZZZZZ.jpg,http://images.amazon.com/images/P/0679724362.01.LZZZZZZZ.jpg,The Road from Coorain Jill Ker Conway Vintage Books USA,13,7.384615384615385,7.665784176656652
0684800713,Sun Also Rises,Ernest Hemingway,1995,Scribner,http://images.amazon.com/images/P/0684800713.01.THUMBZZZ.jpg,http://images.amazon.com/images/P/0684800713.01.MZZZZZZZ.jpg,http://images.amazon.com/images/P/0684800713.01.LZZZZZZZ.jpg,Sun Also Rises Ernest Hemingway Scribner,18,7.666666666666667,7.762391521833408
0871136791,Cold Mountain,Charles Frazier,1997,Atlantic Monthly Press,http://images.amazon.com/images/P/0871136791.01.THUMBZZZ.jpg,http://images.amazon.com/images/P/0871136791.01.MZZZZZZZ.jpg,http://images.amazon.com/images/P/0871136791.01.LZZZZZZZ.jpg,Cold Mountain Charles Frazier Atlantic Monthly Press,44,8.068181818181818,7.999544966088586
1573227331,About a Boy,Nick Hornby,1999,Riverhead Books,http://images.amazon.com/images/P/1573227331.01.THUMBZZZ.jpg,http://images.amazon.com/images/P/1573227331.01.MZZZZZZZ.jpg,http://images.amazon.com/images/P/1573227331.01.LZZZZZZZ.jpg,About a Boy Nick Hornby Riverhead Books,33,7.545454545454546,7.65982788357867
0140067477,The Tao of Pooh,Benjamin Hoff,1983,Penguin Books,http://images.amazon.com/images/P/0140067477.01.THUMBZZZ.jpg,http://images.amazon.com/images/P/0140067477.01.MZZZZZZZ.jpg,http://images.amazon.com/images/P/0140067477.01.LZZZZZZZ.jpg,The Tao of Pooh Benjamin Hoff Penguin Books,70,7.871428571428571,7.866343086996327
014017737X,The Pearl,John Steinbeck,2000,Penguin USA (Paper),http://images.amazon.com/images/P/014017737X.01.THUMBZZZ.jpg,http://images.amazon.com/images/P/014017737X.01.MZZZZZZZ.jpg,http://images.amazon.com/images/P/014017737X.01.LZZZZZZZ.jpg,The Pearl John Steinbeck Penguin USA (Paper),15,8.0,7.913453652276271
0140257934,"These High, Green Hills (The Mitford Years)",Jan Karon,1997,Viking Books,http://images.amazon.com/images/P/0140257934.01.THUMBZZZ.jpg,http://images.amazon.com/images/P/0140257934.01.MZZZZZZZ.jpg,http://images.amazon.com/images/P/0140257934.01.LZZZZZZZ.jpg,"These High, Green Hills (The Mitford Years) Jan Karon Viking Books",25,7.84,7.843797285103767
0140328696,Charlie and the Chocolate Factory,Roald Dahl,1994,Puffin Books,http://images.amazon.com/images/P/0140328696.01.THUMBZZZ.jpg,http://images.amazon.com/images/P/0140328696.01.MZZZZZZZ.jpg,http://images.amazon.com/images/P/0140328696.01.LZZZZZZZ.jpg,Charlie and the Chocolate Factory Roald Dahl Puffin Books,18,8.5,8.157128363938671
015602943X,The Time Traveler's Wife (Harvest Book),Audrey Niffenegger,2004,Harvest Books,http://images.amazon.com/images/P/015602943X.01.THUMBZZZ.jpg,http://images.amazon.com/images/P/015602943X.01.MZZZZZZZ.jpg,http://images.amazon.com/images/P/015602943X.01.LZZZZZZZ.jpg,The Time Traveler's Wife (Harvest Book) Audrey Niffenegger Harvest Books,22,8.681818181818182,8.285020900706417
0312952716,A Simple Plan,Scott Smith,1994,St. Martin's Press,http://images.amazon.com/images/P/0312952716.01.THUMBZZZ.jpg,http://images.amazon.com/images/P/0312952716.01.MZZZZZZZ.jpg,http://images.amazon.com/images/P/0312952716.01.LZZZZZZZ.jpg,A Simple Plan Scott Smith St. Martin's Press,20,8.25,8.049271945741738
0312966091,Three To Get Deadly : A Stephanie Plum Novel (A Stephanie Plum Novel),Janet Evanovich,1998,St. Martin's Paperbacks,http://images.amazon.com/images/P/0312966091.01.THUMBZZZ.jpg,http://images.amazon.com/images/P/0312966091.01.MZZZZZZZ.jpg,http://images.amazon.com/images/P/0312966091.01.LZZZZZZZ.jpg,Three To Get Deadly : A Stephanie Plum Novel (A Stephanie Plum Novel) Janet Evanovich St. Martin's Paperbacks,84,8.202380952380953,8.134335363746823
0380807343,Coraline,Neil Gaiman,2003,HarperTrophy,http://images.amazon.com/images/P/0380807343.01.THUMBZZZ.jpg,http://images.amazon.com/images/P/0380807343.01.MZZZZZZZ.jpg,http://images.amazon.com/images/P/0380807343.01.LZZZZZZZ.jpg,Coraline Neil Gaiman HarperTrophy,22,8.045454545454545,7.951687567373083
0380813815,"Lamb : The Gospel According to Biff, Christ's Childhood Pal",Christopher Moore,2003,Perennial,http://images.amazon.com/images/P/0380813815.01.THUMBZZZ.jpg,http://images.amazon.com/images/P/0380813815.01.MZZZZZZZ.jpg,http://images.amazon.com/images/P/0380813815.01.LZZZZZZZ.jpg,"Lamb : The Gospel According to Biff, Christ's Childhood Pal Christopher Moore Perennial",49,8.775510204081632,8.506824316372022
039480001X,The Cat in the Hat,Dr. Seuss,1957,Random House Books for Young Readers,http://images.amazon.com/images/P/039480001X.01.THUMBZZZ.jpg,http://images.amazon.com/images/P/039480001X.01.MZZZZZZZ.jpg,http://images.amazon.com/images/P/039480001X.01.LZZZZZZZ.jpg,The Cat in the Hat Dr. Seuss Random House Books for Young Readers,21,9.142857142857142,8.51148482511389
0440222656,The Horse Whisperer,Nicholas Evans,1996,Dell,http://images.amazon.com/images/P/0440222656.01.THUMBZZZ.jpg,http://images.amazon.com/images/P/0440222656.01.MZZZZZZZ.jpg,http://images.amazon.com/images/P/0440222656.01.LZZZZZZZ.jpg,The Horse Whisperer Nicholas Evans Dell,96,7.5,7.560093774393703
0440487617,A Wind in the Door,Madeleine L'Engle,1974,Yearling Books,http://images.amazon.com/images/P/0440487617.01.THUMBZZZ.jpg,http://images.amazon.com/images/P/0440487617.01.MZZZZZZZ.jpg,http://images.amazon.com/images/P/0440487617.01.LZZZZZZZ.jpg,A Wind in the Door Madeleine L'Engle Yearling Books,24,8.291666666666666,8.09024722340158
0440498058,A Wrinkle In Time,MADELEINE L'ENGLE,1998,Yearling,http://images.amazon.com/images/P/0440498058.01.THUMBZZZ.jpg,http://images.amazon.com/images/P/0440498058.01.MZZZZZZZ.jpg,http://images.amazon.com/images/P/0440498058.01.LZZZZZZZ.jpg,A Wrinkle In Time MADELEINE L'ENGLE Yearling,55,8.8,8.546278371062261
0441003257,Good Omens,Neil Gaiman,1996,Ace Books,http://images.amazon.com/images/P/0441003257.01.THUMBZZZ.jpg,http://images.amazon.com/images/P/0441003257.01.MZZZZZZZ.jpg,http://images.amazon.com/images/P/0441003257.01.LZZZZZZZ.jpg,Good Omens Neil Gaiman Ace Books,49,8.346938775510203,8.202476490285065
0553274325,Johnny Got His Gun,Dalton Trumbo,1983,Bantam Books,http://images.amazon.com/images/P/0553274325.01.THUMBZZZ.jpg,http://images.amazon.com/images/P/0553274325.01.MZZZZZZZ.jpg,http://images.amazon.com/images/P/0553274325.01.LZZZZZZZ.jpg,Johnny Got His Gun Dalton Trumbo Bantam Books,14,9.428571428571429,8.499143465578515
0553560247,Dying for Chocolate (Culinary Mysteries (Paperback)),DIANE MOTT DAVIDSON,1993,Bantam,http://images.amazon.com/images/P/0553560247.01.THUMBZZZ.jpg,http://images.amazon.com/images/P/0553560247.01.MZZZZZZZ.jpg,http://images.amazon.com/images/P/0553560247.01.LZZZZZZZ.jpg,Dying for Chocolate (Culinary Mysteries (Paperback)) DIANE MOTT DAVIDSON Bantam,29,7.620689655172414,7.713691384278969
0670894605,The Secret Life of Bees,Sue Monk Kidd,2002,Viking Books,http://images.amazon.com/images/P/0670894605.01.THUMBZZZ.jpg,http://images.amazon.com/images/P/0670894605.01.MZZZZZZZ.jpg,http://images.amazon.com/images/P/0670894605.01.LZZZZZZZ.jpg,The Secret Life of Bees Sue Monk Kidd Viking Books,36,8.75,8.428051389815527
0786817070,"Artemis Fowl (Artemis Fowl, Book 1)",Eoin Colfer,2002,Miramax Kids,http://images.amazon.com/images/P/0786817070.01.THUMBZZZ.jpg,http://images.amazon.com/images/P/0786817070.01.MZZZZZZZ.jpg,http://images.amazon.com/images/P/0786817070.01.LZZZZZZZ.jpg,"Artemis Fowl (Artemis Fowl, Book 1) Eoin Colfer Miramax Kids",54,7.574074074074074,7.648255105806346
0786869216,The Pleasure of My Company: A Novel,Steve Martin,2003,Hyperion,http://images.amazon.com/images/P/0786869216.01.THUMBZZZ.jpg,http://images.amazon.com/images/P/0786869216.01.MZZZZZZZ.jpg,http://images.amazon.com/images/P/0786869216.01.LZZZZZZZ.jpg,The Pleasure of My Company: A Novel Steve Martin Hyperion,16,8.125,7.971413273046375
0786885688,Shopgirl,Steve Martin,2001,Hyperion,http://images.amazon.com/images/P/0786885688.01.THUMBZZZ.jpg,http://images.amazon.com/images/P/0786885688.01.MZZZZZZZ.jpg,http://images.amazon.com/images/P/0786885688.01.LZZZZZZZ.jpg,Shopgirl Steve Martin Hyperion,51,7.1568627450980395,7.351702504643233
0807083054,Kindred (Black Women Writers Series),Octavia Butler,1988,Beacon Press,http://images.amazon.com/images/P/0807083054.01.THUMBZZZ.jpg,http://images.amazon.com/images/P/0807083054.01.MZZZZZZZ.jpg,http://images.amazon.com/images/P/0807083054.01.LZZZZZZZ.jpg,Kindred (Black Women Writers Series) Octavia Butler Beacon Press,14,8.571428571428571,8.146202289107926
0836218655,Wiener Dog Art,Gary Larson,1990,Andrews McMeel Publishing,http://images.amazon.com/images/P/0836218655.01.THUMBZZZ.jpg,http://images.amazon.com/images/P/0836218655.01.MZZZZZZZ.jpg,http://images.amazon.com/images/P/0836218655.01.LZZZZZZZ.jpg,Wiener Dog Art Gary Larson Andrews McMeel Publishing,16,8.1875,7.9991910508241535
0060936231,Soul Mountain,Gao Xingjian,2001,Perennial,http://images.amazon.com/images/P/0060936231.01.THUMBZZZ.jpg,http://images.amazon.com/images/P/0060936231.01.MZZZZZZZ.jpg,http://images.amazon.com/images/P/0060936231.01.LZZZZZZZ.jpg,Soul Mountain Gao Xingjian Perennial,18,6.888888888888889,7.393970469201829
0380710218,Postmortem,Patricia Daniels Cornwell,1993,Harper Mass Market Paperbacks (Mm),http://images.amazon.com/images/P/0380710218.01.THUMBZZZ.jpg,http://images.amazon.com/images/P/0380710218.01.MZZZZZZZ.jpg,http://images.amazon.com/images/P/0380710218.01.LZZZZZZZ.jpg,Postmortem Patricia Daniels Cornwell Harper Mass Market Paperbacks (Mm),48,8.020833333333334,7.970159968083376
0380717018,Body of Evidence (Kay Scarpetta Mysteries (Paperback)),Patricia D. Cornwell,1992,Avon,http://images.amazon.com/images/P/0380717018.01.THUMBZZZ.jpg,http://images.amazon.com/images/P/0380717018.01.MZZZZZZZ.jpg,http://images.amazon.com/images/P/0380717018.01.LZZZZZZZ.jpg,Body of Evidence (Kay Scarpetta Mysteries (Paperback)) Patricia D. Cornwell Avon,40,7.7,7.749514630494492
0380730820,Jupiter's Bones : A Peter Decker/Rina Lazarus Novel (Peter Decker & Rina Lazarus Novels (Paperback)),Faye Kellerman,2000,Avon,http://images.amazon.com/images/P/0380730820.01.THUMBZZZ.jpg,http://images.amazon.com/images/P/0380730820.01.MZZZZZZZ.jpg,http://images.amazon.com/images/P/0380730820.01.LZZZZZZZ.jpg,Jupiter's Bones : A Peter Decker/Rina Lazarus Novel (Peter Decker & Rina Lazarus Novels (Paperback)) Faye Kellerman Avon,15,7.533333333333333,7.7134536522762716
0385424728,The Chamber,John Grisham,1994,Doubleday Books,http://images.amazon.com/images/P/0385424728.01.THUMBZZZ.jpg,http://images.amazon.com/images/P/0385424728.01.MZZZZZZZ.jpg,http://images.amazon.com/images/P/0385424728.01.LZZZZZZZ.jpg,The Chamber John Grisham Doubleday Books,41,7.512195121951219,7.622473407043762
0425163385,The Night Crew,John Sandford,2004,Berkley Publishing Group,http://images.amazon.com/images/P/0425163385.01.THUMBZZZ.jpg,http://images.amazon.com/images/P/0425163385.01.MZZZZZZZ.jpg,http://images.amazon.com/images/P/0425163385.01.LZZZZZZZ.jpg,The Night Crew John Sandford Berkley Publishing Group,21,7.571428571428571,7.706606776333403
0440236169,Birdman,Mo Hayder,2000,Dell Publishing Company,http://images.amazon.com/images/P/0440236169.01.THUMBZZZ.jpg,http://images.amazon.com/images/P/0440236169.01.MZZZZZZZ.jpg,http://images.amazon.com/images/P/0440236169.01.LZZZZZZZ.jpg,Birdman Mo Hayder Dell Publishing Company,17,7.882352941176471,7.864077779180258
0446667900,A Darkness More Than Night,Michael Connelly,2002,Warner Vision,http://images.amazon.com/images/P/0446667900.01.THUMBZZZ.jpg,http://images.amazon.com/images/P/0446667900.01.MZZZZZZZ.jpg,http://images.amazon.com/images/P/0446667900.01.LZZZZZZZ.jpg,A Darkness More Than Night Michael Connelly Warner Vision,33,7.454545454545454,7.603224109993764
0553284789,F Is for Fugitive (Kinsey Millhone Mysteries (Paperback)),Sue Grafton,1990,Bantam,http://images.amazon.com/images/P/0553284789.01.THUMBZZZ.jpg,http://images.amazon.com/images/P/0553284789.01.MZZZZZZZ.jpg,http://images.amazon.com/images/P/0553284789.01.LZZZZZZZ.jpg,F Is for Fugitive (Kinsey Millhone Mysteries (Paperback)) Sue Grafton Bantam,47,7.851063829787234,7.8503116093980525
0671011375,Death du Jour,Kathy Reichs,2000,Pocket,http://images.amazon.com/images/P/0671011375.01.THUMBZZZ.jpg,http://images.amazon.com/images/P/0671011375.01.MZZZZZZZ.jpg,http://images.amazon.com/images/P/0671011375.01.LZZZZZZZ.jpg,Death du Jour Kathy Reichs Pocket,30,7.8,7.81941755659339
0805036377,M Is for Malice (Kinsey Millhone Mysteries (Hardcover)),Sue Grafton,1996,Henry Holt & Company,http://images.amazon.com/images/P/0805036377.01.THUMBZZZ.jpg,http://images.amazon.com/images/P/0805036377.01.MZZZZZZZ.jpg,http://images.amazon.com/images/P/0805036377.01.LZZZZZZZ.jpg,M Is for Malice (Kinsey Millhone Mysteries (Hardcover)) Sue Grafton Henry Holt & Company,19,7.526315789473684,7.691560969991526
0330267388,"Life,the Universe and Everything",Douglas Adams,0,Pan Books Ltd,http://images.amazon.com/images/P/0330267388.01.THUMBZZZ.jpg,http://images.amazon.com/images/P/0330267388.01.MZZZZZZZ.jpg,http://images.amazon.com/images/P/0330267388.01.LZZZZZZZ.jpg,"Life,the Universe and Everything Douglas Adams Pan Books Ltd",20,8.7,8.274271945741738
0684853523,On Writing,Stephen King,2000,Scribner,http://images.amazon.com/images/P/0684853523.01.THUMBZZZ.jpg,http://images.amazon.com/images/P/0684853523.01.MZZZZZZZ.jpg,http://images.amazon.com/images/P/0684853523.01.LZZZZZZZ.jpg,On Writing Stephen King Scribner,26,7.961538461538462,7.912410387601511
0684872153,Angela's Ashes (MMP) : A Memoir,Frank McCourt,1999,Scribner,http://images.amazon.com/images/P/0684872153.01.THUMBZZZ.jpg,http://images.amazon.com/images/P/0684872153.01.MZZZZZZZ.jpg,http://images.amazon.com/images/P/0684872153.01.LZZZZZZZ.jpg,Angela's Ashes (MMP) : A Memoir Frank McCourt Scribner,81,7.987654320987654,7.960107701283857
0553560735,Red Mars (Mars Trilogy),Kim Stanley Robinson,1993,Bantam,http://images.amazon.com/images/P/0553560735.01.THUMBZZZ.jpg,http://images.amazon.com/images/P/0553560735.01.MZZZZZZZ.jpg,http://images.amazon.com/images/P/0553560735.01.LZZZZZZZ.jpg,Red Mars (Mars Trilogy) Kim Stanley Robinson Bantam,14,8.357142857142858,8.05796699499028
0316284955,White Oleander : A Novel (Oprah's Book Club),Janet Fitch,2000,Back Bay Books,http://images.amazon.com/images/P/0316284955.01.THUMBZZZ.jpg,http://images.amazon.com/images/P/0316284955.01.MZZZZZZZ.jpg,http://images.amazon.com/images/P/0316284955.01.LZZZZZZZ.jpg,White Oleander : A Novel (Oprah's Book Club) Janet Fitch Back Bay Books,112,7.901785714285714,7.893718771436891
0385722206,Balzac and the Little Chinese Seamstress : A Novel,DAI SIJIE,2002,Anchor,http://images.amazon.com/images/P/0385722206.01.THUMBZZZ.jpg,http://images.amazon.com/images/P/0385722206.01.MZZZZZZZ.jpg,http://images.amazon.com/images/P/0385722206.01.LZZZZZZZ.jpg,Balzac and the Little Chinese Seamstress : A Novel DAI SIJIE Anchor,97,8.030927835051546,7.9997510925612785
0670865796,The Deep End of the Ocean (Oprah's Book Club (Hardcover)),Jacquelyn Mitchard,1996,Penguin USA,http://images.amazon.com/images/P/0670865796.01.THUMBZZZ.jpg,http://images.amazon.com/images/P/0670865796.01.MZZZZZZZ.jpg,http://images.amazon.com/images/P/0670865796.01.LZZZZZZZ.jpg,The Deep End of the Ocean (Oprah's Book Club (Hardcover)) Jacquelyn Mitchard Penguin USA,31,7.903225806451613,7.881781918228814
0684853507,BAG OF BONES : A NOVEL,Stephen King,1998,Scribner,http://images.amazon.com/images/P/0684853507.01.THUMBZZZ.jpg,http://images.amazon.com/images/P/0684853507.01.MZZZZZZZ.jpg,http://images.amazon.com/images/P/0684853507.01.LZZZZZZZ.jpg,BAG OF BONES : A NOVEL Stephen King Scribner,34,8.323529411764707,8.147608848697583
0061020710,The Color of Magic,Terry Pratchett,2000,HarperTorch,http://images.amazon.com/images/P/0061020710.01.THUMBZZZ.jpg,http://images.amazon.com/images/P/0061020710.01.MZZZZZZZ.jpg,http://images.amazon.com/images/P/0061020710.01.LZZZZZZZ.jpg,The Color of Magic Terry Pratchett HarperTorch,25,7.2,7.488241729548211
0140265686,Out to Canaan (The Mitford Years),Jan Karon,1998,Viking Books,http://images.amazon.com/images/P/0140265686.01.THUMBZZZ.jpg,http://images.amazon.com/images/P/0140265686.01.MZZZZZZZ.jpg,http://images.amazon.com/images/P/0140265686.01.LZZZZZZZ.jpg,Out to Canaan (The Mitford Years) Jan Karon Viking Books,22,8.045454545454545,7.951687567373083
0142004278,Big Fish,Daniel Wallace,2003,Penguin USA (Paper),http://images.amazon.com/images/P/0142004278.01.THUMBZZZ.jpg,http://images.amazon.com/images/P/0142004278.01.MZZZZZZZ.jpg,http://images.amazon.com/images/P/0142004278.01.LZZZZZZZ.jpg,Big Fish Daniel Wallace Penguin USA (Paper),15,6.933333333333334,7.456310795133414
0312306326,Visions of Sugar Plums,Janet Evanovich,2002,St. Martin's Press,http://images.amazon.com/images/P/0312306326.01.THUMBZZZ.jpg,http://images.amazon.com/images/P/0312306326.01.MZZZZZZZ.jpg,http://images.amazon.com/images/P/0312306326.01.LZZZZZZZ.jpg,Visions of Sugar Plums Janet Evanovich St. Martin's Press,48,7.291666666666667,7.455454085730434
0312979096,Now You See Me,Tina Wainscott,2002,St. Martin's Paperbacks,http://images.amazon.com/images/P/0312979096.01.THUMBZZZ.jpg,http://images.amazon.com/images/P/0312979096.01.MZZZZZZZ.jpg,http://images.amazon.com/images/P/0312979096.01.LZZZZZZZ.jpg,Now You See Me Tina Wainscott St. Martin's Paperbacks,26,7.884615384615385,7.868932126731946
0345436911,The Dress Lodger (Ballantine Reader's Circle),Sheri Holman,2001,Ballantine Books,http://images.amazon.com/images/P/0345436911.01.THUMBZZZ.jpg,http://images.amazon.com/images/P/0345436911.01.MZZZZZZZ.jpg,http://images.amazon.com/images/P/0345436911.01.LZZZZZZZ.jpg,The Dress Lodger (Ballantine Reader's Circle) Sheri Holman Ballantine Books,40,7.5,7.616181297161159
0345445848,Big Cherry Holler: A Big Stone Gap Novel (Ballantine Reader's Circle),Adriana Trigiani,2002,Ballantine Books,http://images.amazon.com/images/P/0345445848.01.THUMBZZZ.jpg,http://images.amazon.com/images/P/0345445848.01.MZZZZZZZ.jpg,http://images.amazon.com/images/P/0345445848.01.LZZZZZZZ.jpg,Big Cherry Holler: A Big Stone Gap Novel (Ballantine Reader's Circle) Adriana Trigiani Ballantine Books,37,7.702702702702703,7.753875049643325
0380792745,The Lust Lizard of Melancholy Cove,Christopher Moore,2000,Perennial,http://images.amazon.com/images/P/0380792745.01.THUMBZZZ.jpg,http://images.amazon.com/images/P/0380792745.01.MZZZZZZZ.jpg,http://images.amazon.com/images/P/0380792745.01.LZZZZZZZ.jpg,The Lust Lizard of Melancholy Cove Christopher Moore Perennial,19,7.684210526315789,7.768484046914603
0380978415,"Fluke : Or, I Know Why the Winged Whale Sings",Christopher Moore,2003,William Morrow & Company,http://images.amazon.com/images/P/0380978415.01.THUMBZZZ.jpg,http://images.amazon.com/images/P/0380978415.01.MZZZZZZZ.jpg,http://images.amazon.com/images/P/0380978415.01.LZZZZZZZ.jpg,"Fluke : Or, I Know Why the Winged Whale Sings Christopher Moore William Morrow & Company",22,8.636363636363637,8.261211376896894
0425192725,Q Is for Quarry,Sue Grafton,2003,Berkley Publishing Group,http://images.amazon.com/images/P/0425192725.01.THUMBZZZ.jpg,http://images.amazon.com/images/P/0425192725.01.MZZZZZZZ.jpg,http://images.amazon.com/images/P/0425192725.01.LZZZZZZZ.jpg,Q Is for Quarry Sue Grafton Berkley Publishing Group,40,7.875,7.866181297161159
0440212561,Outlander,DIANA GABALDON,1992,Dell,http://images.amazon.com/images/P/0440212561.01.THUMBZZZ.jpg,http://images.amazon.com/images/P/0440212561.01.MZZZZZZZ.jpg,http://images.amazon.com/images/P/0440212561.01.LZZZZZZZ.jpg,Outlander DIANA GABALDON Dell,73,8.657534246575343,8.483557826125478
0451179285,The Stand: The Complete & Uncut Edition,Stephen King,1994,New Amer Library,http://images.amazon.com/images/P/0451179285.01.THUMBZZZ.jpg,http://images.amazon.com/images/P/0451179285.01.MZZZZZZZ.jpg,http://images.amazon.com/images/P/0451179285.01.LZZZZZZZ.jpg,The Stand: The Complete & Uncut Edition Stephen King New Amer Library,16,8.875,8.304746606379709
0451197399,The Ballad of Frankie Silver,Sharyn McCrumb,1999,Signet Book,http://images.amazon.com/images/P/0451197399.01.THUMBZZZ.jpg,http://images.amazon.com/images/P/0451197399.01.MZZZZZZZ.jpg,http://images.amazon.com/images/P/0451197399.01.LZZZZZZZ.jpg,The Ballad of Frankie Silver Sharyn McCrumb Signet Book,21,8.047619047619047,7.950509215357793
055356773X,The Cereal Murders,Diane Mott Davidson,1994,Crimeline,http://images.amazon.com/images/P/055356773X.01.THUMBZZZ.jpg,http://images.amazon.com/images/P/055356773X.01.MZZZZZZZ.jpg,http://images.amazon.com/images/P/055356773X.01.LZZZZZZZ.jpg,The Cereal Murders Diane Mott Davidson Crimeline,19,7.7368421052631575,7.794125072555628
060980619X,God Save the Sweet Potato Queens,JILL CONNER BROWNE,2001,Three Rivers Press,http://images.amazon.com/images/P/060980619X.01.THUMBZZZ.jpg,http://images.amazon.com/images/P/060980619X.01.MZZZZZZZ.jpg,http://images.amazon.com/images/P/060980619X.01.LZZZZZZZ.jpg,God Save the Sweet Potato Queens JILL CONNER BROWNE Three Rivers Press,16,7.75,7.804746606379709
0767905385,Catch Me If You Can: The True Story of a Real Fake,Stan Redding,2000,Broadway,http://images.amazon.com/images/P/0767905385.01.THUMBZZZ.jpg,http://images.amazon.com/images/P/0767905385.01.MZZZZZZZ.jpg,http://images.amazon.com/images/P/0767905385.01.LZZZZZZZ.jpg,Catch Me If You Can: The True Story of a Real Fake Stan Redding Broadway,50,7.86,7.856726826138136
0805062971,Fight Club,Chuck Palahniuk,1999,Owl Books,http://images.amazon.com/images/P/0805062971.01.THUMBZZZ.jpg,http://images.amazon.com/images/P/0805062971.01.MZZZZZZZ.jpg,http://images.amazon.com/images/P/0805062971.01.LZZZZZZZ.jpg,Fight Club Chuck Palahniuk Owl Books,30,8.5,8.23941755659339
0836218051,The Essential Calvin and Hobbes,Bill Watterson,1988,Andrews McMeel Publishing,http://images.amazon.com/images/P/0836218051.01.THUMBZZZ.jpg,http://images.amazon.com/images/P/0836218051.01.MZZZZZZZ.jpg,http://images.amazon.com/images/P/0836218051.01.LZZZZZZZ.jpg,The Essential Calvin and Hobbes Bill Watterson Andrews McMeel Publishing,16,9.25,8.471413273046375
1400031362,Morality for Beautiful Girls (No.1 Ladies Detective Agency),Alexander McCall Smith,2002,Anchor,http://images.amazon.com/images/P/1400031362.01.THUMBZZZ.jpg,http://images.amazon.com/images/P/1400031362.01.MZZZZZZZ.jpg,http://images.amazon.com/images/P/1400031362.01.LZZZZZZZ.jpg,Morality for Beautiful Girls (No.1 Ladies Detective Agency) Alexander McCall Smith Anchor,41,8.609756097560975,8.360178325076548
0060199652,Prodigal Summer,Barbara Kingsolver,2000,HarperCollins,http://images.amazon.com/images/P/0060199652.01.THUMBZZZ.jpg,http://images.amazon.com/images/P/0060199652.01.MZZZZZZZ.jpg,http://images.amazon.com/images/P/0060199652.01.LZZZZZZZ.jpg,Prodigal Summer Barbara Kingsolver HarperCollins,38,8.368421052631579,8.189153066028783
0061097101,The Saving Graces: A Novel,Patricia Gaffney,2000,HarperTorch,http://images.amazon.com/images/P/0061097101.01.THUMBZZZ.jpg,http://images.amazon.com/images/P/0061097101.01.MZZZZZZZ.jpg,http://images.amazon.com/images/P/0061097101.01.LZZZZZZZ.jpg,The Saving Graces: A Novel Patricia Gaffney HarperTorch,54,7.7592592592592595,7.783390240941481
0316693324,When the Wind Blows,James Patterson,1998,Replica Books,http://images.amazon.com/images/P/0316693324.01.THUMBZZZ.jpg,http://images.amazon.com/images/P/0316693324.01.MZZZZZZZ.jpg,http://images.amazon.com/images/P/0316693324.01.LZZZZZZZ.jpg,When the Wind Blows James Patterson Replica Books,17,7.411764705882353,7.647861562964042
0375412530,Back When We Were Grownups: A Novel,ANNE TYLER,2001,Knopf,http://images.amazon.com/images/P/0375412530.01.THUMBZZZ.jpg,http://images.amazon.com/images/P/0375412530.01.MZZZZZZZ.jpg,http://images.amazon.com/images/P/0375412530.01.LZZZZZZZ.jpg,Back When We Were Grownups: A Novel ANNE TYLER Knopf,31,7.064516129032258,7.371977996660187
0385413041,Beach Music,PAT CONROY,1995,Nan A. Talese,http://images.amazon.com/images/P/0385413041.01.THUMBZZZ.jpg,http://images.amazon.com/images/P/0385413041.01.MZZZZZZZ.jpg,http://images.amazon.com/images/P/0385413041.01.LZZZZZZZ.jpg,Beach Music PAT CONROY Nan A. Talese,15,7.8,7.827739366561985
0440224594,The Return Journey,MAEVE BINCHY,1999,Dell,http://images.amazon.com/images/P/0440224594.01.THUMBZZZ.jpg,http://images.amazon.com/images/P/0440224594.01.MZZZZZZZ.jpg,http://images.amazon.com/images/P/0440224594.01.LZZZZZZZ.jpg,The Return Journey MAEVE BINCHY Dell,30,7.0,7.339417556593391
0446600474,Season of the Machete,James Patterson,1995,Warner Books,http://images.amazon.com/images/P/0446600474.01.THUMBZZZ.jpg,http://images.amazon.com/images/P/0446600474.01.MZZZZZZZ.jpg,http://images.amazon.com/images/P/0446600474.01.LZZZZZZZ.jpg,Season of the Machete James Patterson Warner Books,19,6.631578947368421,7.25566353409409
0446613266,Four Blind Mice,James Patterson,2003,Warner Books,http://images.amazon.com/images/P/0446613266.01.THUMBZZZ.jpg,http://images.amazon.com/images/P/0446613266.01.MZZZZZZZ.jpg,http://images.amazon.com/images/P/0446613266.01.LZZZZZZZ.jpg,Four Blind Mice James Patterson Warner Books,34,8.058823529411764,7.980942182030917
0451188489,A Maiden's Grave,Jeff Deaver,1996,Signet Book,http://images.amazon.com/images/P/0451188489.01.THUMBZZZ.jpg,http://images.amazon.com/images/P/0451188489.01.MZZZZZZZ.jpg,http://images.amazon.com/images/P/0451188489.01.LZZZZZZZ.jpg,A Maiden's Grave Jeff Deaver Signet Book,20,7.3,7.574271945741738
0670032379,The Secret Life of Bees,Sue Monk Kidd,2002,Viking Books,http://images.amazon.com/images/P/0670032379.01.THUMBZZZ.jpg,http://images.amazon.com/images/P/0670032379.01.MZZZZZZZ.jpg,http://images.amazon.com/images/P/0670032379.01.LZZZZZZZ.jpg,The Secret Life of Bees Sue Monk Kidd Viking Books,26,8.692307692307692,8.32545386586238
0671693816,Wifey,Judy Blume,1989,Pocket,http://images.amazon.com/images/P/0671693816.01.THUMBZZZ.jpg,http://images.amazon.com/images/P/0671693816.01.MZZZZZZZ.jpg,http://images.amazon.com/images/P/0671693816.01.LZZZZZZZ.jpg,Wifey Judy Blume Pocket,45,6.844444444444444,7.153398120456455
0671727583,Smart Women,Judy Blume,1990,Pocket Books,http://images.amazon.com/images/P/0671727583.01.THUMBZZZ.jpg,http://images.amazon.com/images/P/0671727583.01.MZZZZZZZ.jpg,http://images.amazon.com/images/P/0671727583.01.LZZZZZZZ.jpg,Smart Women Judy Blume Pocket Books,24,6.75,7.249338132492489
0767900383,Under the Tuscan Sun,Frances Mayes,1997,Broadway,http://images.amazon.com/images/P/0767900383.01.THUMBZZZ.jpg,http://images.amazon.com/images/P/0767900383.01.MZZZZZZZ.jpg,http://images.amazon.com/images/P/0767900383.01.LZZZZZZZ.jpg,Under the Tuscan Sun Frances Mayes Broadway,54,7.37037037037037,7.499606457157697
0804114609,Patty Jane's House of Curl,Lorna Landvik,1999,Ivy Books,http://images.amazon.com/images/P/0804114609.01.THUMBZZZ.jpg,http://images.amazon.com/images/P/0804114609.01.MZZZZZZZ.jpg,http://images.amazon.com/images/P/0804114609.01.LZZZZZZZ.jpg,Patty Jane's House of Curl Lorna Landvik Ivy Books,20,8.2,8.024271945741738
0812967240,It's My F---ing Birthday : A Novel,MERRILL MARKOE,2002,Villard,http://images.amazon.com/images/P/0812967240.01.THUMBZZZ.jpg,http://images.amazon.com/images/P/0812967240.01.MZZZZZZZ.jpg,http://images.amazon.com/images/P/0812967240.01.LZZZZZZZ.jpg,It's My F---ing Birthday : A Novel MERRILL MARKOE Villard,26,6.923076923076923,7.3254538658623805
1558746226,A Second Chicken Soup for the Woman's Soul (Chicken Soup for the Soul Series),Jack Canfield,1998,Health Communications,http://images.amazon.com/images/P/1558746226.01.THUMBZZZ.jpg,http://images.amazon.com/images/P/1558746226.01.MZZZZZZZ.jpg,http://images.amazon.com/images/P/1558746226.01.LZZZZZZZ.jpg,A Second Chicken Soup for the Woman's Soul (Chicken Soup for the Soul Series) Jack Canfield Health Communications,21,7.761904761904762,7.804167751943159
0312983271,Full House (Janet Evanovich's Full Series),Janet Evanovich,2002,St. Martin's Paperbacks,http://images.amazon.com/images/P/0312983271.01.THUMBZZZ.jpg,http://images.amazon.com/images/P/0312983271.01.MZZZZZZZ.jpg,http://images.amazon.com/images/P/0312983271.01.LZZZZZZZ.jpg,Full House (Janet Evanovich's Full Series) Janet Evanovich St. Martin's Paperbacks,81,7.074074074074074,7.227434433957125
031298328X,Full Tilt (Janet Evanovich's Full Series),Janet Evanovich,2003,St. Martin's Paperbacks,http://images.amazon.com/images/P/031298328X.01.THUMBZZZ.jpg,http://images.amazon.com/images/P/031298328X.01.MZZZZZZZ.jpg,http://images.amazon.com/images/P/031298328X.01.LZZZZZZZ.jpg,Full Tilt (Janet Evanovich's Full Series) Janet Evanovich St. Martin's Paperbacks,43,6.604651162790698,6.999537743328087
0451181379,The Door to December,Dean R. Koontz,1994,Signet Book,http://images.amazon.com/images/P/0451181379.01.THUMBZZZ.jpg,http://images.amazon.com/images/P/0451181379.01.MZZZZZZZ.jpg,http://images.amazon.com/images/P/0451181379.01.LZZZZZZZ.jpg,The Door to December Dean R. Koontz Signet Book,32,7.71875,7.768670727493644
0451205626,Cold Paradise (Stone Barrington Novels (Paperback)),Stuart Woods,2002,Signet Book,http://images.amazon.com/images/P/0451205626.01.THUMBZZZ.jpg,http://images.amazon.com/images/P/0451205626.01.MZZZZZZZ.jpg,http://images.amazon.com/images/P/0451205626.01.LZZZZZZZ.jpg,Cold Paradise (Stone Barrington Novels (Paperback)) Stuart Woods Signet Book,15,7.4,7.656310795133415
0060198133,Five Quarters of the Orange,Joanne Harris,2001,William Morrow & Company,http://images.amazon.com/images/P/0060198133.01.THUMBZZZ.jpg,http://images.amazon.com/images/P/0060198133.01.MZZZZZZZ.jpg,http://images.amazon.com/images/P/0060198133.01.LZZZZZZZ.jpg,Five Quarters of the Orange Joanne Harris William Morrow & Company,18,7.555555555555555,7.7097599428860395
0060502258,The Divine Secrets of the Ya-Ya Sisterhood: A Novel,Rebecca Wells,2002,HarperTorch,http://images.amazon.com/images/P/0060502258.01.THUMBZZZ.jpg,http://images.amazon.com/images/P/0060502258.01.MZZZZZZZ.jpg,http://images.amazon.com/images/P/0060502258.01.LZZZZZZZ.jpg,The Divine Secrets of the Ya-Ya Sisterhood: A Novel Rebecca Wells HarperTorch,111,7.657657657657658,7.686800594119615
0060929790,One Hundred Years of Solitude,Gabriel Garcia Marquez,1998,Perennial,http://images.amazon.com/images/P/0060929790.01.THUMBZZZ.jpg,http://images.amazon.com/images/P/0060929790.01.MZZZZZZZ.jpg,http://images.amazon.com/images/P/0060929790.01.LZZZZZZZ.jpg,One Hundred Years of Solitude Gabriel Garcia Marquez Perennial,31,8.387096774193548,8.175899565287637
0060976241,The Lone Ranger and Tonto Fistfight in Heaven,Sherman Alexie,1994,Perennial,http://images.amazon.com/images/P/0060976241.01.THUMBZZZ.jpg,http://images.amazon.com/images/P/0060976241.01.MZZZZZZZ.jpg,http://images.amazon.com/images/P/0060976241.01.LZZZZZZZ.jpg,The Lone Ranger and Tonto Fistfight in Heaven Sherman Alexie Perennial,19,7.7368421052631575,7.794125072555628
0141000198,Bridget Jones's Diary,Helen Fielding,2001,Penguin Putnam,http://images.amazon.com/images/P/0141000198.01.THUMBZZZ.jpg,http://images.amazon.com/images/P/0141000198.01.MZZZZZZZ.jpg,http://images.amazon.com/images/P/0141000198.01.LZZZZZZZ.jpg,Bridget Jones's Diary Helen Fielding Penguin Putnam,53,7.566037735849057,7.643436682598212
0312986343,Visions of Sugar Plums: A Stephanie Plum Holiday Novel,Janet Evanovich,2004,St. Martin's Paperbacks,http://images.amazon.com/images/P/0312986343.01.THUMBZZZ.jpg,http://images.amazon.com/images/P/0312986343.01.MZZZZZZZ.jpg,http://images.amazon.com/images/P/0312986343.01.LZZZZZZZ.jpg,Visions of Sugar Plums: A Stephanie Plum Holiday Novel Janet Evanovich St. Martin's Paperbacks,32,7.25,7.480209189032106
0345366239,The Eight,Katherine Neville,1995,Ballantine Books,http://images.amazon.com/images/P/0345366239.01.THUMBZZZ.jpg,http://images.amazon.com/images/P/0345366239.01.MZZZZZZZ.jpg,http://images.amazon.com/images/P/0345366239.01.LZZZZZZZ.jpg,The Eight Katherine Neville Ballantine Books,26,7.884615384615385,7.868932126731946
034536676X,The World According to Garp,John Irving,1994,Ballantine Books,http://images.amazon.com/images/P/034536676X.01.THUMBZZZ.jpg,http://images.amazon.com/images/P/034536676X.01.MZZZZZZZ.jpg,http://images.amazon.com/images/P/034536676X.01.LZZZZZZZ.jpg,The World According to Garp John Irving Ballantine Books,38,8.605263157894736,8.344325479821887
0374121230,Child of My Heart,Alice McDermott,2002,Farrar Straus & Giroux,http://images.amazon.com/images/P/0374121230.01.THUMBZZZ.jpg,http://images.amazon.com/images/P/0374121230.01.MZZZZZZZ.jpg,http://images.amazon.com/images/P/0374121230.01.LZZZZZZZ.jpg,Child of My Heart Alice McDermott Farrar Straus & Giroux,15,7.333333333333333,7.627739366561985
037541309X,Balzac and the Little Chinese Seamstress,Dai Sijie,2001,Alfred A. Knopf,http://images.amazon.com/images/P/037541309X.01.THUMBZZZ.jpg,http://images.amazon.com/images/P/037541309X.01.MZZZZZZZ.jpg,http://images.amazon.com/images/P/037541309X.01.LZZZZZZZ.jpg,Balzac and the Little Chinese Seamstress Dai Sijie Alfred A. Knopf,25,8.28,8.08824172954821
0375502238,Blessings,ANNA QUINDLEN,2002,Random House,http://images.amazon.com/images/P/0375502238.01.THUMBZZZ.jpg,http://images.amazon.com/images/P/0375502238.01.MZZZZZZZ.jpg,http://images.amazon.com/images/P/0375502238.01.LZZZZZZZ.jpg,Blessings ANNA QUINDLEN Random House,37,7.891891891891892,7.876682067187184
037570485X,The Inn at Lake Devine,Elinor Lipman,1999,Random House,http://images.amazon.com/images/P/037570485X.01.THUMBZZZ.jpg,http://images.amazon.com/images/P/037570485X.01.MZZZZZZZ.jpg,http://images.amazon.com/images/P/037570485X.01.LZZZZZZZ.jpg,The Inn at Lake Devine Elinor Lipman Random House,15,7.666666666666667,7.7705965094191285
0375706771,Midwives: A Novel,Chris Bohjalian,1998,Vintage,http://images.amazon.com/images/P/0375706771.01.THUMBZZZ.jpg,http://images.amazon.com/images/P/0375706771.01.MZZZZZZZ.jpg,http://images.amazon.com/images/P/0375706771.01.LZZZZZZZ.jpg,Midwives: A Novel Chris Bohjalian Vintage,110,7.836363636363636,7.838237521766688
0385335482,Confessions of a Shopaholic (Summer Display Opportunity),SOPHIE KINSELLA,2001,Delta,http://images.amazon.com/images/P/0385335482.01.THUMBZZZ.jpg,http://images.amazon.com/images/P/0385335482.01.MZZZZZZZ.jpg,http://images.amazon.com/images/P/0385335482.01.LZZZZZZZ.jpg,Confessions of a Shopaholic (Summer Display Opportunity) SOPHIE KINSELLA Delta,123,7.764227642276423,7.776020124683003
0399151648,Kate Remembered,A. Scott Berg,2003,Putnam Publishing Group,http://images.amazon.com/images/P/0399151648.01.THUMBZZZ.jpg,http://images.amazon.com/images/P/0399151648.01.MZZZZZZZ.jpg,http://images.amazon.com/images/P/0399151648.01.LZZZZZZZ.jpg,Kate Remembered A. Scott Berg Putnam Publishing Group,14,8.0,7.910908171460868
042513699X,Turtle Moon,Alice Hoffman,1993,Berkley Publishing Group,http://images.amazon.com/images/P/042513699X.01.THUMBZZZ.jpg,http://images.amazon.com/images/P/042513699X.01.MZZZZZZZ.jpg,http://images.amazon.com/images/P/042513699X.01.LZZZZZZZ.jpg,Turtle Moon Alice Hoffman Berkley Publishing Group,23,7.695652173913044,7.766764600689989
0425184943,Blue Diary,Alice Hoffman,2002,Berkley Publishing Group,http://images.amazon.com/images/P/0425184943.01.THUMBZZZ.jpg,http://images.amazon.com/images/P/0425184943.01.MZZZZZZZ.jpg,http://images.amazon.com/images/P/0425184943.01.LZZZZZZZ.jpg,Blue Diary Alice Hoffman Berkley Publishing Group,20,7.15,7.499271945741738
0440221099,Talk Before Sleep: A Novel,Elizabeth Berg,1995,Island,http://images.amazon.com/images/P/0440221099.01.THUMBZZZ.jpg,http://images.amazon.com/images/P/0440221099.01.MZZZZZZZ.jpg,http://images.amazon.com/images/P/0440221099.01.LZZZZZZZ.jpg,Talk Before Sleep: A Novel Elizabeth Berg Island,16,7.75,7.804746606379709
0446600660,Strip Tease,Carl Hiaasen,1994,Warner Books,http://images.amazon.com/images/P/0446600660.01.THUMBZZZ.jpg,http://images.amazon.com/images/P/0446600660.01.MZZZZZZZ.jpg,http://images.amazon.com/images/P/0446600660.01.LZZZZZZZ.jpg,Strip Tease Carl Hiaasen Warner Books,19,7.7368421052631575,7.794125072555628
0446603422,Stormy Weather,Carl Hiaasen,1996,Warner Books,http://images.amazon.com/images/P/0446603422.01.THUMBZZZ.jpg,http://images.amazon.com/images/P/0446603422.01.MZZZZZZZ.jpg,http://images.amazon.com/images/P/0446603422.01.LZZZZZZZ.jpg,Stormy Weather Carl Hiaasen Warner Books,21,8.19047619047619,8.02367994706511
0446604666,Sick Puppy,Carl Hiaasen,2001,Warner Vision,http://images.amazon.com/images/P/0446604666.01.THUMBZZZ.jpg,http://images.amazon.com/images/P/0446604666.01.MZZZZZZZ.jpg,http://images.amazon.com/images/P/0446604666.01.LZZZZZZZ.jpg,Sick Puppy Carl Hiaasen Warner Vision,43,7.8604651162790695,7.856680600470944
0449213447,The Chosen,Chaim Potok,1995,Fawcett Books,http://images.amazon.com/images/P/0449213447.01.THUMBZZZ.jpg,http://images.amazon.com/images/P/0449213447.01.MZZZZZZZ.jpg,http://images.amazon.com/images/P/0449213447.01.LZZZZZZZ.jpg,The Chosen Chaim Potok Fawcett Books,21,8.0,7.926118971455354
0451163966,One Flew Over the Cuckoo's Nest,Ken Kesey,1989,Signet Book,http://images.amazon.com/images/P/0451163966.01.THUMBZZZ.jpg,http://images.amazon.com/images/P/0451163966.01.MZZZZZZZ.jpg,http://images.amazon.com/images/P/0451163966.01.LZZZZZZZ.jpg,One Flew Over the Cuckoo's Nest Ken Kesey Signet Book,37,8.513513513513514,8.28019083911701
0553289691,SKINNY LEGS AND ALL,TOM ROBBINS,1991,Bantam,http://images.amazon.com/images/P/0553289691.01.THUMBZZZ.jpg,http://images.amazon.com/images/P/0553289691.01.MZZZZZZZ.jpg,http://images.amazon.com/images/P/0553289691.01.LZZZZZZZ.jpg,SKINNY LEGS AND ALL TOM ROBBINS Bantam,23,7.3478260869565215,7.580718089062081
0553574663,The Grilling Season,Diane Mott Davidson,1998,Bantam Books,http://images.amazon.com/images/P/0553574663.01.THUMBZZZ.jpg,http://images.amazon.com/images/P/0553574663.01.MZZZZZZZ.jpg,http://images.amazon.com/images/P/0553574663.01.LZZZZZZZ.jpg,The Grilling Season Diane Mott Davidson Bantam Books,27,7.592592592592593,7.7015080389291395
0671743058,Boy's Life,Robert McCammon,1992,Pocket,http://images.amazon.com/images/P/0671743058.01.THUMBZZZ.jpg,http://images.amazon.com/images/P/0671743058.01.MZZZZZZZ.jpg,http://images.amazon.com/images/P/0671743058.01.LZZZZZZZ.jpg,Boy's Life Robert McCammon Pocket,21,8.238095238095237,8.048070190967548
0679442405,Traveling Mercies: Some Thoughts on Faith,Anne Lamott,1999,Random House Inc,http://images.amazon.com/images/P/0679442405.01.THUMBZZZ.jpg,http://images.amazon.com/images/P/0679442405.01.MZZZZZZZ.jpg,http://images.amazon.com/images/P/0679442405.01.LZZZZZZZ.jpg,Traveling Mercies: Some Thoughts on Faith Anne Lamott Random House Inc,14,8.642857142857142,8.17561405381381
0743227441,The Other Boleyn Girl,Philippa Gregory,2002,Touchstone,http://images.amazon.com/images/P/0743227441.01.THUMBZZZ.jpg,http://images.amazon.com/images/P/0743227441.01.MZZZZZZZ.jpg,http://images.amazon.com/images/P/0743227441.01.LZZZZZZZ.jpg,The Other Boleyn Girl Philippa Gregory Touchstone,59,8.457627118644067,8.303428833286956
0811801802,Sabine's Notebook: In Which the Extraordinary Correspondence of Griffin & Sabine Continues,Nick Bantock,1992,Chronicle Books,http://images.amazon.com/images/P/0811801802.01.THUMBZZZ.jpg,http://images.amazon.com/images/P/0811801802.01.MZZZZZZZ.jpg,http://images.amazon.com/images/P/0811801802.01.LZZZZZZZ.jpg,Sabine's Notebook: In Which the Extraordinary Correspondence of Griffin & Sabine Continues Nick Bantock Chronicle Books,28,8.892857142857142,8.457726621451448
0877017883,Griffin & Sabine: An Extraordinary Correspondence,Nick Bantock,1991,Chronicle Books,http://images.amazon.com/images/P/0877017883.01.THUMBZZZ.jpg,http://images.amazon.com/images/P/0877017883.01.MZZZZZZZ.jpg,http://images.amazon.com/images/P/0877017883.01.LZZZZZZZ.jpg,Griffin & Sabine: An Extraordinary Correspondence Nick Bantock Chronicle Books,40,9.025,8.632847963827825
0894808249,All I Need to Know I Learned from My Cat,Suzy Becker,1990,Workman Publishing,http://images.amazon.com/images/P/0894808249.01.THUMBZZZ.jpg,http://images.amazon.com/images/P/0894808249.01.MZZZZZZZ.jpg,http://images.amazon.com/images/P/0894808249.01.LZZZZZZZ.jpg,All I Need to Know I Learned from My Cat Suzy Becker Workman Publishing,29,8.172413793103448,8.040221996523869
1573229725,Fingersmith,Sarah Waters,2002,Riverhead Books,http://images.amazon.com/images/P/1573229725.01.THUMBZZZ.jpg,http://images.amazon.com/images/P/1573229725.01.MZZZZZZZ.jpg,http://images.amazon.com/images/P/1573229725.01.LZZZZZZZ.jpg,Fingersmith Sarah Waters Riverhead Books,24,8.708333333333334,8.317519950674306
0345441265,The Ladies Auxiliary (Ballantine Reader's Circle),Tova Mirvis,2000,Ballantine Books,http://images.amazon.com/images/P/0345441265.01.THUMBZZZ.jpg,http://images.amazon.com/images/P/0345441265.01.MZZZZZZZ.jpg,http://images.amazon.com/images/P/0345441265.01.LZZZZZZZ.jpg,The Ladies Auxiliary (Ballantine Reader's Circle) Tova Mirvis Ballantine Books,19,7.684210526315789,7.768484046914603
0440224705,Hard Time (V.I. Warshawski Novels (Paperback)),SARA PARETSKY,2000,Dell,http://images.amazon.com/images/P/0440224705.01.THUMBZZZ.jpg,http://images.amazon.com/images/P/0440224705.01.MZZZZZZZ.jpg,http://images.amazon.com/images/P/0440224705.01.LZZZZZZZ.jpg,Hard Time (V.I. Warshawski Novels (Paperback)) SARA PARETSKY Dell,25,7.04,7.399352840659322
0449003795,P Is for Peril,Sue Grafton,2002,Ballantine Books,http://images.amazon.com/images/P/0449003795.01.THUMBZZZ.jpg,http://images.amazon.com/images/P/0449003795.01.MZZZZZZZ.jpg,http://images.amazon.com/images/P/0449003795.01.LZZZZZZZ.jpg,P Is for Peril Sue Grafton Ballantine Books,52,7.25,7.416262192078743
0345369947,The Mummy or Ramses the Damned,Anne Rice,1991,Ballantine Books,http://images.amazon.com/images/P/0345369947.01.THUMBZZZ.jpg,http://images.amazon.com/images/P/0345369947.01.MZZZZZZZ.jpg,http://images.amazon.com/images/P/0345369947.01.LZZZZZZZ.jpg,The Mummy or Ramses the Damned Anne Rice Ballantine Books,41,8.073170731707316,7.99952258737163
0345404319,Taltos: Lives of the Mayfair Witches,Anne Rice,1996,Ballantine Books,http://images.amazon.com/images/P/0345404319.01.THUMBZZZ.jpg,http://images.amazon.com/images/P/0345404319.01.MZZZZZZZ.jpg,http://images.amazon.com/images/P/0345404319.01.LZZZZZZZ.jpg,Taltos: Lives of the Mayfair Witches Anne Rice Ballantine Books,35,7.771428571428571,7.799470505993991
0375411992,Blackwood Farm (The Vampire Chronicles),Anne Rice,2002,Alfred A. Knopf,http://images.amazon.com/images/P/0375411992.01.THUMBZZZ.jpg,http://images.amazon.com/images/P/0375411992.01.MZZZZZZZ.jpg,http://images.amazon.com/images/P/0375411992.01.LZZZZZZZ.jpg,Blackwood Farm (The Vampire Chronicles) Anne Rice Alfred A. Knopf,12,7.916666666666667,7.8740899321771725
0440204887,Illusions: The Adventures of a Reluctant Messiah,Richard Bach,1994,Dell Publishing Company,http://images.amazon.com/images/P/0440204887.01.THUMBZZZ.jpg,http://images.amazon.com/images/P/0440204887.01.MZZZZZZZ.jpg,http://images.amazon.com/images/P/0440204887.01.LZZZZZZZ.jpg,Illusions: The Adventures of a Reluctant Messiah Richard Bach Dell Publishing Company,27,8.666666666666666,8.318529315524884
0679732411,Gift from the Sea,Anne Morrow Lindbergh,1991,Pantheon Books,http://images.amazon.com/images/P/0679732411.01.THUMBZZZ.jpg,http://images.amazon.com/images/P/0679732411.01.MZZZZZZZ.jpg,http://images.amazon.com/images/P/0679732411.01.LZZZZZZZ.jpg,Gift from the Sea Anne Morrow Lindbergh Pantheon Books,17,8.117647058823529,7.972185887288366
0842329218,Tribulation Force: The Continuing Drama of Those Left Behind (Left Behind No. 2),Tim LaHaye,1997,Tyndale House Publishers,http://images.amazon.com/images/P/0842329218.01.THUMBZZZ.jpg,http://images.amazon.com/images/P/0842329218.01.MZZZZZZZ.jpg,http://images.amazon.com/images/P/0842329218.01.LZZZZZZZ.jpg,Tribulation Force: The Continuing Drama of Those Left Behind (Left Behind No. 2) Tim LaHaye Tyndale House Publishers,79,8.405063291139241,8.292635129592622
0425162443,The Rapture of Canaan,Sheri Reynolds,1997,Berkley Publishing Group,http://images.amazon.com/images/P/0425162443.01.THUMBZZZ.jpg,http://images.amazon.com/images/P/0425162443.01.MZZZZZZZ.jpg,http://images.amazon.com/images/P/0425162443.01.LZZZZZZZ.jpg,The Rapture of Canaan Sheri Reynolds Berkley Publishing Group,49,7.918367346938775,7.89812866419811
0671042858,The Girl Who Loved Tom Gordon,Stephen King,2000,Pocket,http://images.amazon.com/images/P/0671042858.01.THUMBZZZ.jpg,http://images.amazon.com/images/P/0671042858.01.MZZZZZZZ.jpg,http://images.amazon.com/images/P/0671042858.01.LZZZZZZZ.jpg,The Girl Who Loved Tom Gordon Stephen King Pocket,66,7.181818181818182,7.3368706724380175
0064472272,"Angus, Thongs and Full-Frontal Snogging: Confessions of Georgia Nicolson",Louise Rennison,2001,HarperTempest,http://images.amazon.com/images/P/0064472272.01.THUMBZZZ.jpg,http://images.amazon.com/images/P/0064472272.01.MZZZZZZZ.jpg,http://images.amazon.com/images/P/0064472272.01.LZZZZZZZ.jpg,"Angus, Thongs and Full-Frontal Snogging: Confessions of Georgia Nicolson Louise Rennison HarperTempest",39,7.743589743589744,7.779167420841857
0380721643,Track of the Cat (Anna Pigeon Mysteries (Paperback)),Nevada Barr,1994,Avon Books,http://images.amazon.com/images/P/0380721643.01.THUMBZZZ.jpg,http://images.amazon.com/images/P/0380721643.01.MZZZZZZZ.jpg,http://images.amazon.com/images/P/0380721643.01.LZZZZZZZ.jpg,Track of the Cat (Anna Pigeon Mysteries (Paperback)) Nevada Barr Avon Books,21,7.380952380952381,7.6090458007236474
0380723638,Ill Wind (Anna Pigeon Mysteries (Paperback)),Nevada Barr,1997,Avon Books,http://images.amazon.com/images/P/0380723638.01.THUMBZZZ.jpg,http://images.amazon.com/images/P/0380723638.01.MZZZZZZZ.jpg,http://images.amazon.com/images/P/0380723638.01.LZZZZZZZ.jpg,Ill Wind (Anna Pigeon Mysteries (Paperback)) Nevada Barr Avon Books,20,7.55,7.699271945741738
0380725827,Firestorm (Anna Pigeon Mysteries (Paperback)),Nevada Barr,1997,Avon,http://images.amazon.com/images/P/0380725827.01.THUMBZZZ.jpg,http://images.amazon.com/images/P/0380725827.01.MZZZZZZZ.jpg,http://images.amazon.com/images/P/0380725827.01.LZZZZZZZ.jpg,Firestorm (Anna Pigeon Mysteries (Paperback)) Nevada Barr Avon,18,8.055555555555555,7.946602048149197
0380725835,Endangered Species (Anna Pigeon Mysteries (Paperback)),Nevada Barr,1998,Avon,http://images.amazon.com/images/P/0380725835.01.THUMBZZZ.jpg,http://images.amazon.com/images/P/0380725835.01.MZZZZZZZ.jpg,http://images.amazon.com/images/P/0380725835.01.LZZZZZZZ.jpg,Endangered Species (Anna Pigeon Mysteries (Paperback)) Nevada Barr Avon,18,7.666666666666667,7.762391521833408
0446604844,Total Control,David Baldacci,1997,Warner Books,http://images.amazon.com/images/P/0446604844.01.THUMBZZZ.jpg,http://images.amazon.com/images/P/0446604844.01.MZZZZZZZ.jpg,http://images.amazon.com/images/P/0446604844.01.LZZZZZZZ.jpg,Total Control David Baldacci Warner Books,33,7.363636363636363,7.546620336408859
0446605239,The Notebook,Nicholas Sparks,1998,Warner Books,http://images.amazon.com/images/P/0446605239.01.THUMBZZZ.jpg,http://images.amazon.com/images/P/0446605239.01.MZZZZZZZ.jpg,http://images.amazon.com/images/P/0446605239.01.LZZZZZZZ.jpg,The Notebook Nicholas Sparks Warner Books,131,7.793893129770993,7.80113164125609
0553279378,I Know Why the Caged Bird Sings,MAYA ANGELOU,1983,Bantam,http://images.amazon.com/images/P/0553279378.01.THUMBZZZ.jpg,http://images.amazon.com/images/P/0553279378.01.MZZZZZZZ.jpg,http://images.amazon.com/images/P/0553279378.01.LZZZZZZZ.jpg,I Know Why the Caged Bird Sings MAYA ANGELOU Bantam,50,8.12,8.04244111185242
0553575104,In Pursuit of the Proper Sinner,Elizabeth George,2000,Bantam Books,http://images.amazon.com/images/P/0553575104.01.THUMBZZZ.jpg,http://images.amazon.com/images/P/0553575104.01.MZZZZZZZ.jpg,http://images.amazon.com/images/P/0553575104.01.LZZZZZZZ.jpg,In Pursuit of the Proper Sinner Elizabeth George Bantam Books,14,6.928571428571429,7.469731700872632
0743437802,The Stone Monkey (Lincoln Rhyme Novels (Paperback)),Jeffery Deaver,2003,Pocket,http://images.amazon.com/images/P/0743437802.01.THUMBZZZ.jpg,http://images.amazon.com/images/P/0743437802.01.MZZZZZZZ.jpg,http://images.amazon.com/images/P/0743437802.01.LZZZZZZZ.jpg,The Stone Monkey (Lincoln Rhyme Novels (Paperback)) Jeffery Deaver Pocket,24,8.208333333333334,8.044792677947035
0804105820,It Was on Fire When I Lay Down on It,Robert Fulghum,1993,Ivy Books,http://images.amazon.com/images/P/0804105820.01.THUMBZZZ.jpg,http://images.amazon.com/images/P/0804105820.01.MZZZZZZZ.jpg,http://images.amazon.com/images/P/0804105820.01.LZZZZZZZ.jpg,It Was on Fire When I Lay Down on It Robert Fulghum Ivy Books,37,8.027027027027026,7.964401365432798
0375700757,Cold Mountain : A Novel,CHARLES FRAZIER,1998,Vintage,http://images.amazon.com/images/P/0375700757.01.THUMBZZZ.jpg,http://images.amazon.com/images/P/0375700757.01.MZZZZZZZ.jpg,http://images.amazon.com/images/P/0375700757.01.LZZZZZZZ.jpg,Cold Mountain : A Novel CHARLES FRAZIER Vintage,86,7.6395348837209305,7.678970545562921
0446365386,Gone with the Wind,Margaret Mitchell,1993,Warner Books,http://images.amazon.com/images/P/0446365386.01.THUMBZZZ.jpg,http://images.amazon.com/images/P/0446365386.01.MZZZZZZZ.jpg,http://images.amazon.com/images/P/0446365386.01.LZZZZZZZ.jpg,Gone with the Wind Margaret Mitchell Warner Books,34,8.970588235294118,8.555016256104992
0061057649,Feet of Clay (Discworld Novels (Paperback)),Terry Pratchett,1997,HarperTorch,http://images.amazon.com/images/P/0061057649.01.THUMBZZZ.jpg,http://images.amazon.com/images/P/0061057649.01.MZZZZZZZ.jpg,http://images.amazon.com/images/P/0061057649.01.LZZZZZZZ.jpg,Feet of Clay (Discworld Novels (Paperback)) Terry Pratchett HarperTorch,16,8.6875,8.221413273046375
0312979479,And Then There Were None : A Novel,Agatha Christie,2001,St. Martin's Paperbacks,http://images.amazon.com/images/P/0312979479.01.THUMBZZZ.jpg,http://images.amazon.com/images/P/0312979479.01.MZZZZZZZ.jpg,http://images.amazon.com/images/P/0312979479.01.LZZZZZZZ.jpg,And Then There Were None : A Novel Agatha Christie St. Martin's Paperbacks,13,8.384615384615385,8.059723570596047
0312924585,Silence of the Lambs,Thomas Harris,1991,St. Martin's Press,http://images.amazon.com/images/P/0312924585.01.THUMBZZZ.jpg,http://images.amazon.com/images/P/0312924585.01.MZZZZZZZ.jpg,http://images.amazon.com/images/P/0312924585.01.LZZZZZZZ.jpg,Silence of the Lambs Thomas Harris St. Martin's Press,88,8.488636363636363,8.370100720645087
0446607657,When the Wind Blows,James Patterson,1999,Warner Vision,http://images.amazon.com/images/P/0446607657.01.THUMBZZZ.jpg,http://images.amazon.com/images/P/0446607657.01.MZZZZZZZ.jpg,http://images.amazon.com/images/P/0446607657.01.LZZZZZZZ.jpg,When the Wind Blows James Patterson Warner Vision,78,7.5256410256410255,7.5915395696905055
0140430725,"Pride and Prejudice (The Penguin English Library, El 72)",Jane Austen,1985,Penguin Books,http://images.amazon.com/images/P/0140430725.01.THUMBZZZ.jpg,http://images.amazon.com/images/P/0140430725.01.MZZZZZZZ.jpg,http://images.amazon.com/images/P/0140430725.01.LZZZZZZZ.jpg,"Pride and Prejudice (The Penguin English Library, El 72) Jane Austen Penguin Books",22,8.545454545454545,8.213592329277846
0671034006,Heartbreaker,Julie Garwood,2001,Pocket,http://images.amazon.com/images/P/0671034006.01.THUMBZZZ.jpg,http://images.amazon.com/images/P/0671034006.01.MZZZZZZZ.jpg,http://images.amazon.com/images/P/0671034006.01.LZZZZZZZ.jpg,Heartbreaker Julie Garwood Pocket,26,8.038461538461538,7.955888648471076
0440217563,Voyager,DIANA GABALDON,1994,Dell,http://images.amazon.com/images/P/0440217563.01.THUMBZZZ.jpg,http://images.amazon.com/images/P/0440217563.01.MZZZZZZZ.jpg,http://images.amazon.com/images/P/0440217563.01.LZZZZZZZ.jpg,Voyager DIANA GABALDON Dell,39,8.717948717948717,8.423235217452024
044022425X,Drums of Autumn,DIANA GABALDON,1997,Dell,http://images.amazon.com/images/P/044022425X.01.THUMBZZZ.jpg,http://images.amazon.com/images/P/044022425X.01.MZZZZZZZ.jpg,http://images.amazon.com/images/P/044022425X.01.LZZZZZZZ.jpg,Drums of Autumn DIANA GABALDON Dell,29,8.793103448275861,8.407568935299377
0684833395,Catch 22,Joseph Heller,1996,Simon & Schuster,http://images.amazon.com/images/P/0684833395.01.THUMBZZZ.jpg,http://images.amazon.com/images/P/0684833395.01.MZZZZZZZ.jpg,http://images.amazon.com/images/P/0684833395.01.LZZZZZZZ.jpg,Catch 22 Joseph Heller Simon & Schuster,37,8.243243243243244,8.104752242625782
0140071814,The Kingdom by the Sea: A Journey Around the Coast of Great Britain,Paul Theroux,1995,Penguin Books,http://images.amazon.com/images/P/0140071814.01.THUMBZZZ.jpg,http://images.amazon.com/images/P/0140071814.01.MZZZZZZZ.jpg,http://images.amazon.com/images/P/0140071814.01.LZZZZZZZ.jpg,The Kingdom by the Sea: A Journey Around the Coast of Great Britain Paul Theroux Penguin Books,12,7.333333333333333,7.6553399321771725
0552998486,Chocolat,Joanne Harris,2000,Black Swan,http://images.amazon.com/images/P/0552998486.01.THUMBZZZ.jpg,http://images.amazon.com/images/P/0552998486.01.MZZZZZZZ.jpg,http://images.amazon.com/images/P/0552998486.01.LZZZZZZZ.jpg,Chocolat Joanne Harris Black Swan,23,7.826086956521739,7.836532042550454
0156028778,The Crimson Petal and the White,Michel Faber,2003,Harvest Books,http://images.amazon.com/images/P/0156028778.01.THUMBZZZ.jpg,http://images.amazon.com/images/P/0156028778.01.MZZZZZZZ.jpg,http://images.amazon.com/images/P/0156028778.01.LZZZZZZZ.jpg,The Crimson Petal and the White Michel Faber Harvest Books,28,6.857142857142857,7.270226621451448
0312284683,Faking It,Jennifer Crusie,2002,St. Martin's Press,http://images.amazon.com/images/P/0312284683.01.THUMBZZZ.jpg,http://images.amazon.com/images/P/0312284683.01.MZZZZZZZ.jpg,http://images.amazon.com/images/P/0312284683.01.LZZZZZZZ.jpg,Faking It Jennifer Crusie St. Martin's Press,20,8.1,7.974271945741737
0345450892,The Lake of Dead Languages (Ballantine Reader's Circle),Carol Goodman,2003,Ballantine Books,http://images.amazon.com/images/P/0345450892.01.THUMBZZZ.jpg,http://images.amazon.com/images/P/0345450892.01.MZZZZZZZ.jpg,http://images.amazon.com/images/P/0345450892.01.LZZZZZZZ.jpg,The Lake of Dead Languages (Ballantine Reader's Circle) Carol Goodman Ballantine Books,11,8.363636363636363,8.031318639666758
038079487X,What Looks Like Crazy On An Ordinary Day,Pearl Cleage,1998,Perennial,http://images.amazon.com/images/P/038079487X.01.THUMBZZZ.jpg,http://images.amazon.com/images/P/038079487X.01.MZZZZZZZ.jpg,http://images.amazon.com/images/P/038079487X.01.LZZZZZZZ.jpg,What Looks Like Crazy On An Ordinary Day Pearl Cleage Perennial,69,7.507246376811594,7.583942447524376
0440241162,Nerd in Shining Armor,Vicki Lewis Thompson,2003,Dell Publishing Company,http://images.amazon.com/images/P/0440241162.01.THUMBZZZ.jpg,http://images.amazon.com/images/P/0440241162.01.MZZZZZZZ.jpg,http://images.amazon.com/images/P/0440241162.01.LZZZZZZZ.jpg,Nerd in Shining Armor Vicki Lewis Thompson Dell Publishing Company,23,7.391304347826087,7.60397390301557
0446391301,Geek Love,Katherine Dunn,1993,Warner Books,http://images.amazon.com/images/P/0446391301.01.THUMBZZZ.jpg,http://images.amazon.com/images/P/0446391301.01.MZZZZZZZ.jpg,http://images.amazon.com/images/P/0446391301.01.LZZZZZZZ.jpg,Geek Love Katherine Dunn Warner Books,24,7.791666666666667,7.817519950674307
0451206673,Pen Pals,Olivia Goldsmith,2002,Signet Book,http://images.amazon.com/images/P/0451206673.01.THUMBZZZ.jpg,http://images.amazon.com/images/P/0451206673.01.MZZZZZZZ.jpg,http://images.amazon.com/images/P/0451206673.01.LZZZZZZZ.jpg,Pen Pals Olivia Goldsmith Signet Book,16,7.9375,7.888079939713042
0671028375,Fatal Voyage,Kathy Reichs,2002,Pocket,http://images.amazon.com/images/P/0671028375.01.THUMBZZZ.jpg,http://images.amazon.com/images/P/0671028375.01.MZZZZZZZ.jpg,http://images.amazon.com/images/P/0671028375.01.LZZZZZZZ.jpg,Fatal Voyage Kathy Reichs Pocket,35,8.085714285714285,7.999470505993991
0140280464,My Year of Meats,Ruth L. Ozeki,1999,Penguin Books,http://images.amazon.com/images/P/0140280464.01.THUMBZZZ.jpg,http://images.amazon.com/images/P/0140280464.01.MZZZZZZZ.jpg,http://images.amazon.com/images/P/0140280464.01.LZZZZZZZ.jpg,My Year of Meats Ruth L. Ozeki Penguin Books,14,8.142857142857142,7.969731700872632
0066214440,Enemy Women: A Novel,Paulette Jiles,2002,William Morrow & Company,http://images.amazon.com/images/P/0066214440.01.THUMBZZZ.jpg,http://images.amazon.com/images/P/0066214440.01.MZZZZZZZ.jpg,http://images.amazon.com/images/P/0066214440.01.LZZZZZZZ.jpg,Enemy Women: A Novel Paulette Jiles William Morrow & Company,19,6.684210526315789,7.281304559735116
0316168688,The Dogs of Babel (Today Show Book Club #12),Carolyn Parkhurst,2003,"Little, Brown",http://images.amazon.com/images/P/0316168688.01.THUMBZZZ.jpg,http://images.amazon.com/images/P/0316168688.01.MZZZZZZZ.jpg,http://images.amazon.com/images/P/0316168688.01.LZZZZZZZ.jpg,"The Dogs of Babel (Today Show Book Club #12) Carolyn Parkhurst Little, Brown",33,8.545454545454545,8.282469393012631
0345442768,Swimming (Ballantine Reader's Circle),Joanna Hershon,2002,Ballantine Books,http://images.amazon.com/images/P/0345442768.01.THUMBZZZ.jpg,http://images.amazon.com/images/P/0345442768.01.MZZZZZZZ.jpg,http://images.amazon.com/images/P/0345442768.01.LZZZZZZZ.jpg,Swimming (Ballantine Reader's Circle) Joanna Hershon Ballantine Books,12,6.583333333333333,7.3740899321771725
0440226104,Black and Blue,ANNA QUINDLEN,1999,Dell,http://images.amazon.com/images/P/0440226104.01.THUMBZZZ.jpg,http://images.amazon.com/images/P/0440226104.01.MZZZZZZZ.jpg,http://images.amazon.com/images/P/0440226104.01.LZZZZZZZ.jpg,Black and Blue ANNA QUINDLEN Dell,65,7.446153846153846,7.540833856819642
0446520802,The Notebook,Nicholas Sparks,1996,Warner Books,http://images.amazon.com/images/P/0446520802.01.THUMBZZZ.jpg,http://images.amazon.com/images/P/0446520802.01.MZZZZZZZ.jpg,http://images.amazon.com/images/P/0446520802.01.LZZZZZZZ.jpg,The Notebook Nicholas Sparks Warner Books,38,7.947368421052632,7.913290997063267
0446532452,The Wedding,Nicholas Sparks,2003,Warner Books,http://images.amazon.com/images/P/0446532452.01.THUMBZZZ.jpg,http://images.amazon.com/images/P/0446532452.01.MZZZZZZZ.jpg,http://images.amazon.com/images/P/0446532452.01.LZZZZZZZ.jpg,The Wedding Nicholas Sparks Warner Books,29,8.379310344827585,8.162670976115704
0446611085,Suzanne's Diary for Nicholas,James Patterson,2003,Warner Books,http://images.amazon.com/images/P/0446611085.01.THUMBZZZ.jpg,http://images.amazon.com/images/P/0446611085.01.MZZZZZZZ.jpg,http://images.amazon.com/images/P/0446611085.01.LZZZZZZZ.jpg,Suzanne's Diary for Nicholas James Patterson Warner Books,47,8.0,7.954789221338351
0553801430,By the Light of the Moon,DEAN KOONTZ,2002,Bantam,http://images.amazon.com/images/P/0553801430.01.THUMBZZZ.jpg,http://images.amazon.com/images/P/0553801430.01.MZZZZZZZ.jpg,http://images.amazon.com/images/P/0553801430.01.LZZZZZZZ.jpg,By the Light of the Moon DEAN KOONTZ Bantam,20,8.55,8.199271945741739
0553802488,The Face,DEAN KOONTZ,2003,Bantam,http://images.amazon.com/images/P/0553802488.01.THUMBZZZ.jpg,http://images.amazon.com/images/P/0553802488.01.MZZZZZZZ.jpg,http://images.amazon.com/images/P/0553802488.01.LZZZZZZZ.jpg,The Face DEAN KOONTZ Bantam,15,7.866666666666666,7.856310795133414
067100042X,Silent Night : A Christmas Suspense Story,Mary Higgins Clark,1996,Pocket,http://images.amazon.com/images/P/067100042X.01.THUMBZZZ.jpg,http://images.amazon.com/images/P/067100042X.01.MZZZZZZZ.jpg,http://images.amazon.com/images/P/067100042X.01.LZZZZZZZ.jpg,Silent Night : A Christmas Suspense Story Mary Higgins Clark Pocket,23,7.434782608695652,7.627229716969058
0140067779,Obasan,Joy Kogawa,1983,Penguin Books,http://images.amazon.com/images/P/0140067779.01.THUMBZZZ.jpg,http://images.amazon.com/images/P/0140067779.01.MZZZZZZZ.jpg,http://images.amazon.com/images/P/0140067779.01.LZZZZZZZ.jpg,Obasan Joy Kogawa Penguin Books,16,8.0625,7.943635495268597
0316788228,The Pilot's Wife,Anita Shreve,2001,"Little, Brown",http://images.amazon.com/images/P/0316788228.01.THUMBZZZ.jpg,http://images.amazon.com/images/P/0316788228.01.MZZZZZZZ.jpg,http://images.amazon.com/images/P/0316788228.01.LZZZZZZZ.jpg,"The Pilot's Wife Anita Shreve Little, Brown",38,8.0,7.947773755683957
0345350685,The Autobiography of Malcolm X,Malcolm X,1989,Ballantine Books,http://images.amazon.com/images/P/0345350685.01.THUMBZZZ.jpg,http://images.amazon.com/images/P/0345350685.01.MZZZZZZZ.jpg,http://images.amazon.com/images/P/0345350685.01.LZZZZZZZ.jpg,The Autobiography of Malcolm X Malcolm X Ballantine Books,22,8.772727272727273,8.332639948325465
0441172717,Dune (Remembering Tomorrow),Frank Herbert,1996,ACE Charter,http://images.amazon.com/images/P/0441172717.01.THUMBZZZ.jpg,http://images.amazon.com/images/P/0441172717.01.MZZZZZZZ.jpg,http://images.amazon.com/images/P/0441172717.01.LZZZZZZZ.jpg,Dune (Remembering Tomorrow) Frank Herbert ACE Charter,51,9.019607843137255,8.689730673657317
0553213695,The Metamorphosis (Bantam Classics),FRANZ KAFKA,1972,Bantam,http://images.amazon.com/images/P/0553213695.01.THUMBZZZ.jpg,http://images.amazon.com/images/P/0553213695.01.MZZZZZZZ.jpg,http://images.amazon.com/images/P/0553213695.01.LZZZZZZZ.jpg,The Metamorphosis (Bantam Classics) FRANZ KAFKA Bantam,19,7.894736842105263,7.871048149478705
0345380371,Rising Sun,MICHAEL CRICHTON,1992,Ballantine Books,http://images.amazon.com/images/P/0345380371.01.THUMBZZZ.jpg,http://images.amazon.com/images/P/0345380371.01.MZZZZZZZ.jpg,http://images.amazon.com/images/P/0345380371.01.LZZZZZZZ.jpg,Rising Sun MICHAEL CRICHTON Ballantine Books,73,7.273972602739726,7.3975363207491345
0345441036,Black House,Stephen King,2002,Ballantine Books,http://images.amazon.com/images/P/0345441036.01.THUMBZZZ.jpg,http://images.amazon.com/images/P/0345441036.01.MZZZZZZZ.jpg,http://images.amazon.com/images/P/0345441036.01.LZZZZZZZ.jpg,Black House Stephen King Ballantine Books,37,7.72972972972973,7.771418909292448
0385507593,Jennifer Government : A Novel,Max Barry,2003,Doubleday,http://images.amazon.com/images/P/0385507593.01.THUMBZZZ.jpg,http://images.amazon.com/images/P/0385507593.01.MZZZZZZZ.jpg,http://images.amazon.com/images/P/0385507593.01.LZZZZZZZ.jpg,Jennifer Government : A Novel Max Barry Doubleday,26,7.884615384615385,7.868932126731946
0553278274,A Night to Remember,WALTER LORD,1997,Bantam,http://images.amazon.com/images/P/0553278274.01.THUMBZZZ.jpg,http://images.amazon.com/images/P/0553278274.01.MZZZZZZZ.jpg,http://images.amazon.com/images/P/0553278274.01.LZZZZZZZ.jpg,A Night to Remember WALTER LORD Bantam,21,7.761904761904762,7.804167751943159
0553281747,Mona Lisa Overdrive (Bantam Spectra Book),William Gibson,1989,Bantam,http://images.amazon.com/images/P/0553281747.01.THUMBZZZ.jpg,http://images.amazon.com/images/P/0553281747.01.MZZZZZZZ.jpg,http://images.amazon.com/images/P/0553281747.01.LZZZZZZZ.jpg,Mona Lisa Overdrive (Bantam Spectra Book) William Gibson Bantam,10,8.7,8.132362594322316
0553575384,To Say Nothing of the Dog,Connie Willis,1998,Bantam,http://images.amazon.com/images/P/0553575384.01.THUMBZZZ.jpg,http://images.amazon.com/images/P/0553575384.01.MZZZZZZZ.jpg,http://images.amazon.com/images/P/0553575384.01.LZZZZZZZ.jpg,To Say Nothing of the Dog Connie Willis Bantam,18,8.5,8.157128363938671
0743417682,From a Buick 8,Stephen King,2003,Pocket Books,http://images.amazon.com/images/P/0743417682.01.THUMBZZZ.jpg,http://images.amazon.com/images/P/0743417682.01.MZZZZZZZ.jpg,http://images.amazon.com/images/P/0743417682.01.LZZZZZZZ.jpg,From a Buick 8 Stephen King Pocket Books,29,7.655172413793103,7.734099547544276
0375826688,"Eragon (Inheritance, Book 1)",Christopher Paolini,2004,Knopf,http://images.amazon.com/images/P/0375826688.01.THUMBZZZ.jpg,http://images.amazon.com/images/P/0375826688.01.MZZZZZZZ.jpg,http://images.amazon.com/images/P/0375826688.01.LZZZZZZZ.jpg,"Eragon (Inheritance, Book 1) Christopher Paolini Knopf",22,8.318181818181818,8.094544710230227
0440229499,Gathering Blue (Readers Circle),LOIS LOWRY,2002,Laurel Leaf,http://images.amazon.com/images/P/0440229499.01.THUMBZZZ.jpg,http://images.amazon.com/images/P/0440229499.01.MZZZZZZZ.jpg,http://images.amazon.com/images/P/0440229499.01.LZZZZZZZ.jpg,Gathering Blue (Readers Circle) LOIS LOWRY Laurel Leaf,13,8.692307692307692,8.180935691808166
1853260010,Wuthering Heights (Wordsworth Classics),Emily Bronte,1997,NTC/Contemporary Publishing Company,http://images.amazon.com/images/P/1853260010.01.THUMBZZZ.jpg,http://images.amazon.com/images/P/1853260010.01.MZZZZZZZ.jpg,http://images.amazon.com/images/P/1853260010.01.LZZZZZZZ.jpg,Wuthering Heights (Wordsworth Classics) Emily Bronte NTC/Contemporary Publishing Company,11,8.272727272727273,7.999060575150629
0425180964,The Bear and the Dragon (Jack Ryan Novels),Tom Clancy,2001,Berkley Publishing Group,http://images.amazon.com/images/P/0425180964.01.THUMBZZZ.jpg,http://images.amazon.com/images/P/0425180964.01.MZZZZZZZ.jpg,http://images.amazon.com/images/P/0425180964.01.LZZZZZZZ.jpg,The Bear and the Dragon (Jack Ryan Novels) Tom Clancy Berkley Publishing Group,31,7.774193548387097,7.803350545679795
0671024108,Speaking in Tongues,Jeffery Deaver,2002,Pocket,http://images.amazon.com/images/P/0671024108.01.THUMBZZZ.jpg,http://images.amazon.com/images/P/0671024108.01.MZZZZZZZ.jpg,http://images.amazon.com/images/P/0671024108.01.LZZZZZZZ.jpg,Speaking in Tongues Jeffery Deaver Pocket,21,7.095238095238095,7.462704337309013
0140254544,A Light in the Window (The Mitford Years),Jan Karon,1996,Penguin Books,http://images.amazon.com/images/P/0140254544.01.THUMBZZZ.jpg,http://images.amazon.com/images/P/0140254544.01.MZZZZZZZ.jpg,http://images.amazon.com/images/P/0140254544.01.LZZZZZZZ.jpg,A Light in the Window (The Mitford Years) Jan Karon Penguin Books,33,8.212121212121213,8.074922223201312
0312201656,I Capture the Castle,Dodie Smith,1999,St. Martin's Griffin,http://images.amazon.com/images/P/0312201656.01.THUMBZZZ.jpg,http://images.amazon.com/images/P/0312201656.01.MZZZZZZZ.jpg,http://images.amazon.com/images/P/0312201656.01.LZZZZZZZ.jpg,I Capture the Castle Dodie Smith St. Martin's Griffin,27,8.148148148148149,8.020656975099353
034529873X,Moreta: Dragonlady of Pern,Anne McCaffrey,1991,Del Rey Books,http://images.amazon.com/images/P/034529873X.01.THUMBZZZ.jpg,http://images.amazon.com/images/P/034529873X.01.MZZZZZZZ.jpg,http://images.amazon.com/images/P/034529873X.01.LZZZZZZZ.jpg,Moreta: Dragonlady of Pern Anne McCaffrey Del Rey Books,16,8.0,7.91585771749082
0345384911,Crystal Line,Anne McCaffrey,1993,Del Rey Books,http://images.amazon.com/images/P/0345384911.01.THUMBZZZ.jpg,http://images.amazon.com/images/P/0345384911.01.MZZZZZZZ.jpg,http://images.amazon.com/images/P/0345384911.01.LZZZZZZZ.jpg,Crystal Line Anne McCaffrey Del Rey Books,17,7.764705882352941,7.810023725126204
0345391055,Disclosure,Michael Crichton,1994,Ballantine Books,http://images.amazon.com/images/P/0345391055.01.THUMBZZZ.jpg,http://images.amazon.com/images/P/0345391055.01.MZZZZZZZ.jpg,http://images.amazon.com/images/P/0345391055.01.LZZZZZZZ.jpg,Disclosure Michael Crichton Ballantine Books,54,7.351851851851852,7.4860929436441825
0380001411,Christy,Catherine Marshall,1976,Avon,http://images.amazon.com/images/P/0380001411.01.THUMBZZZ.jpg,http://images.amazon.com/images/P/0380001411.01.MZZZZZZZ.jpg,http://images.amazon.com/images/P/0380001411.01.LZZZZZZZ.jpg,Christy Catherine Marshall Avon,21,8.142857142857142,7.999289703162671
0380710722,It's Always Something,Gilda Radner,1990,Avon,http://images.amazon.com/images/P/0380710722.01.THUMBZZZ.jpg,http://images.amazon.com/images/P/0380710722.01.MZZZZZZZ.jpg,http://images.amazon.com/images/P/0380710722.01.LZZZZZZZ.jpg,It's Always Something Gilda Radner Avon,15,8.133333333333333,7.970596509419128
0380778556,Rebecca,Daphne Du Maurier,1994,Avon,http://images.amazon.com/images/P/0380778556.01.THUMBZZZ.jpg,http://images.amazon.com/images/P/0380778556.01.MZZZZZZZ.jpg,http://images.amazon.com/images/P/0380778556.01.LZZZZZZZ.jpg,Rebecca Daphne Du Maurier Avon,28,8.071428571428571,7.978559954784782
0380820447,"For Better, for Worse: A Novel",Carole Matthews,2002,Avon Trade,http://images.amazon.com/images/P/0380820447.01.THUMBZZZ.jpg,http://images.amazon.com/images/P/0380820447.01.MZZZZZZZ.jpg,http://images.amazon.com/images/P/0380820447.01.LZZZZZZZ.jpg,"For Better, for Worse: A Novel Carole Matthews Avon Trade",19,7.578947368421052,7.717201995632552
0385335881,Shopaholic Takes Manhattan (Summer Display Opportunity),Sophie Kinsella,2002,Delta,http://images.amazon.com/images/P/0385335881.01.THUMBZZZ.jpg,http://images.amazon.com/images/P/0385335881.01.MZZZZZZZ.jpg,http://images.amazon.com/images/P/0385335881.01.LZZZZZZZ.jpg,Shopaholic Takes Manhattan (Summer Display Opportunity) Sophie Kinsella Delta,83,8.168674698795181,8.106513376987083
043936213X,Harry Potter and the Sorcerer's Stone (Book 1),J. K. Rowling,2001,Scholastic,http://images.amazon.com/images/P/043936213X.01.THUMBZZZ.jpg,http://images.amazon.com/images/P/043936213X.01.MZZZZZZZ.jpg,http://images.amazon.com/images/P/043936213X.01.LZZZZZZZ.jpg,Harry Potter and the Sorcerer's Stone (Book 1) J. K. Rowling Scholastic,36,9.222222222222221,8.731622818386956
0451188454,The Bone Collector (Lincoln Rhyme Novels (Paperback)),Jeff Deaver,2004,Signet Book,http://images.amazon.com/images/P/0451188454.01.THUMBZZZ.jpg,http://images.amazon.com/images/P/0451188454.01.MZZZZZZZ.jpg,http://images.amazon.com/images/P/0451188454.01.LZZZZZZZ.jpg,The Bone Collector (Lincoln Rhyme Novels (Paperback)) Jeff Deaver Signet Book,35,8.314285714285715,8.144925051448537
0451457811,"Storm Front (The Dresden Files, Book 1)",Jim Butcher,2000,Roc,http://images.amazon.com/images/P/0451457811.01.THUMBZZZ.jpg,http://images.amazon.com/images/P/0451457811.01.MZZZZZZZ.jpg,http://images.amazon.com/images/P/0451457811.01.LZZZZZZZ.jpg,"Storm Front (The Dresden Files, Book 1) Jim Butcher Roc",11,8.181818181818182,7.9668025106345
0515087122,The Cat Who Ate Danish Modern (Cat Who... (Paperback)),Lilian Jackson Braun,1990,Jove Books,http://images.amazon.com/images/P/0515087122.01.THUMBZZZ.jpg,http://images.amazon.com/images/P/0515087122.01.MZZZZZZZ.jpg,http://images.amazon.com/images/P/0515087122.01.LZZZZZZZ.jpg,The Cat Who Ate Danish Modern (Cat Who... (Paperback)) Lilian Jackson Braun Jove Books,19,7.052631578947368,7.460791739222294
0553210793,The Adventures of Huckleberry Finn (Bantam Classics),MARK TWAIN,1981,Bantam,http://images.amazon.com/images/P/0553210793.01.THUMBZZZ.jpg,http://images.amazon.com/images/P/0553210793.01.MZZZZZZZ.jpg,http://images.amazon.com/images/P/0553210793.01.LZZZZZZZ.jpg,The Adventures of Huckleberry Finn (Bantam Classics) MARK TWAIN Bantam,21,8.333333333333334,8.096850678772427
059030271X,Charlotte's Web,E. B. White,1974,Scholastic Paperbacks (T),http://images.amazon.com/images/P/059030271X.01.THUMBZZZ.jpg,http://images.amazon.com/images/P/059030271X.01.MZZZZZZZ.jpg,http://images.amazon.com/images/P/059030271X.01.LZZZZZZZ.jpg,Charlotte's Web E. B. White Scholastic Paperbacks (T),16,8.9375,8.332524384157486
0671250671,"ROAD LESS TRAVELED : A New Psychology of Love, Traditional Values, and Spritual Growth (Touchstone Books (Paperback))",M. Scott Peck,1980,Touchstone,http://images.amazon.com/images/P/0671250671.01.THUMBZZZ.jpg,http://images.amazon.com/images/P/0671250671.01.MZZZZZZZ.jpg,http://images.amazon.com/images/P/0671250671.01.LZZZZZZZ.jpg,"ROAD LESS TRAVELED : A New Psychology of Love, Traditional Values, and Spritual Growth (Touchstone Books (Paperback)) M. Scott Peck Touchstone",29,7.551724137931035,7.6728750577483575
0671701231,The Anastasia Syndrome,Mary Higgins Clark,1991,Pocket,http://images.amazon.com/images/P/0671701231.01.THUMBZZZ.jpg,http://images.amazon.com/images/P/0671701231.01.MZZZZZZZ.jpg,http://images.amazon.com/images/P/0671701231.01.LZZZZZZZ.jpg,The Anastasia Syndrome Mary Higgins Clark Pocket,19,7.526315789473684,7.691560969991526
0671867172,The Lottery Winner : Alvirah And Willy Stories,Mary Higgins Clark,1995,Pocket,http://images.amazon.com/images/P/0671867172.01.THUMBZZZ.jpg,http://images.amazon.com/images/P/0671867172.01.MZZZZZZZ.jpg,http://images.amazon.com/images/P/0671867172.01.LZZZZZZZ.jpg,The Lottery Winner : Alvirah And Willy Stories Mary Higgins Clark Pocket,40,7.25,7.449514630494491
0671880187,Kitchen,Banana Yoshimoto,1994,Washington Square Press,http://images.amazon.com/images/P/0671880187.01.THUMBZZZ.jpg,http://images.amazon.com/images/P/0671880187.01.MZZZZZZZ.jpg,http://images.amazon.com/images/P/0671880187.01.LZZZZZZZ.jpg,Kitchen Banana Yoshimoto Washington Square Press,28,7.821428571428571,7.832726621451448
1558531025,Life's Little Instruction Book (Life's Little Instruction Books (Paperback)),H. Jackson Brown,1991,Thomas Nelson,http://images.amazon.com/images/P/1558531025.01.THUMBZZZ.jpg,http://images.amazon.com/images/P/1558531025.01.MZZZZZZZ.jpg,http://images.amazon.com/images/P/1558531025.01.LZZZZZZZ.jpg,Life's Little Instruction Book (Life's Little Instruction Books (Paperback)) H. Jackson Brown Thomas Nelson,30,7.933333333333334,7.89941755659339
1558743316,A 2nd Helping of Chicken Soup for the Soul (Chicken Soup for the Soul Series (Paper)),Jack Canfield,1994,Health Communications,http://images.amazon.com/images/P/1558743316.01.THUMBZZZ.jpg,http://images.amazon.com/images/P/1558743316.01.MZZZZZZZ.jpg,http://images.amazon.com/images/P/1558743316.01.LZZZZZZZ.jpg,A 2nd Helping of Chicken Soup for the Soul (Chicken Soup for the Soul Series (Paper)) Jack Canfield Health Communications,21,7.761904761904762,7.804167751943159
1559029838,Call of the Wild,Jack London,0,Selldowns/no More Orders,http://images.amazon.com/images/P/1559029838.01.THUMBZZZ.jpg,http://images.amazon.com/images/P/1559029838.01.MZZZZZZZ.jpg,http://images.amazon.com/images/P/1559029838.01.LZZZZZZZ.jpg,Call of the Wild Jack London Selldowns/no More Orders,33,8.090909090909092,7.999450525088104
0440225817,Acts of Malice,Perri O'Shaughnessy,2000,Island,http://images.amazon.com/images/P/0440225817.01.THUMBZZZ.jpg,http://images.amazon.com/images/P/0440225817.01.MZZZZZZZ.jpg,http://images.amazon.com/images/P/0440225817.01.LZZZZZZZ.jpg,Acts of Malice Perri O'Shaughnessy Island,18,6.944444444444445,7.420286258675514
0446605409,Plum Island,Nelson DeMille,1998,Warner Books,http://images.amazon.com/images/P/0446605409.01.THUMBZZZ.jpg,http://images.amazon.com/images/P/0446605409.01.MZZZZZZZ.jpg,http://images.amazon.com/images/P/0446605409.01.LZZZZZZZ.jpg,Plum Island Nelson DeMille Warner Books,30,7.833333333333333,7.839417556593389
0446607711,The Simple Truth,David Baldacci,1999,Warner Books,http://images.amazon.com/images/P/0446607711.01.THUMBZZZ.jpg,http://images.amazon.com/images/P/0446607711.01.MZZZZZZZ.jpg,http://images.amazon.com/images/P/0446607711.01.LZZZZZZZ.jpg,The Simple Truth David Baldacci Warner Books,40,7.05,7.316181297161158
0553582127,The Search,Iris Johansen,2001,Bantam Books,http://images.amazon.com/images/P/0553582127.01.THUMBZZZ.jpg,http://images.amazon.com/images/P/0553582127.01.MZZZZZZZ.jpg,http://images.amazon.com/images/P/0553582127.01.LZZZZZZZ.jpg,The Search Iris Johansen Bantam Books,40,7.5,7.616181297161159
0060959037,Prodigal Summer: A Novel,Barbara Kingsolver,2001,Perennial,http://images.amazon.com/images/P/0060959037.01.THUMBZZZ.jpg,http://images.amazon.com/images/P/0060959037.01.MZZZZZZZ.jpg,http://images.amazon.com/images/P/0060959037.01.LZZZZZZZ.jpg,Prodigal Summer: A Novel Barbara Kingsolver Perennial,78,8.256410256410257,8.173172222751731
0515103292,When Rabbit Howls,Truddi Chase,1990,Jove Books,http://images.amazon.com/images/P/0515103292.01.THUMBZZZ.jpg,http://images.amazon.com/images/P/0515103292.01.MZZZZZZZ.jpg,http://images.amazon.com/images/P/0515103292.01.LZZZZZZZ.jpg,When Rabbit Howls Truddi Chase Jove Books,15,7.8,7.827739366561985
0553208845,Siddhartha,Hermann Hesse,1981,Bantam Classics,http://images.amazon.com/images/P/0553208845.01.THUMBZZZ.jpg,http://images.amazon.com/images/P/0553208845.01.MZZZZZZZ.jpg,http://images.amazon.com/images/P/0553208845.01.LZZZZZZZ.jpg,Siddhartha Hermann Hesse Bantam Classics,39,8.76923076923077,8.457133522536772
0671789422,Possessing the Secret of Joy,Alice Walker,1993,Pocket,http://images.amazon.com/images/P/0671789422.01.THUMBZZZ.jpg,http://images.amazon.com/images/P/0671789422.01.MZZZZZZZ.jpg,http://images.amazon.com/images/P/0671789422.01.LZZZZZZZ.jpg,Possessing the Secret of Joy Alice Walker Pocket,20,8.35,8.099271945741737
0345439104,Drowning Ruth (Oprah's Book Club),CHRISTINA SCHWARZ,2001,Ballantine Books,http://images.amazon.com/images/P/0345439104.01.THUMBZZZ.jpg,http://images.amazon.com/images/P/0345439104.01.MZZZZZZZ.jpg,http://images.amazon.com/images/P/0345439104.01.LZZZZZZZ.jpg,Drowning Ruth (Oprah's Book Club) CHRISTINA SCHWARZ Ballantine Books,67,7.686567164179104,7.723803193444477
0060916508,Their Eyes Were Watching God: A Novel,Zora Neale Hurston,1990,Perennial,http://images.amazon.com/images/P/0060916508.01.THUMBZZZ.jpg,http://images.amazon.com/images/P/0060916508.01.MZZZZZZZ.jpg,http://images.amazon.com/images/P/0060916508.01.LZZZZZZZ.jpg,Their Eyes Were Watching God: A Novel Zora Neale Hurston Perennial,42,8.452380952380953,8.257594803704347
0451403703,The Hangman's Beautiful Daughter,Sharyn McCrumb,1993,Onyx Books,http://images.amazon.com/images/P/0451403703.01.THUMBZZZ.jpg,http://images.amazon.com/images/P/0451403703.01.MZZZZZZZ.jpg,http://images.amazon.com/images/P/0451403703.01.LZZZZZZZ.jpg,The Hangman's Beautiful Daughter Sharyn McCrumb Onyx Books,18,7.555555555555555,7.7097599428860395
0515132187,The Villa,Nora Roberts,2002,Jove Books,http://images.amazon.com/images/P/0515132187.01.THUMBZZZ.jpg,http://images.amazon.com/images/P/0515132187.01.MZZZZZZZ.jpg,http://images.amazon.com/images/P/0515132187.01.LZZZZZZZ.jpg,The Villa Nora Roberts Jove Books,35,7.428571428571429,7.581288687812173
044022165X,The Rainmaker,JOHN GRISHAM,1996,Dell,http://images.amazon.com/images/P/044022165X.01.THUMBZZZ.jpg,http://images.amazon.com/images/P/044022165X.01.MZZZZZZZ.jpg,http://images.amazon.com/images/P/044022165X.01.LZZZZZZZ.jpg,The Rainmaker JOHN GRISHAM Dell,102,7.53921568627451,7.589925228112045
0446610542,The Bachelor (Warner Books Contemporary Romance),Carly Phillips,2002,Warner Forever,http://images.amazon.com/images/P/0446610542.01.THUMBZZZ.jpg,http://images.amazon.com/images/P/0446610542.01.MZZZZZZZ.jpg,http://images.amazon.com/images/P/0446610542.01.LZZZZZZZ.jpg,The Bachelor (Warner Books Contemporary Romance) Carly Phillips Warner Forever,37,7.297297297297297,7.490717154906483
0140143505,84 Charing Cross Road,Helene Hanff,1990,Penguin Books,http://images.amazon.com/images/P/0140143505.01.THUMBZZZ.jpg,http://images.amazon.com/images/P/0140143505.01.MZZZZZZZ.jpg,http://images.amazon.com/images/P/0140143505.01.LZZZZZZZ.jpg,84 Charing Cross Road Helene Hanff Penguin Books,24,9.416666666666666,8.703883587037943
0140185216,On the Road (Penguin 20th Century Classics),Jack Kerouac,1998,Penguin USA (Paper),http://images.amazon.com/images/P/0140185216.01.THUMBZZZ.jpg,http://images.amazon.com/images/P/0140185216.01.MZZZZZZZ.jpg,http://images.amazon.com/images/P/0140185216.01.LZZZZZZZ.jpg,On the Road (Penguin 20th Century Classics) Jack Kerouac Penguin USA (Paper),23,7.739130434782608,7.790020414643477
0553274295,Where the Red Fern Grows,Wilson Rawls,1984,Random House Children's Books,http://images.amazon.com/images/P/0553274295.01.THUMBZZZ.jpg,http://images.amazon.com/images/P/0553274295.01.MZZZZZZZ.jpg,http://images.amazon.com/images/P/0553274295.01.LZZZZZZZ.jpg,Where the Red Fern Grows Wilson Rawls Random House Children's Books,35,9.0,8.581288687812172
0679721886,The Woman Warrior : Memoirs of a Girlhood Among Ghosts,MAXINE HONG KINGSTON,1989,Vintage,http://images.amazon.com/images/P/0679721886.01.THUMBZZZ.jpg,http://images.amazon.com/images/P/0679721886.01.MZZZZZZZ.jpg,http://images.amazon.com/images/P/0679721886.01.LZZZZZZZ.jpg,The Woman Warrior : Memoirs of a Girlhood Among Ghosts MAXINE HONG KINGSTON Vintage,17,7.823529411764706,7.837050752153231
0679734775,The House on Mango Street (Vintage Contemporaries),SANDRA CISNEROS,1991,Vintage,http://images.amazon.com/images/P/0679734775.01.THUMBZZZ.jpg,http://images.amazon.com/images/P/0679734775.01.MZZZZZZZ.jpg,http://images.amazon.com/images/P/0679734775.01.LZZZZZZZ.jpg,The House on Mango Street (Vintage Contemporaries) SANDRA CISNEROS Vintage,44,7.318181818181818,7.483919966088586
0812550757,Speaker for the Dead (Ender Wiggins Saga (Paperback)),Orson Scott Card,1994,Tor Books,http://images.amazon.com/images/P/0812550757.01.THUMBZZZ.jpg,http://images.amazon.com/images/P/0812550757.01.MZZZZZZZ.jpg,http://images.amazon.com/images/P/0812550757.01.LZZZZZZZ.jpg,Speaker for the Dead (Ender Wiggins Saga (Paperback)) Orson Scott Card Tor Books,24,8.458333333333334,8.18115631431067
0525946829,Quentins,Maeve Binchy,2002,Dutton Books,http://images.amazon.com/images/P/0525946829.01.THUMBZZZ.jpg,http://images.amazon.com/images/P/0525946829.01.MZZZZZZZ.jpg,http://images.amazon.com/images/P/0525946829.01.LZZZZZZZ.jpg,Quentins Maeve Binchy Dutton Books,28,7.678571428571429,7.749393288118116
0425158594,Demon Seed,Dean R. Koontz,1997,Berkley Publishing Group,http://images.amazon.com/images/P/0425158594.01.THUMBZZZ.jpg,http://images.amazon.com/images/P/0425158594.01.MZZZZZZZ.jpg,http://images.amazon.com/images/P/0425158594.01.LZZZZZZZ.jpg,Demon Seed Dean R. Koontz Berkley Publishing Group,23,6.565217391304348,7.162113437899291
0451170385,Four Past Midnight,Stephen King,2001,Signet Book,http://images.amazon.com/images/P/0451170385.01.THUMBZZZ.jpg,http://images.amazon.com/images/P/0451170385.01.MZZZZZZZ.jpg,http://images.amazon.com/images/P/0451170385.01.LZZZZZZZ.jpg,Four Past Midnight Stephen King Signet Book,33,7.666666666666667,7.735299581691878
0452281903,A Man Named Dave: A Story of Triumph and Forgiveness,David J. Pelzer,2000,Plume Books,http://images.amazon.com/images/P/0452281903.01.THUMBZZZ.jpg,http://images.amazon.com/images/P/0452281903.01.MZZZZZZZ.jpg,http://images.amazon.com/images/P/0452281903.01.LZZZZZZZ.jpg,A Man Named Dave: A Story of Triumph and Forgiveness David J. Pelzer Plume Books,31,7.870967741935484,7.862174075091559
1558745157,The Lost Boy: A Foster Child's Search for the Love of a Family,Dave Pelzer,1997,Health Communications,http://images.amazon.com/images/P/1558745157.01.THUMBZZZ.jpg,http://images.amazon.com/images/P/1558745157.01.MZZZZZZZ.jpg,http://images.amazon.com/images/P/1558745157.01.LZZZZZZZ.jpg,The Lost Boy: A Foster Child's Search for the Love of a Family Dave Pelzer Health Communications,52,8.26923076923077,8.152373303189854
015100692X,The Crimson Petal and the White,Michel Faber,2002,Harcourt,http://images.amazon.com/images/P/015100692X.01.THUMBZZZ.jpg,http://images.amazon.com/images/P/015100692X.01.MZZZZZZZ.jpg,http://images.amazon.com/images/P/015100692X.01.LZZZZZZZ.jpg,The Crimson Petal and the White Michel Faber Harcourt,31,7.67741935483871,7.744527016268028
0345346491,Walking Across Egypt,Clyde Edgerton,1989,Ballantine Books,http://images.amazon.com/images/P/0345346491.01.THUMBZZZ.jpg,http://images.amazon.com/images/P/0345346491.01.MZZZZZZZ.jpg,http://images.amazon.com/images/P/0345346491.01.LZZZZZZZ.jpg,Walking Across Egypt Clyde Edgerton Ballantine Books,12,8.166666666666666,7.9678399321771725
0395083567,My Antonia,Willa Sibert Cather,1954,Houghton Mifflin,http://images.amazon.com/images/P/0395083567.01.THUMBZZZ.jpg,http://images.amazon.com/images/P/0395083567.01.MZZZZZZZ.jpg,http://images.amazon.com/images/P/0395083567.01.LZZZZZZZ.jpg,My Antonia Willa Sibert Cather Houghton Mifflin,14,8.642857142857142,8.17561405381381
042511774X,Breathing Lessons,Anne Tyler,1994,Berkley Publishing Group,http://images.amazon.com/images/P/042511774X.01.THUMBZZZ.jpg,http://images.amazon.com/images/P/042511774X.01.MZZZZZZZ.jpg,http://images.amazon.com/images/P/042511774X.01.LZZZZZZZ.jpg,Breathing Lessons Anne Tyler Berkley Publishing Group,31,7.290322580645161,7.50923289862097
0446387878,A Yellow Raft in Blue Water,Michael Dorris,1998,Warner Books,http://images.amazon.com/images/P/0446387878.01.THUMBZZZ.jpg,http://images.amazon.com/images/P/0446387878.01.MZZZZZZZ.jpg,http://images.amazon.com/images/P/0446387878.01.LZZZZZZZ.jpg,A Yellow Raft in Blue Water Michael Dorris Warner Books,17,7.882352941176471,7.864077779180258
0553272535,Night,Elie Wiesel,1982,Bantam Books,http://images.amazon.com/images/P/0553272535.01.THUMBZZZ.jpg,http://images.amazon.com/images/P/0553272535.01.MZZZZZZZ.jpg,http://images.amazon.com/images/P/0553272535.01.LZZZZZZZ.jpg,Night Elie Wiesel Bantam Books,52,8.653846153846153,8.430151080967631
0786862564,Make the Connection: Ten Steps to a Better Body and a Better Life,Bob Greene,1996,Hyperion Press,http://images.amazon.com/images/P/0786862564.01.THUMBZZZ.jpg,http://images.amazon.com/images/P/0786862564.01.MZZZZZZZ.jpg,http://images.amazon.com/images/P/0786862564.01.LZZZZZZZ.jpg,Make the Connection: Ten Steps to a Better Body and a Better Life Bob Greene Hyperion Press,19,6.894736842105263,7.383868662299218
014100018X,Chocolat,Joanne Harris,2000,Penguin Books,http://images.amazon.com/images/P/014100018X.01.THUMBZZZ.jpg,http://images.amazon.com/images/P/014100018X.01.MZZZZZZZ.jpg,http://images.amazon.com/images/P/014100018X.01.LZZZZZZZ.jpg,Chocolat Joanne Harris Penguin Books,43,7.976744186046512,7.936045679836024
0684801523,The Great Gatsby,F. Scott Fitzgerald,1995,Scribner,http://images.amazon.com/images/P/0684801523.01.THUMBZZZ.jpg,http://images.amazon.com/images/P/0684801523.01.MZZZZZZZ.jpg,http://images.amazon.com/images/P/0684801523.01.LZZZZZZZ.jpg,The Great Gatsby F. Scott Fitzgerald Scribner,69,7.449275362318841,7.538998627299658
080411109X,The Hundred Secret Senses,Amy Tan,1996,Ivy Books,http://images.amazon.com/images/P/080411109X.01.THUMBZZZ.jpg,http://images.amazon.com/images/P/080411109X.01.MZZZZZZZ.jpg,http://images.amazon.com/images/P/080411109X.01.LZZZZZZZ.jpg,The Hundred Secret Senses Amy Tan Ivy Books,55,7.890909090909091,7.879611704395593
0345316509,Job: A Comedy of Justice,Robert A. Heinlein,1990,Del Rey Books,http://images.amazon.com/images/P/0345316509.01.THUMBZZZ.jpg,http://images.amazon.com/images/P/0345316509.01.MZZZZZZZ.jpg,http://images.amazon.com/images/P/0345316509.01.LZZZZZZZ.jpg,Job: A Comedy of Justice Robert A. Heinlein Del Rey Books,16,7.8125,7.832524384157486
0440178002,Shogun,JAMES CLAVELL,1986,Dell,http://images.amazon.com/images/P/0440178002.01.THUMBZZZ.jpg,http://images.amazon.com/images/P/0440178002.01.MZZZZZZZ.jpg,http://images.amazon.com/images/P/0440178002.01.LZZZZZZZ.jpg,Shogun JAMES CLAVELL Dell,21,8.476190476190476,8.170021410479745
0670844527,Dolores Claiborne,Stephen King,1992,Viking Books,http://images.amazon.com/images/P/0670844527.01.THUMBZZZ.jpg,http://images.amazon.com/images/P/0670844527.01.MZZZZZZZ.jpg,http://images.amazon.com/images/P/0670844527.01.LZZZZZZZ.jpg,Dolores Claiborne Stephen King Viking Books,27,7.518518518518518,7.658954847439777
0804109729,Russka : The Novel of Russia,EDWARD RUTHERFURD,1992,Ivy Books,http://images.amazon.com/images/P/0804109729.01.THUMBZZZ.jpg,http://images.amazon.com/images/P/0804109729.01.MZZZZZZZ.jpg,http://images.amazon.com/images/P/0804109729.01.LZZZZZZZ.jpg,Russka : The Novel of Russia EDWARD RUTHERFURD Ivy Books,17,7.705882352941177,7.782996698099177
0060976497,Ten Stupid Things Women Do to Mess Up Their Lives,Laura C. Schlessinger,1995,Perennial,http://images.amazon.com/images/P/0060976497.01.THUMBZZZ.jpg,http://images.amazon.com/images/P/0060976497.01.MZZZZZZZ.jpg,http://images.amazon.com/images/P/0060976497.01.LZZZZZZZ.jpg,Ten Stupid Things Women Do to Mess Up Their Lives Laura C. Schlessinger Perennial,13,5.615384615384615,6.968814479686955
0345446860,Back When We Were Grownups : A Novel (Ballantine Reader's Circle),ANNE TYLER,2002,Ballantine Books,http://images.amazon.com/images/P/0345446860.01.THUMBZZZ.jpg,http://images.amazon.com/images/P/0345446860.01.MZZZZZZZ.jpg,http://images.amazon.com/images/P/0345446860.01.LZZZZZZZ.jpg,Back When We Were Grownups : A Novel (Ballantine Reader's Circle) ANNE TYLER Ballantine Books,40,7.2,7.416181297161158
0671880314,Schindler's List,Thomas Keneally,1993,Touchstone,http://images.amazon.com/images/P/0671880314.01.THUMBZZZ.jpg,http://images.amazon.com/images/P/0671880314.01.MZZZZZZZ.jpg,http://images.amazon.com/images/P/0671880314.01.LZZZZZZZ.jpg,Schindler's List Thomas Keneally Touchstone,30,8.3,8.11941755659339
140003180X,The Kalahari Typing School for Men (No. 1 Ladies' Detective Agency),ALEXANDER MCCALL SMITH,2004,Anchor,http://images.amazon.com/images/P/140003180X.01.THUMBZZZ.jpg,http://images.amazon.com/images/P/140003180X.01.MZZZZZZZ.jpg,http://images.amazon.com/images/P/140003180X.01.LZZZZZZZ.jpg,The Kalahari Typing School for Men (No. 1 Ladies' Detective Agency) ALEXANDER MCCALL SMITH Anchor,21,8.238095238095237,8.048070190967548
0312966806,Tell Me Lies (Tell Me Lies),Jennifer Crusie,1999,St. Martin's Press,http://images.amazon.com/images/P/0312966806.01.THUMBZZZ.jpg,http://images.amazon.com/images/P/0312966806.01.MZZZZZZZ.jpg,http://images.amazon.com/images/P/0312966806.01.LZZZZZZZ.jpg,Tell Me Lies (Tell Me Lies) Jennifer Crusie St. Martin's Press,24,7.791666666666667,7.817519950674307
0312971346,High Five (A Stephanie Plum Novel),Janet Evanovich,2000,St. Martin's Paperbacks,http://images.amazon.com/images/P/0312971346.01.THUMBZZZ.jpg,http://images.amazon.com/images/P/0312971346.01.MZZZZZZZ.jpg,http://images.amazon.com/images/P/0312971346.01.LZZZZZZZ.jpg,High Five (A Stephanie Plum Novel) Janet Evanovich St. Martin's Paperbacks,74,8.405405405405405,8.286924232230527
0312980159,Fast Women,Jennifer Crusie,2002,St. Martin's Press,http://images.amazon.com/images/P/0312980159.01.THUMBZZZ.jpg,http://images.amazon.com/images/P/0312980159.01.MZZZZZZZ.jpg,http://images.amazon.com/images/P/0312980159.01.LZZZZZZZ.jpg,Fast Women Jennifer Crusie St. Martin's Press,39,7.871794871794871,7.86391318355372
0452284295,Cheet (Plume Books),Anna Davis,2003,Plume Books,http://images.amazon.com/images/P/0452284295.01.THUMBZZZ.jpg,http://images.amazon.com/images/P/0452284295.01.MZZZZZZZ.jpg,http://images.amazon.com/images/P/0452284295.01.LZZZZZZZ.jpg,Cheet (Plume Books) Anna Davis Plume Books,15,7.066666666666666,7.513453652276271
0553572040,Killer Pancake,Diane Mott Davidson,1996,Crimeline,http://images.amazon.com/images/P/0553572040.01.THUMBZZZ.jpg,http://images.amazon.com/images/P/0553572040.01.MZZZZZZZ.jpg,http://images.amazon.com/images/P/0553572040.01.LZZZZZZZ.jpg,Killer Pancake Diane Mott Davidson Crimeline,21,7.571428571428571,7.706606776333403
055357258X,The Last Suppers,DIANE MOTT DAVIDSON,1995,Crimeline,http://images.amazon.com/images/P/055357258X.01.THUMBZZZ.jpg,http://images.amazon.com/images/P/055357258X.01.MZZZZZZZ.jpg,http://images.amazon.com/images/P/055357258X.01.LZZZZZZZ.jpg,The Last Suppers DIANE MOTT DAVIDSON Crimeline,28,7.821428571428571,7.832726621451448
0553574639,The Main Corpse (Culinary Mysteries (Paperback)),Diane Mott Davidson,1997,Bantam Books,http://images.amazon.com/images/P/0553574639.01.THUMBZZZ.jpg,http://images.amazon.com/images/P/0553574639.01.MZZZZZZZ.jpg,http://images.amazon.com/images/P/0553574639.01.LZZZZZZZ.jpg,The Main Corpse (Culinary Mysteries (Paperback)) Diane Mott Davidson Bantam Books,20,8.45,8.149271945741738
0553574671,Prime Cut,Diane Mott Davidson,2000,Bantam Books,http://images.amazon.com/images/P/0553574671.01.THUMBZZZ.jpg,http://images.amazon.com/images/P/0553574671.01.MZZZZZZZ.jpg,http://images.amazon.com/images/P/0553574671.01.LZZZZZZZ.jpg,Prime Cut Diane Mott Davidson Bantam Books,21,7.523809523809524,7.682216532430964
0553576798,The Other Daughter,LISA GARDNER,1999,Bantam,http://images.amazon.com/images/P/0553576798.01.THUMBZZZ.jpg,http://images.amazon.com/images/P/0553576798.01.MZZZZZZZ.jpg,http://images.amazon.com/images/P/0553576798.01.LZZZZZZZ.jpg,The Other Daughter LISA GARDNER Bantam,23,7.782608695652174,7.8132762285969655
0553578359,Chopping Spree,Diane Mott Davidson,2003,Bantam Books,http://images.amazon.com/images/P/0553578359.01.THUMBZZZ.jpg,http://images.amazon.com/images/P/0553578359.01.MZZZZZZZ.jpg,http://images.amazon.com/images/P/0553578359.01.LZZZZZZZ.jpg,Chopping Spree Diane Mott Davidson Bantam Books,15,7.6,7.7420250808477
1551669498,Girls Night,Stef Ann Holm,2002,Mira,http://images.amazon.com/images/P/1551669498.01.THUMBZZZ.jpg,http://images.amazon.com/images/P/1551669498.01.MZZZZZZZ.jpg,http://images.amazon.com/images/P/1551669498.01.LZZZZZZZ.jpg,Girls Night Stef Ann Holm Mira,17,6.882352941176471,7.404618319720798
0553268880,The Prince of Tides,Pat Conroy,1987,Bantam Books,http://images.amazon.com/images/P/0553268880.01.THUMBZZZ.jpg,http://images.amazon.com/images/P/0553268880.01.MZZZZZZZ.jpg,http://images.amazon.com/images/P/0553268880.01.LZZZZZZZ.jpg,The Prince of Tides Pat Conroy Bantam Books,56,8.160714285714286,8.078564181969336
0553280414,A Separate Peace,John Knowles,1985,Bantam Books,http://images.amazon.com/images/P/0553280414.01.THUMBZZZ.jpg,http://images.amazon.com/images/P/0553280414.01.MZZZZZZZ.jpg,http://images.amazon.com/images/P/0553280414.01.LZZZZZZZ.jpg,A Separate Peace John Knowles Bantam Books,39,7.358974358974359,7.524930132706262
0446606324,The Winner,David Baldacci,1998,Warner Vision,http://images.amazon.com/images/P/0446606324.01.THUMBZZZ.jpg,http://images.amazon.com/images/P/0446606324.01.MZZZZZZZ.jpg,http://images.amazon.com/images/P/0446606324.01.LZZZZZZZ.jpg,The Winner David Baldacci Warner Vision,36,7.611111111111111,7.69590853267267
0743224574,A Beautiful Mind: The Life of Mathematical Genius and Nobel Laureate John Nash,Sylvia Nasar,2001,Simon & Schuster,http://images.amazon.com/images/P/0743224574.01.THUMBZZZ.jpg,http://images.amazon.com/images/P/0743224574.01.MZZZZZZZ.jpg,http://images.amazon.com/images/P/0743224574.01.LZZZZZZZ.jpg,A Beautiful Mind: The Life of Mathematical Genius and Nobel Laureate John Nash Sylvia Nasar Simon & Schuster,34,7.705882352941177,7.758719959808695
0553578308,Tough Cookie,Diane Mott Davidson,2001,Bantam Books,http://images.amazon.com/images/P/0553578308.01.THUMBZZZ.jpg,http://images.amazon.com/images/P/0553578308.01.MZZZZZZZ.jpg,http://images.amazon.com/images/P/0553578308.01.LZZZZZZZ.jpg,Tough Cookie Diane Mott Davidson Bantam Books,23,7.565217391304348,7.696997158829523
0671038567,Body of Evidence,Patricia Cornwell,1999,Pocket,http://images.amazon.com/images/P/0671038567.01.THUMBZZZ.jpg,http://images.amazon.com/images/P/0671038567.01.MZZZZZZZ.jpg,http://images.amazon.com/images/P/0671038567.01.LZZZZZZZ.jpg,Body of Evidence Patricia Cornwell Pocket,17,7.588235294117647,7.728942644045123
0064400026,Little House on the Prairie,Laura Ingalls Wilder,1953,HarperTrophy,http://images.amazon.com/images/P/0064400026.01.THUMBZZZ.jpg,http://images.amazon.com/images/P/0064400026.01.MZZZZZZZ.jpg,http://images.amazon.com/images/P/0064400026.01.LZZZZZZZ.jpg,Little House on the Prairie Laura Ingalls Wilder HarperTrophy,24,8.0,7.9311563143106705
0156006529,Where or When  : A Novel,Anita Shreve,1999,Harvest Books,http://images.amazon.com/images/P/0156006529.01.THUMBZZZ.jpg,http://images.amazon.com/images/P/0156006529.01.MZZZZZZZ.jpg,http://images.amazon.com/images/P/0156006529.01.LZZZZZZZ.jpg,Where or When  : A Novel Anita Shreve Harvest Books,20,7.2,7.524271945741738
0156528207,The Little Prince,Antoine de Saint-ExupÃ©ry,1968,Harcourt,http://images.amazon.com/images/P/0156528207.01.THUMBZZZ.jpg,http://images.amazon.com/images/P/0156528207.01.MZZZZZZZ.jpg,http://images.amazon.com/images/P/0156528207.01.LZZZZZZZ.jpg,The Little Prince Antoine de Saint-ExupÃ©ry Harcourt,32,9.125,8.634055342878261
0312978383,Winter Solstice,Rosamunde Pilcher,2001,St. Martin's Paperbacks,http://images.amazon.com/images/P/0312978383.01.THUMBZZZ.jpg,http://images.amazon.com/images/P/0312978383.01.MZZZZZZZ.jpg,http://images.amazon.com/images/P/0312978383.01.LZZZZZZZ.jpg,Winter Solstice Rosamunde Pilcher St. Martin's Paperbacks,19,8.052631578947368,7.947971226401782
0440207770,Silver Wedding,Maeve Binchy,1990,Dell,http://images.amazon.com/images/P/0440207770.01.THUMBZZZ.jpg,http://images.amazon.com/images/P/0440207770.01.MZZZZZZZ.jpg,http://images.amazon.com/images/P/0440207770.01.LZZZZZZZ.jpg,Silver Wedding Maeve Binchy Dell,20,7.4,7.624271945741738
0446603716,Hide & Seek,James Patterson,1996,Warner Books,http://images.amazon.com/images/P/0446603716.01.THUMBZZZ.jpg,http://images.amazon.com/images/P/0446603716.01.MZZZZZZZ.jpg,http://images.amazon.com/images/P/0446603716.01.LZZZZZZZ.jpg,Hide & Seek James Patterson Warner Books,35,7.685714285714286,7.744925051448536
0446679364,The Future Homemakers of America,Laurie Graham,2002,Warner Books,http://images.amazon.com/images/P/0446679364.01.THUMBZZZ.jpg,http://images.amazon.com/images/P/0446679364.01.MZZZZZZZ.jpg,http://images.amazon.com/images/P/0446679364.01.LZZZZZZZ.jpg,The Future Homemakers of America Laurie Graham Warner Books,27,7.7407407407407405,7.786614421907862
0451409973,Julie and Romeo: A Novel,Jeanne Ray,2001,Onyx Books,http://images.amazon.com/images/P/0451409973.01.THUMBZZZ.jpg,http://images.amazon.com/images/P/0451409973.01.MZZZZZZZ.jpg,http://images.amazon.com/images/P/0451409973.01.LZZZZZZZ.jpg,Julie and Romeo: A Novel Jeanne Ray Onyx Books,21,7.571428571428571,7.706606776333403
051511779X,Born in Shame,Nora Roberts,1996,Jove Books,http://images.amazon.com/images/P/051511779X.01.THUMBZZZ.jpg,http://images.amazon.com/images/P/051511779X.01.MZZZZZZZ.jpg,http://images.amazon.com/images/P/051511779X.01.LZZZZZZZ.jpg,Born in Shame Nora Roberts Jove Books,28,8.071428571428571,7.978559954784782
055358264X,Dream Country,Luanne Rice,2002,Bantam Books,http://images.amazon.com/images/P/055358264X.01.THUMBZZZ.jpg,http://images.amazon.com/images/P/055358264X.01.MZZZZZZZ.jpg,http://images.amazon.com/images/P/055358264X.01.LZZZZZZZ.jpg,Dream Country Luanne Rice Bantam Books,17,7.529411764705882,7.701915617018096
0671708635,Seven Habits Of Highly Effective People,Stephen R. Covey,1990,Free Press,http://images.amazon.com/images/P/0671708635.01.THUMBZZZ.jpg,http://images.amazon.com/images/P/0671708635.01.MZZZZZZZ.jpg,http://images.amazon.com/images/P/0671708635.01.LZZZZZZZ.jpg,Seven Habits Of Highly Effective People Stephen R. Covey Free Press,28,6.642857142857143,7.145226621451449
0786866020,Fish! A Remarkable Way to Boost Morale and Improve Results,Stephen C. Lundin,2000,Hyperion,http://images.amazon.com/images/P/0786866020.01.THUMBZZZ.jpg,http://images.amazon.com/images/P/0786866020.01.MZZZZZZZ.jpg,http://images.amazon.com/images/P/0786866020.01.LZZZZZZZ.jpg,Fish! A Remarkable Way to Boost Morale and Improve Results Stephen C. Lundin Hyperion,12,8.0,7.9053399321771725
080213825X,Four Blondes,Candace Bushnell,2001,Grove Press,http://images.amazon.com/images/P/080213825X.01.THUMBZZZ.jpg,http://images.amazon.com/images/P/080213825X.01.MZZZZZZZ.jpg,http://images.amazon.com/images/P/080213825X.01.LZZZZZZZ.jpg,Four Blondes Candace Bushnell Grove Press,30,5.766666666666667,6.599417556593391
014023313X,The Stone Diaries,Carol Shields,1995,Penguin Books,http://images.amazon.com/images/P/014023313X.01.THUMBZZZ.jpg,http://images.amazon.com/images/P/014023313X.01.MZZZZZZZ.jpg,http://images.amazon.com/images/P/014023313X.01.LZZZZZZZ.jpg,The Stone Diaries Carol Shields Penguin Books,48,7.395833333333333,7.52898349749514
0385425473,Wild Swans: Three Daughters of China,JUNG CHANG,1992,Anchor,http://images.amazon.com/images/P/0385425473.01.THUMBZZZ.jpg,http://images.amazon.com/images/P/0385425473.01.MZZZZZZZ.jpg,http://images.amazon.com/images/P/0385425473.01.LZZZZZZZ.jpg,Wild Swans: Three Daughters of China JUNG CHANG Anchor,16,8.375,8.082524384157486
038572179X,Atonement : A Novel,IAN MCEWAN,2003,Anchor,http://images.amazon.com/images/P/038572179X.01.THUMBZZZ.jpg,http://images.amazon.com/images/P/038572179X.01.MZZZZZZZ.jpg,http://images.amazon.com/images/P/038572179X.01.LZZZZZZZ.jpg,Atonement : A Novel IAN MCEWAN Anchor,53,7.547169811320755,7.629738052461226
0440127793,Galapagos,"Kurt, Jr. Vonnegut",1986,Dell,http://images.amazon.com/images/P/0440127793.01.THUMBZZZ.jpg,http://images.amazon.com/images/P/0440127793.01.MZZZZZZZ.jpg,http://images.amazon.com/images/P/0440127793.01.LZZZZZZZ.jpg,"Galapagos Kurt, Jr. Vonnegut Dell",23,7.521739130434782,7.673741344876035
0553580515,Passage,Connie Willis,2002,Bantam Books,http://images.amazon.com/images/P/0553580515.01.THUMBZZZ.jpg,http://images.amazon.com/images/P/0553580515.01.MZZZZZZZ.jpg,http://images.amazon.com/images/P/0553580515.01.LZZZZZZZ.jpg,Passage Connie Willis Bantam Books,16,8.125,7.971413273046375
0684801051,TIME AND AGAIN,Jack Finney,1995,Touchstone,http://images.amazon.com/images/P/0684801051.01.THUMBZZZ.jpg,http://images.amazon.com/images/P/0684801051.01.MZZZZZZZ.jpg,http://images.amazon.com/images/P/0684801051.01.LZZZZZZZ.jpg,TIME AND AGAIN Jack Finney Touchstone,14,8.642857142857142,8.17561405381381
0891073906,This Present Darkness,Frank E. Peretti,1986,Crossway Books,http://images.amazon.com/images/P/0891073906.01.THUMBZZZ.jpg,http://images.amazon.com/images/P/0891073906.01.MZZZZZZZ.jpg,http://images.amazon.com/images/P/0891073906.01.LZZZZZZZ.jpg,This Present Darkness Frank E. Peretti Crossway Books,15,8.466666666666667,8.113453652276272
0743236742,The Ultimate Weight Solution: The 7 Keys to Weight Loss Freedom,Phil McGraw,2003,Free Press,http://images.amazon.com/images/P/0743236742.01.THUMBZZZ.jpg,http://images.amazon.com/images/P/0743236742.01.MZZZZZZZ.jpg,http://images.amazon.com/images/P/0743236742.01.LZZZZZZZ.jpg,The Ultimate Weight Solution: The 7 Keys to Weight Loss Freedom Phil McGraw Free Press,17,8.529411764705882,8.161375076477555
0767903862,In a Sunburned Country,Bill Bryson,2001,Broadway Books,http://images.amazon.com/images/P/0767903862.01.THUMBZZZ.jpg,http://images.amazon.com/images/P/0767903862.01.MZZZZZZZ.jpg,http://images.amazon.com/images/P/0767903862.01.LZZZZZZZ.jpg,In a Sunburned Country Bill Bryson Broadway Books,12,8.333333333333334,8.030339932177172
0553571818,Long After Midnight,IRIS JOHANSEN,1997,Bantam,http://images.amazon.com/images/P/0553571818.01.THUMBZZZ.jpg,http://images.amazon.com/images/P/0553571818.01.MZZZZZZZ.jpg,http://images.amazon.com/images/P/0553571818.01.LZZZZZZZ.jpg,Long After Midnight IRIS JOHANSEN Bantam,25,7.24,7.510463951770433
0375414053,"I Don't Know How She Does It: The Life of Kate Reddy, Working Mother",Allison Pearson,2002,Alfred A. Knopf,http://images.amazon.com/images/P/0375414053.01.THUMBZZZ.jpg,http://images.amazon.com/images/P/0375414053.01.MZZZZZZZ.jpg,http://images.amazon.com/images/P/0375414053.01.LZZZZZZZ.jpg,"I Don't Know How She Does It: The Life of Kate Reddy, Working Mother Allison Pearson Alfred A. Knopf",25,7.8,7.821575062881545
0515127833,River's End,Nora Roberts,2003,Jove Books,http://images.amazon.com/images/P/0515127833.01.THUMBZZZ.jpg,http://images.amazon.com/images/P/0515127833.01.MZZZZZZZ.jpg,http://images.amazon.com/images/P/0515127833.01.LZZZZZZZ.jpg,River's End Nora Roberts Jove Books,31,7.516129032258065,7.646487800581754
0684810395,Pretend You Don't See Her,Mary Higgins Clark,1997,Simon & Schuster,http://images.amazon.com/images/P/0684810395.01.THUMBZZZ.jpg,http://images.amazon.com/images/P/0684810395.01.MZZZZZZZ.jpg,http://images.amazon.com/images/P/0684810395.01.LZZZZZZZ.jpg,Pretend You Don't See Her Mary Higgins Clark Simon & Schuster,21,7.571428571428571,7.706606776333403
0385315236,The Horse Whisperer,Nicholas Evans,1995,Delacorte Press,http://images.amazon.com/images/P/0385315236.01.THUMBZZZ.jpg,http://images.amazon.com/images/P/0385315236.01.MZZZZZZZ.jpg,http://images.amazon.com/images/P/0385315236.01.LZZZZZZZ.jpg,The Horse Whisperer Nicholas Evans Delacorte Press,23,7.434782608695652,7.627229716969058
0425129586,And Then There Were None,Agatha Christie,1995,Berkley Publishing Group,http://images.amazon.com/images/P/0425129586.01.THUMBZZZ.jpg,http://images.amazon.com/images/P/0425129586.01.MZZZZZZZ.jpg,http://images.amazon.com/images/P/0425129586.01.LZZZZZZZ.jpg,And Then There Were None Agatha Christie Berkley Publishing Group,20,7.85,7.849271945741737
0060934913,Kitchen Confidential: Adventures in the Culinary Underbelly,Anthony Bourdain,2001,Ecco,http://images.amazon.com/images/P/0060934913.01.THUMBZZZ.jpg,http://images.amazon.com/images/P/0060934913.01.MZZZZZZZ.jpg,http://images.amazon.com/images/P/0060934913.01.LZZZZZZZ.jpg,Kitchen Confidential: Adventures in the Culinary Underbelly Anthony Bourdain Ecco,16,8.0625,7.943635495268597
0156007479,Slammerkin,Emma Donoghue,2002,Harvest Books,http://images.amazon.com/images/P/0156007479.01.THUMBZZZ.jpg,http://images.amazon.com/images/P/0156007479.01.MZZZZZZZ.jpg,http://images.amazon.com/images/P/0156007479.01.LZZZZZZZ.jpg,Slammerkin Emma Donoghue Harvest Books,23,8.0,7.9295552983644075
0316143464,Dress Your Family in Corduroy and Denim,David Sedaris,2004,"Little, Brown",http://images.amazon.com/images/P/0316143464.01.THUMBZZZ.jpg,http://images.amazon.com/images/P/0316143464.01.MZZZZZZZ.jpg,http://images.amazon.com/images/P/0316143464.01.LZZZZZZZ.jpg,"Dress Your Family in Corduroy and Denim David Sedaris Little, Brown",20,8.15,7.999271945741738
0316780375,The Weight of Water : A Novel Tag: Author of Resistance and Strange Fits of Passion,Anita Shreve,1998,Back Bay Books,http://images.amazon.com/images/P/0316780375.01.THUMBZZZ.jpg,http://images.amazon.com/images/P/0316780375.01.MZZZZZZZ.jpg,http://images.amazon.com/images/P/0316780375.01.LZZZZZZZ.jpg,The Weight of Water : A Novel Tag: Author of Resistance and Strange Fits of Passion Anita Shreve Back Bay Books,43,7.348837209302325,7.507474251264595
0316781266,The Last Time They Met : A Novel,Anita Shreve,2002,Back Bay Books,http://images.amazon.com/images/P/0316781266.01.THUMBZZZ.jpg,http://images.amazon.com/images/P/0316781266.01.MZZZZZZZ.jpg,http://images.amazon.com/images/P/0316781266.01.LZZZZZZZ.jpg,The Last Time They Met : A Novel Anita Shreve Back Bay Books,54,6.87037037037037,7.134741592292832
0375412824,The Dive From Clausen's Pier (Alex Awards),ANN PACKER,2002,Knopf,http://images.amazon.com/images/P/0375412824.01.THUMBZZZ.jpg,http://images.amazon.com/images/P/0375412824.01.MZZZZZZZ.jpg,http://images.amazon.com/images/P/0375412824.01.LZZZZZZZ.jpg,The Dive From Clausen's Pier (Alex Awards) ANN PACKER Knopf,35,7.6,7.690379596903082
0449911519,Secret History : A Novel,DONNA TARTT,1996,Ballantine Books,http://images.amazon.com/images/P/0449911519.01.THUMBZZZ.jpg,http://images.amazon.com/images/P/0449911519.01.MZZZZZZZ.jpg,http://images.amazon.com/images/P/0449911519.01.LZZZZZZZ.jpg,Secret History : A Novel DONNA TARTT Ballantine Books,35,8.514285714285714,8.272197778721264
0452269571,Bastard Out of Carolina,Dorothy Allison,1993,Plume Books,http://images.amazon.com/images/P/0452269571.01.THUMBZZZ.jpg,http://images.amazon.com/images/P/0452269571.01.MZZZZZZZ.jpg,http://images.amazon.com/images/P/0452269571.01.LZZZZZZZ.jpg,Bastard Out of Carolina Dorothy Allison Plume Books,46,8.23913043478261,8.120770876207114
0452281784,Bad Heir Day,Wendy Holden,2001,Plume Books,http://images.amazon.com/images/P/0452281784.01.THUMBZZZ.jpg,http://images.amazon.com/images/P/0452281784.01.MZZZZZZZ.jpg,http://images.amazon.com/images/P/0452281784.01.LZZZZZZZ.jpg,Bad Heir Day Wendy Holden Plume Books,22,6.636363636363637,7.213592329277846
0525945938,Scarlet Feather,Maeve Binchy,2001,Dutton Books,http://images.amazon.com/images/P/0525945938.01.THUMBZZZ.jpg,http://images.amazon.com/images/P/0525945938.01.MZZZZZZZ.jpg,http://images.amazon.com/images/P/0525945938.01.LZZZZZZZ.jpg,Scarlet Feather Maeve Binchy Dutton Books,11,7.2727272727272725,7.6442218654732095
0743225422,The Shipping News : A Novel,Annie Proulx,2001,Scribner,http://images.amazon.com/images/P/0743225422.01.THUMBZZZ.jpg,http://images.amazon.com/images/P/0743225422.01.MZZZZZZZ.jpg,http://images.amazon.com/images/P/0743225422.01.LZZZZZZZ.jpg,The Shipping News : A Novel Annie Proulx Scribner,11,7.818181818181818,7.837770252569984
076790592X,"Tuesdays with Morrie: An Old Man, a Young Man, and Life's Greatest Lesson",Mitch Albom,2002,Broadway,http://images.amazon.com/images/P/076790592X.01.THUMBZZZ.jpg,http://images.amazon.com/images/P/076790592X.01.MZZZZZZZ.jpg,http://images.amazon.com/images/P/076790592X.01.LZZZZZZZ.jpg,"Tuesdays with Morrie: An Old Man, a Young Man, and Life's Greatest Lesson Mitch Albom Broadway",28,8.607142857142858,8.291059954784782
1573220876,About a Boy,Nick Hornby,1998,Riverhead Books,http://images.amazon.com/images/P/1573220876.01.THUMBZZZ.jpg,http://images.amazon.com/images/P/1573220876.01.MZZZZZZZ.jpg,http://images.amazon.com/images/P/1573220876.01.LZZZZZZZ.jpg,About a Boy Nick Hornby Riverhead Books,17,7.823529411764706,7.837050752153231
0399145885,Atlantis Found (Dirk Pitt Adventures (Hardcover)),Clive Cussler,1999,Putnam Publishing Group,http://images.amazon.com/images/P/0399145885.01.THUMBZZZ.jpg,http://images.amazon.com/images/P/0399145885.01.MZZZZZZZ.jpg,http://images.amazon.com/images/P/0399145885.01.LZZZZZZZ.jpg,Atlantis Found (Dirk Pitt Adventures (Hardcover)) Clive Cussler Putnam Publishing Group,11,8.363636363636363,8.031318639666758
0553580221,False Memory,Dean R. Koontz,2000,Bantam Books,http://images.amazon.com/images/P/0553580221.01.THUMBZZZ.jpg,http://images.amazon.com/images/P/0553580221.01.MZZZZZZZ.jpg,http://images.amazon.com/images/P/0553580221.01.LZZZZZZZ.jpg,False Memory Dean R. Koontz Bantam Books,52,7.75,7.777373303189854
0446518581,Border Music,Robert James Waller,1995,Warner Books,http://images.amazon.com/images/P/0446518581.01.THUMBZZZ.jpg,http://images.amazon.com/images/P/0446518581.01.MZZZZZZZ.jpg,http://images.amazon.com/images/P/0446518581.01.LZZZZZZZ.jpg,Border Music Robert James Waller Warner Books,13,6.153846153846154,7.180935691808168
0679426159,Standing in the Rainbow : A Novel,FANNIE FLAGG,2002,Random House,http://images.amazon.com/images/P/0679426159.01.THUMBZZZ.jpg,http://images.amazon.com/images/P/0679426159.01.MZZZZZZZ.jpg,http://images.amazon.com/images/P/0679426159.01.LZZZZZZZ.jpg,Standing in the Rainbow : A Novel FANNIE FLAGG Random House,24,8.041666666666666,7.953883587037943
0140258795,Longitude: The True Story of a Lone Genius Who Solved the Greatest Scientific Problem of His Time,Dava Sobel,1996,Penguin Books,http://images.amazon.com/images/P/0140258795.01.THUMBZZZ.jpg,http://images.amazon.com/images/P/0140258795.01.MZZZZZZZ.jpg,http://images.amazon.com/images/P/0140258795.01.LZZZZZZZ.jpg,Longitude: The True Story of a Lone Genius Who Solved the Greatest Scientific Problem of His Time Dava Sobel Penguin Books,19,8.157894736842104,7.999253277683833
0375756981,The Vagina Monologues: The V-Day Edition,Eve Ensler,2000,Villard Books,http://images.amazon.com/images/P/0375756981.01.THUMBZZZ.jpg,http://images.amazon.com/images/P/0375756981.01.MZZZZZZZ.jpg,http://images.amazon.com/images/P/0375756981.01.LZZZZZZZ.jpg,The Vagina Monologues: The V-Day Edition Eve Ensler Villard Books,28,7.607142857142857,7.707726621451448
0385498721,Survivor : A Novel,CHUCK PALAHNIUK,2000,Anchor,http://images.amazon.com/images/P/0385498721.01.THUMBZZZ.jpg,http://images.amazon.com/images/P/0385498721.01.MZZZZZZZ.jpg,http://images.amazon.com/images/P/0385498721.01.LZZZZZZZ.jpg,Survivor : A Novel CHUCK PALAHNIUK Anchor,23,8.347826086956522,8.115601809992313
0393319296,Invisible Monsters,Chuck Palahniuk,1999,W.W. Norton & Company,http://images.amazon.com/images/P/0393319296.01.THUMBZZZ.jpg,http://images.amazon.com/images/P/0393319296.01.MZZZZZZZ.jpg,http://images.amazon.com/images/P/0393319296.01.LZZZZZZZ.jpg,Invisible Monsters Chuck Palahniuk W.W. Norton & Company,27,7.518518518518518,7.658954847439777
0451456521,Lady of Avalon,Marion Zimmer Bradley,1998,Roc,http://images.amazon.com/images/P/0451456521.01.THUMBZZZ.jpg,http://images.amazon.com/images/P/0451456521.01.MZZZZZZZ.jpg,http://images.amazon.com/images/P/0451456521.01.LZZZZZZZ.jpg,Lady of Avalon Marion Zimmer Bradley Roc,17,7.529411764705882,7.701915617018096
0802132758,Rosencrantz & Guildenstern Are Dead,Tom Stoppard,1991,Grove Press,http://images.amazon.com/images/P/0802132758.01.THUMBZZZ.jpg,http://images.amazon.com/images/P/0802132758.01.MZZZZZZZ.jpg,http://images.amazon.com/images/P/0802132758.01.LZZZZZZZ.jpg,Rosencrantz & Guildenstern Are Dead Tom Stoppard Grove Press,11,8.181818181818182,7.9668025106345
081297106X,Reading Lolita in Tehran: A Memoir in Books,Azar Nafisi,2003,Random House Trade Paperbacks,http://images.amazon.com/images/P/081297106X.01.THUMBZZZ.jpg,http://images.amazon.com/images/P/081297106X.01.MZZZZZZZ.jpg,http://images.amazon.com/images/P/081297106X.01.LZZZZZZZ.jpg,Reading Lolita in Tehran: A Memoir in Books Azar Nafisi Random House Trade Paperbacks,18,8.944444444444445,8.367654679728144
014023828X,The Tortilla Curtain,T. Coraghessan Boyle,1996,Penguin Books,http://images.amazon.com/images/P/014023828X.01.THUMBZZZ.jpg,http://images.amazon.com/images/P/014023828X.01.MZZZZZZZ.jpg,http://images.amazon.com/images/P/014023828X.01.LZZZZZZZ.jpg,The Tortilla Curtain T. Coraghessan Boyle Penguin Books,17,7.764705882352941,7.810023725126204
0316678104,Fortune's Rocks : A Novel,Anita Shreve,2001,Back Bay Books,http://images.amazon.com/images/P/0316678104.01.THUMBZZZ.jpg,http://images.amazon.com/images/P/0316678104.01.MZZZZZZZ.jpg,http://images.amazon.com/images/P/0316678104.01.LZZZZZZZ.jpg,Fortune's Rocks : A Novel Anita Shreve Back Bay Books,26,8.038461538461538,7.955888648471076
0452282195,The Bluest Eye,Toni Morrison,2000,Plume Books,http://images.amazon.com/images/P/0452282195.01.THUMBZZZ.jpg,http://images.amazon.com/images/P/0452282195.01.MZZZZZZZ.jpg,http://images.amazon.com/images/P/0452282195.01.LZZZZZZZ.jpg,The Bluest Eye Toni Morrison Plume Books,38,7.157894736842105,7.396049617752922
0894805770,What to Expect the First Year,Arlene Eisenberg,1989,Workman Publishing,http://images.amazon.com/images/P/0894805770.01.THUMBZZZ.jpg,http://images.amazon.com/images/P/0894805770.01.MZZZZZZZ.jpg,http://images.amazon.com/images/P/0894805770.01.LZZZZZZZ.jpg,What to Expect the First Year Arlene Eisenberg Workman Publishing,32,8.1875,8.057132265955183
067088300X,The Girls' Guide to Hunting and Fishing,Melissa Bank,1999,Viking Books,http://images.amazon.com/images/P/067088300X.01.THUMBZZZ.jpg,http://images.amazon.com/images/P/067088300X.01.MZZZZZZZ.jpg,http://images.amazon.com/images/P/067088300X.01.LZZZZZZZ.jpg,The Girls' Guide to Hunting and Fishing Melissa Bank Viking Books,47,6.914893617021277,7.193595191487605
0688177867,The Book Borrower: A Novel,Alice Mattison,2000,Perennial,http://images.amazon.com/images/P/0688177867.01.THUMBZZZ.jpg,http://images.amazon.com/images/P/0688177867.01.MZZZZZZZ.jpg,http://images.amazon.com/images/P/0688177867.01.LZZZZZZZ.jpg,The Book Borrower: A Novel Alice Mattison Perennial,15,6.2,7.1420250808477
0345453816,Killjoy,Julie Garwood,2003,Ballantine Books,http://images.amazon.com/images/P/0345453816.01.THUMBZZZ.jpg,http://images.amazon.com/images/P/0345453816.01.MZZZZZZZ.jpg,http://images.amazon.com/images/P/0345453816.01.LZZZZZZZ.jpg,Killjoy Julie Garwood Ballantine Books,22,7.681818181818182,7.7612113768968936
0399142282,Hornet's Nest,Patricia Daniels Cornwell,1997,Putnam Publishing Group,http://images.amazon.com/images/P/0399142282.01.THUMBZZZ.jpg,http://images.amazon.com/images/P/0399142282.01.MZZZZZZZ.jpg,http://images.amazon.com/images/P/0399142282.01.LZZZZZZZ.jpg,Hornet's Nest Patricia Daniels Cornwell Putnam Publishing Group,24,6.291666666666667,6.999338132492489
0451188462,Desperation,Stephen King,1997,Signet Book,http://images.amazon.com/images/P/0451188462.01.THUMBZZZ.jpg,http://images.amazon.com/images/P/0451188462.01.MZZZZZZZ.jpg,http://images.amazon.com/images/P/0451188462.01.LZZZZZZZ.jpg,Desperation Stephen King Signet Book,36,7.25,7.463765675529814
0670868361,Desperation,Stephen King,1996,Viking Books,http://images.amazon.com/images/P/0670868361.01.THUMBZZZ.jpg,http://images.amazon.com/images/P/0670868361.01.MZZZZZZZ.jpg,http://images.amazon.com/images/P/0670868361.01.LZZZZZZZ.jpg,Desperation Stephen King Viking Books,29,7.896551724137931,7.8769566904014185
0670894184,Back Roads,Tawni O'Dell,2000,Viking Books,http://images.amazon.com/images/P/0670894184.01.THUMBZZZ.jpg,http://images.amazon.com/images/P/0670894184.01.MZZZZZZZ.jpg,http://images.amazon.com/images/P/0670894184.01.LZZZZZZZ.jpg,Back Roads Tawni O'Dell Viking Books,21,7.0476190476190474,7.438314093406573
0786866276,Mother of Pearl,Melinda Haynes,1999,Hyperion,http://images.amazon.com/images/P/0786866276.01.THUMBZZZ.jpg,http://images.amazon.com/images/P/0786866276.01.MZZZZZZZ.jpg,http://images.amazon.com/images/P/0786866276.01.LZZZZZZZ.jpg,Mother of Pearl Melinda Haynes Hyperion,15,7.333333333333333,7.627739366561985
0812570944,What Dreams May Come : A Novel,Richard Matheson,1998,Tor Books,http://images.amazon.com/images/P/0812570944.01.THUMBZZZ.jpg,http://images.amazon.com/images/P/0812570944.01.MZZZZZZZ.jpg,http://images.amazon.com/images/P/0812570944.01.LZZZZZZZ.jpg,What Dreams May Come : A Novel Richard Matheson Tor Books,31,8.225806451612904,8.077860349601362
0440204208,Blood Shot (V.I. Warshawski Novels (Paperback)),Sara Paretsky,1989,Dell,http://images.amazon.com/images/P/0440204208.01.THUMBZZZ.jpg,http://images.amazon.com/images/P/0440204208.01.MZZZZZZZ.jpg,http://images.amazon.com/images/P/0440204208.01.LZZZZZZZ.jpg,Blood Shot (V.I. Warshawski Novels (Paperback)) Sara Paretsky Dell,16,7.375,7.638079939713042
0553293354,Foundation (Foundation Novels (Paperback)),ISAAC ASIMOV,1991,Spectra,http://images.amazon.com/images/P/0553293354.01.THUMBZZZ.jpg,http://images.amazon.com/images/P/0553293354.01.MZZZZZZZ.jpg,http://images.amazon.com/images/P/0553293354.01.LZZZZZZZ.jpg,Foundation (Foundation Novels (Paperback)) ISAAC ASIMOV Spectra,16,8.3125,8.054746606379709
0553562738,Doomsday Book,Connie Willis,1993,Spectra Books,http://images.amazon.com/images/P/0553562738.01.THUMBZZZ.jpg,http://images.amazon.com/images/P/0553562738.01.MZZZZZZZ.jpg,http://images.amazon.com/images/P/0553562738.01.LZZZZZZZ.jpg,Doomsday Book Connie Willis Spectra Books,26,8.76923076923077,8.368932126731945
0425105334,The Talisman,Stephen King,1991,Berkley Publishing Group,http://images.amazon.com/images/P/0425105334.01.THUMBZZZ.jpg,http://images.amazon.com/images/P/0425105334.01.MZZZZZZZ.jpg,http://images.amazon.com/images/P/0425105334.01.LZZZZZZZ.jpg,The Talisman Stephen King Berkley Publishing Group,23,8.08695652173913,7.976066926271384
0440220653,The Face on the Milk Carton,Caroline B. Cooney,1991,Laure Leaf,http://images.amazon.com/images/P/0440220653.01.THUMBZZZ.jpg,http://images.amazon.com/images/P/0440220653.01.MZZZZZZZ.jpg,http://images.amazon.com/images/P/0440220653.01.LZZZZZZZ.jpg,The Face on the Milk Carton Caroline B. Cooney Laure Leaf,16,7.875,7.860302161935264
0451172817,Needful Things,Stephen King,2004,Signet Book,http://images.amazon.com/images/P/0451172817.01.THUMBZZZ.jpg,http://images.amazon.com/images/P/0451172817.01.MZZZZZZZ.jpg,http://images.amazon.com/images/P/0451172817.01.LZZZZZZZ.jpg,Needful Things Stephen King Signet Book,57,8.105263157894736,8.038582828956747
0425180638,The Last Precinct,Patricia Cornwell,2001,Berkley Publishing Group,http://images.amazon.com/images/P/0425180638.01.THUMBZZZ.jpg,http://images.amazon.com/images/P/0425180638.01.MZZZZZZZ.jpg,http://images.amazon.com/images/P/0425180638.01.LZZZZZZZ.jpg,The Last Precinct Patricia Cornwell Berkley Publishing Group,60,7.4,7.51213597287087
034538430X,TickTock,Dean R. Koontz,1997,Ballantine Books,http://images.amazon.com/images/P/034538430X.01.THUMBZZZ.jpg,http://images.amazon.com/images/P/034538430X.01.MZZZZZZZ.jpg,http://images.amazon.com/images/P/034538430X.01.LZZZZZZZ.jpg,TickTock Dean R. Koontz Ballantine Books,17,7.764705882352941,7.810023725126204
0425092917,The Accidental Tourist,Anne Tyler,1994,Berkley Publishing Group,http://images.amazon.com/images/P/0425092917.01.THUMBZZZ.jpg,http://images.amazon.com/images/P/0425092917.01.MZZZZZZZ.jpg,http://images.amazon.com/images/P/0425092917.01.LZZZZZZZ.jpg,The Accidental Tourist Anne Tyler Berkley Publishing Group,22,7.636363636363637,7.73740185308737
0671011367,Deja Dead,Kathy Reichs,1998,Pocket,http://images.amazon.com/images/P/0671011367.01.THUMBZZZ.jpg,http://images.amazon.com/images/P/0671011367.01.MZZZZZZZ.jpg,http://images.amazon.com/images/P/0671011367.01.LZZZZZZZ.jpg,Deja Dead Kathy Reichs Pocket,40,7.2,7.416181297161158
0425147517,The Key to Midnight,Dean R. Koontz,1995,Berkley Publishing Group,http://images.amazon.com/images/P/0425147517.01.THUMBZZZ.jpg,http://images.amazon.com/images/P/0425147517.01.MZZZZZZZ.jpg,http://images.amazon.com/images/P/0425147517.01.LZZZZZZZ.jpg,The Key to Midnight Dean R. Koontz Berkley Publishing Group,22,7.818181818181818,7.832639948325465
0515118559,True Betrayals,Nora Roberts,1996,Jove Books,http://images.amazon.com/images/P/0515118559.01.THUMBZZZ.jpg,http://images.amazon.com/images/P/0515118559.01.MZZZZZZZ.jpg,http://images.amazon.com/images/P/0515118559.01.LZZZZZZZ.jpg,True Betrayals Nora Roberts Jove Books,13,7.538461538461538,7.726390237262713
0553295772,Extreme Measures,Michael Palmer,1992,Bantam Books,http://images.amazon.com/images/P/0553295772.01.THUMBZZZ.jpg,http://images.amazon.com/images/P/0553295772.01.MZZZZZZZ.jpg,http://images.amazon.com/images/P/0553295772.01.LZZZZZZZ.jpg,Extreme Measures Michael Palmer Bantam Books,19,7.315789473684211,7.588996867427423
0451190521,The Green Mile: The Mouse on the Mile (Green Mile Series),Stephen King,1996,Signet Book,http://images.amazon.com/images/P/0451190521.01.THUMBZZZ.jpg,http://images.amazon.com/images/P/0451190521.01.MZZZZZZZ.jpg,http://images.amazon.com/images/P/0451190521.01.LZZZZZZZ.jpg,The Green Mile: The Mouse on the Mile (Green Mile Series) Stephen King Signet Book,31,7.774193548387097,7.803350545679795
0451190548,The Green Mile: Coffey's Hands (Green Mile Series),Stephen King,1996,Signet Book,http://images.amazon.com/images/P/0451190548.01.THUMBZZZ.jpg,http://images.amazon.com/images/P/0451190548.01.MZZZZZZZ.jpg,http://images.amazon.com/images/P/0451190548.01.LZZZZZZZ.jpg,The Green Mile: Coffey's Hands (Green Mile Series) Stephen King Signet Book,32,7.875,7.864824573647491
0449208672,The Cater Street Hangman,Anne Perry,1990,Fawcett Books,http://images.amazon.com/images/P/0449208672.01.THUMBZZZ.jpg,http://images.amazon.com/images/P/0449208672.01.MZZZZZZZ.jpg,http://images.amazon.com/images/P/0449208672.01.LZZZZZZZ.jpg,The Cater Street Hangman Anne Perry Fawcett Books,17,7.823529411764706,7.837050752153231
0786867647,Lucky Man: A Memoir,Michael J. Fox,2002,Hyperion,http://images.amazon.com/images/P/0786867647.01.THUMBZZZ.jpg,http://images.amazon.com/images/P/0786867647.01.MZZZZZZZ.jpg,http://images.amazon.com/images/P/0786867647.01.LZZZZZZZ.jpg,Lucky Man: A Memoir Michael J. Fox Hyperion,42,8.523809523809524,8.305981900478539
0425080021,Dune,Frank Herbert,1984,Berkley Publishing Group,http://images.amazon.com/images/P/0425080021.01.THUMBZZZ.jpg,http://images.amazon.com/images/P/0425080021.01.MZZZZZZZ.jpg,http://images.amazon.com/images/P/0425080021.01.LZZZZZZZ.jpg,Dune Frank Herbert Berkley Publishing Group,19,8.105263157894736,7.973612252042807
0440200563,Fine Things,Danielle Steel,1988,Dell,http://images.amazon.com/images/P/0440200563.01.THUMBZZZ.jpg,http://images.amazon.com/images/P/0440200563.01.MZZZZZZZ.jpg,http://images.amazon.com/images/P/0440200563.01.LZZZZZZZ.jpg,Fine Things Danielle Steel Dell,17,7.235294117647059,7.566780481882961
0451454243,The Forest House,Marion Zimmer Bradley,1995,Roc,http://images.amazon.com/images/P/0451454243.01.THUMBZZZ.jpg,http://images.amazon.com/images/P/0451454243.01.MZZZZZZZ.jpg,http://images.amazon.com/images/P/0451454243.01.LZZZZZZZ.jpg,The Forest House Marion Zimmer Bradley Roc,14,7.928571428571429,7.8814964067549855
0553578685,The Third Victim,LISA GARDNER,2001,Bantam,http://images.amazon.com/images/P/0553578685.01.THUMBZZZ.jpg,http://images.amazon.com/images/P/0553578685.01.MZZZZZZZ.jpg,http://images.amazon.com/images/P/0553578685.01.LZZZZZZZ.jpg,The Third Victim LISA GARDNER Bantam,21,8.142857142857142,7.999289703162671
0671443283,SEEDS OF YESTERDY (Dollanger Saga (Paperback)),V.C. Andrews,1984,Pocket,http://images.amazon.com/images/P/0671443283.01.THUMBZZZ.jpg,http://images.amazon.com/images/P/0671443283.01.MZZZZZZZ.jpg,http://images.amazon.com/images/P/0671443283.01.LZZZZZZZ.jpg,SEEDS OF YESTERDY (Dollanger Saga (Paperback)) V.C. Andrews Pocket,15,7.2,7.570596509419128
0671670689,Dawn (Cutler),V.C. Andrews,1990,Pocket,http://images.amazon.com/images/P/0671670689.01.THUMBZZZ.jpg,http://images.amazon.com/images/P/0671670689.01.MZZZZZZZ.jpg,http://images.amazon.com/images/P/0671670689.01.LZZZZZZZ.jpg,Dawn (Cutler) V.C. Andrews Pocket,24,7.375,7.59024722340158
0671695169,Midnight Whispers (Cutler),V.C. Andrews,1992,Pocket,http://images.amazon.com/images/P/0671695169.01.THUMBZZZ.jpg,http://images.amazon.com/images/P/0671695169.01.MZZZZZZZ.jpg,http://images.amazon.com/images/P/0671695169.01.LZZZZZZZ.jpg,Midnight Whispers (Cutler) V.C. Andrews Pocket,21,7.0476190476190474,7.438314093406573
0671759345,Ruby (Landry),V.C. Andrews,1994,Pocket,http://images.amazon.com/images/P/0671759345.01.THUMBZZZ.jpg,http://images.amazon.com/images/P/0671759345.01.MZZZZZZZ.jpg,http://images.amazon.com/images/P/0671759345.01.LZZZZZZZ.jpg,Ruby (Landry) V.C. Andrews Pocket,22,7.681818181818182,7.7612113768968936
0449227421,The Third Twin,Ken Follett,1997,Fawcett Books,http://images.amazon.com/images/P/0449227421.01.THUMBZZZ.jpg,http://images.amazon.com/images/P/0449227421.01.MZZZZZZZ.jpg,http://images.amazon.com/images/P/0449227421.01.LZZZZZZZ.jpg,The Third Twin Ken Follett Fawcett Books,22,7.363636363636363,7.594544710230227
0061098795,The Wailing Wind,Tony Hillerman,2003,HarperTorch,http://images.amazon.com/images/P/0061098795.01.THUMBZZZ.jpg,http://images.amazon.com/images/P/0061098795.01.MZZZZZZZ.jpg,http://images.amazon.com/images/P/0061098795.01.LZZZZZZZ.jpg,The Wailing Wind Tony Hillerman HarperTorch,18,7.611111111111111,7.736075732359724
044922046X,Catering to Nobody,Diane Mott Davidson,1995,Fawcett Books,http://images.amazon.com/images/P/044922046X.01.THUMBZZZ.jpg,http://images.amazon.com/images/P/044922046X.01.MZZZZZZZ.jpg,http://images.amazon.com/images/P/044922046X.01.LZZZZZZZ.jpg,Catering to Nobody Diane Mott Davidson Fawcett Books,24,7.625,7.726610859765216
0449204324,Blue Highways a Journey Into America,William Least Heat-Moon,1983,Ballantine Books,http://images.amazon.com/images/P/0449204324.01.THUMBZZZ.jpg,http://images.amazon.com/images/P/0449204324.01.MZZZZZZZ.jpg,http://images.amazon.com/images/P/0449204324.01.LZZZZZZZ.jpg,Blue Highways a Journey Into America William Least Heat-Moon Ballantine Books,9,7.888888888888889,7.861064752747225
0373483503,Macgregor Brides (Macgregors),Nora Roberts,1997,Silhouette,http://images.amazon.com/images/P/0373483503.01.THUMBZZZ.jpg,http://images.amazon.com/images/P/0373483503.01.MZZZZZZZ.jpg,http://images.amazon.com/images/P/0373483503.01.LZZZZZZZ.jpg,Macgregor Brides (Macgregors) Nora Roberts Silhouette,23,7.956521739130435,7.906299484410919
0441000916,The Laughing Corpse (Anita Blake Vampire Hunter (Paperback)),Laurell K. Hamilton,1994,Ace Books,http://images.amazon.com/images/P/0441000916.01.THUMBZZZ.jpg,http://images.amazon.com/images/P/0441000916.01.MZZZZZZZ.jpg,http://images.amazon.com/images/P/0441000916.01.LZZZZZZZ.jpg,The Laughing Corpse (Anita Blake Vampire Hunter (Paperback)) Laurell K. Hamilton Ace Books,29,8.03448275862069,7.958589343462644
0441002935,The Lunatic Cafe (Anita Blake Vampire Hunter (Paperback)),Laurell K. Hamilton,2001,ACE Charter,http://images.amazon.com/images/P/0441002935.01.THUMBZZZ.jpg,http://images.amazon.com/images/P/0441002935.01.MZZZZZZZ.jpg,http://images.amazon.com/images/P/0441002935.01.LZZZZZZZ.jpg,The Lunatic Cafe (Anita Blake Vampire Hunter (Paperback)) Laurell K. Hamilton ACE Charter,29,8.206896551724139,8.060630159789174
0441004520,Killing Dance (Anita Blake Vampire Hunter (Paperback)),Laurell K. Hamilton,2001,Ace Books,http://images.amazon.com/images/P/0441004520.01.THUMBZZZ.jpg,http://images.amazon.com/images/P/0441004520.01.MZZZZZZZ.jpg,http://images.amazon.com/images/P/0441004520.01.LZZZZZZZ.jpg,Killing Dance (Anita Blake Vampire Hunter (Paperback)) Laurell K. Hamilton Ace Books,28,8.178571428571429,8.041059954784782
0525945725,The Darwin Awards: Evolution in Action,Wendy Northcutt,2000,Dutton Books,http://images.amazon.com/images/P/0525945725.01.THUMBZZZ.jpg,http://images.amazon.com/images/P/0525945725.01.MZZZZZZZ.jpg,http://images.amazon.com/images/P/0525945725.01.LZZZZZZZ.jpg,The Darwin Awards: Evolution in Action Wendy Northcutt Dutton Books,12,8.166666666666666,7.9678399321771725
0811825558,The Worst-Case Scenario Survival Handbook,Joshua Piven,1999,Chronicle Books,http://images.amazon.com/images/P/0811825558.01.THUMBZZZ.jpg,http://images.amazon.com/images/P/0811825558.01.MZZZZZZZ.jpg,http://images.amazon.com/images/P/0811825558.01.LZZZZZZZ.jpg,The Worst-Case Scenario Survival Handbook Joshua Piven Chronicle Books,23,8.08695652173913,7.976066926271384
0821769367,The Night Before,Lisa Jackson,2003,Zebra Books,http://images.amazon.com/images/P/0821769367.01.THUMBZZZ.jpg,http://images.amazon.com/images/P/0821769367.01.MZZZZZZZ.jpg,http://images.amazon.com/images/P/0821769367.01.LZZZZZZZ.jpg,The Night Before Lisa Jackson Zebra Books,15,7.666666666666667,7.7705965094191285
0064405842,"Catherine, Called Birdy (Trophy Newbery)",Karen Cushman,1995,HarperTrophy,http://images.amazon.com/images/P/0064405842.01.THUMBZZZ.jpg,http://images.amazon.com/images/P/0064405842.01.MZZZZZZZ.jpg,http://images.amazon.com/images/P/0064405842.01.LZZZZZZZ.jpg,"Catherine, Called Birdy (Trophy Newbery) Karen Cushman HarperTrophy",18,7.944444444444445,7.893970469201829
0451161351,Cujo,Stephen King,2004,Signet Book,http://images.amazon.com/images/P/0451161351.01.THUMBZZZ.jpg,http://images.amazon.com/images/P/0451161351.01.MZZZZZZZ.jpg,http://images.amazon.com/images/P/0451161351.01.LZZZZZZZ.jpg,Cujo Stephen King Signet Book,31,7.354838709677419,7.54844858489548
0440176484,Secrets,DANIELLE STEEL,1986,Dell,http://images.amazon.com/images/P/0440176484.01.THUMBZZZ.jpg,http://images.amazon.com/images/P/0440176484.01.MZZZZZZZ.jpg,http://images.amazon.com/images/P/0440176484.01.LZZZZZZZ.jpg,Secrets DANIELLE STEEL Dell,20,7.05,7.449271945741738
1551665301,Book Club,Mary Alice Monroe,1999,Mira,http://images.amazon.com/images/P/1551665301.01.THUMBZZZ.jpg,http://images.amazon.com/images/P/1551665301.01.MZZZZZZZ.jpg,http://images.amazon.com/images/P/1551665301.01.LZZZZZZZ.jpg,Book Club Mary Alice Monroe Mira,19,7.894736842105263,7.871048149478705
0316769495,Franny and Zooey,J.D. Salinger,1991,"Little, Brown",http://images.amazon.com/images/P/0316769495.01.THUMBZZZ.jpg,http://images.amazon.com/images/P/0316769495.01.MZZZZZZZ.jpg,http://images.amazon.com/images/P/0316769495.01.LZZZZZZZ.jpg,"Franny and Zooey J.D. Salinger Little, Brown",17,7.529411764705882,7.701915617018096
0061092177,Small Gods (Discworld Novels (Paperback)),Terry Pratchett,1994,HarperTorch,http://images.amazon.com/images/P/0061092177.01.THUMBZZZ.jpg,http://images.amazon.com/images/P/0061092177.01.MZZZZZZZ.jpg,http://images.amazon.com/images/P/0061092177.01.LZZZZZZZ.jpg,Small Gods (Discworld Novels (Paperback)) Terry Pratchett HarperTorch,17,8.529411764705882,8.161375076477555
0345384350,Icebound,Dean R. Koontz,1995,Ballantine Books,http://images.amazon.com/images/P/0345384350.01.THUMBZZZ.jpg,http://images.amazon.com/images/P/0345384350.01.MZZZZZZZ.jpg,http://images.amazon.com/images/P/0345384350.01.LZZZZZZZ.jpg,Icebound Dean R. Koontz Ballantine Books,30,7.566666666666666,7.679417556593391
0440111498,Cat's Cradle,Kurt Vonnegut,1997,Dell Publishing Company,http://images.amazon.com/images/P/0440111498.01.THUMBZZZ.jpg,http://images.amazon.com/images/P/0440111498.01.MZZZZZZZ.jpg,http://images.amazon.com/images/P/0440111498.01.LZZZZZZZ.jpg,Cat's Cradle Kurt Vonnegut Dell Publishing Company,16,8.5625,8.16585771749082
0515090506,The Cat Who Played Brahms,Lilian Jackson Braun,1997,Jove Books,http://images.amazon.com/images/P/0515090506.01.THUMBZZZ.jpg,http://images.amazon.com/images/P/0515090506.01.MZZZZZZZ.jpg,http://images.amazon.com/images/P/0515090506.01.LZZZZZZZ.jpg,The Cat Who Played Brahms Lilian Jackson Braun Jove Books,16,7.1875,7.554746606379709
0842329285,The Indwelling: The Beast Takes Possession (Left Behind #7),Tim Lahaye,2000,Tyndale House Publishers,http://images.amazon.com/images/P/0842329285.01.THUMBZZZ.jpg,http://images.amazon.com/images/P/0842329285.01.MZZZZZZZ.jpg,http://images.amazon.com/images/P/0842329285.01.LZZZZZZZ.jpg,The Indwelling: The Beast Takes Possession (Left Behind #7) Tim Lahaye Tyndale House Publishers,24,8.375,8.135701768856125
0020199600,GREAT GATSBY (REISSUE),F. Scott Fitzgerald,1988,Scribner Paper Fiction,http://images.amazon.com/images/P/0020199600.01.THUMBZZZ.jpg,http://images.amazon.com/images/P/0020199600.01.MZZZZZZZ.jpg,http://images.amazon.com/images/P/0020199600.01.LZZZZZZZ.jpg,GREAT GATSBY (REISSUE) F. Scott Fitzgerald Scribner Paper Fiction,18,8.222222222222221,8.02554941657025
0446322180,Name of the Rose-Nla,Umberto Eco,1984,Warner Books,http://images.amazon.com/images/P/0446322180.01.THUMBZZZ.jpg,http://images.amazon.com/images/P/0446322180.01.MZZZZZZZ.jpg,http://images.amazon.com/images/P/0446322180.01.LZZZZZZZ.jpg,Name of the Rose-Nla Umberto Eco Warner Books,18,7.777777777777778,7.815023100780777
0684832291,My Gal Sunday,Mary Higgins Clark,1996,Simon & Schuster,http://images.amazon.com/images/P/0684832291.01.THUMBZZZ.jpg,http://images.amazon.com/images/P/0684832291.01.MZZZZZZZ.jpg,http://images.amazon.com/images/P/0684832291.01.LZZZZZZZ.jpg,My Gal Sunday Mary Higgins Clark Simon & Schuster,17,7.0588235294117645,7.485699400801879
0446364495,The Bridges of Madison County,Robert James Waller,1995,Warner Books,http://images.amazon.com/images/P/0446364495.01.THUMBZZZ.jpg,http://images.amazon.com/images/P/0446364495.01.MZZZZZZZ.jpg,http://images.amazon.com/images/P/0446364495.01.LZZZZZZZ.jpg,The Bridges of Madison County Robert James Waller Warner Books,17,7.9411764705882355,7.891104806207285
0316781010,Fortune's Rocks: A Novel,Anita Shreve,1999,Back Bay Books,http://images.amazon.com/images/P/0316781010.01.THUMBZZZ.jpg,http://images.amazon.com/images/P/0316781010.01.MZZZZZZZ.jpg,http://images.amazon.com/images/P/0316781010.01.LZZZZZZZ.jpg,Fortune's Rocks: A Novel Anita Shreve Back Bay Books,30,7.733333333333333,7.7794175565933905
0375413634,The Emperor of Ocean Park (Today Show Book Club #1),Stephen L. Carter,2002,Alfred A. Knopf,http://images.amazon.com/images/P/0375413634.01.THUMBZZZ.jpg,http://images.amazon.com/images/P/0375413634.01.MZZZZZZZ.jpg,http://images.amazon.com/images/P/0375413634.01.LZZZZZZZ.jpg,The Emperor of Ocean Park (Today Show Book Club #1) Stephen L. Carter Alfred A. Knopf,21,7.714285714285714,7.77977750804072
0375702709,A Lesson Before Dying (Vintage Contemporaries (Paperback)),Ernest J. Gaines,1997,Vintage Books USA,http://images.amazon.com/images/P/0375702709.01.THUMBZZZ.jpg,http://images.amazon.com/images/P/0375702709.01.MZZZZZZZ.jpg,http://images.amazon.com/images/P/0375702709.01.LZZZZZZZ.jpg,A Lesson Before Dying (Vintage Contemporaries (Paperback)) Ernest J. Gaines Vintage Books USA,56,7.75,7.7759326030219675
0375727132,The Dive From Clausen's Pier : A Novel (Vintage Contemporaries (Paperback)),ANN PACKER,2003,Vintage,http://images.amazon.com/images/P/0375727132.01.THUMBZZZ.jpg,http://images.amazon.com/images/P/0375727132.01.MZZZZZZZ.jpg,http://images.amazon.com/images/P/0375727132.01.LZZZZZZZ.jpg,The Dive From Clausen's Pier : A Novel (Vintage Contemporaries (Paperback)) ANN PACKER Vintage,35,7.371428571428571,7.544925051448536
0743411323,Never Change,Elizabeth Berg,2001,Atria,http://images.amazon.com/images/P/0743411323.01.THUMBZZZ.jpg,http://images.amazon.com/images/P/0743411323.01.MZZZZZZZ.jpg,http://images.amazon.com/images/P/0743411323.01.LZZZZZZZ.jpg,Never Change Elizabeth Berg Atria,15,8.666666666666666,8.199167937990557
1573222267,Blue Shoe,Anne Lamott,2002,Riverhead Books,http://images.amazon.com/images/P/1573222267.01.THUMBZZZ.jpg,http://images.amazon.com/images/P/1573222267.01.MZZZZZZZ.jpg,http://images.amazon.com/images/P/1573222267.01.LZZZZZZZ.jpg,Blue Shoe Anne Lamott Riverhead Books,14,7.357142857142857,7.646202289107927
0064400557,Charlotte's Web (Trophy Newbery),E. B. White,1974,HarperTrophy,http://images.amazon.com/images/P/0064400557.01.THUMBZZZ.jpg,http://images.amazon.com/images/P/0064400557.01.MZZZZZZZ.jpg,http://images.amazon.com/images/P/0064400557.01.LZZZZZZZ.jpg,Charlotte's Web (Trophy Newbery) E. B. White HarperTrophy,44,9.090909090909092,8.702669966088587
0451147367,"The Bachman Books: Rage, the Long Walk, Roadwork, the Running Man",Stephen King,1991,New Amer Library,http://images.amazon.com/images/P/0451147367.01.THUMBZZZ.jpg,http://images.amazon.com/images/P/0451147367.01.MZZZZZZZ.jpg,http://images.amazon.com/images/P/0451147367.01.LZZZZZZZ.jpg,"The Bachman Books: Rage, the Long Walk, Roadwork, the Running Man Stephen King New Amer Library",20,8.25,8.049271945741738
0451160916,The Shining,Stephen King,1997,Signet Book,http://images.amazon.com/images/P/0451160916.01.THUMBZZZ.jpg,http://images.amazon.com/images/P/0451160916.01.MZZZZZZZ.jpg,http://images.amazon.com/images/P/0451160916.01.LZZZZZZZ.jpg,The Shining Stephen King Signet Book,18,8.055555555555555,7.946602048149197
0451162072,Pet Sematary,Stephen King,1994,Signet Book,http://images.amazon.com/images/P/0451162072.01.THUMBZZZ.jpg,http://images.amazon.com/images/P/0451162072.01.MZZZZZZZ.jpg,http://images.amazon.com/images/P/0451162072.01.LZZZZZZZ.jpg,Pet Sematary Stephen King Signet Book,19,8.31578947368421,8.076176354606911
0451169522,Misery,Stephen King,2004,Penguin USA (Paper),http://images.amazon.com/images/P/0451169522.01.THUMBZZZ.jpg,http://images.amazon.com/images/P/0451169522.01.MZZZZZZZ.jpg,http://images.amazon.com/images/P/0451169522.01.LZZZZZZZ.jpg,Misery Stephen King Penguin USA (Paper),43,8.023255813953488,7.967791711582056
0451184963,Insomnia,Stephen King,1995,Signet Book,http://images.amazon.com/images/P/0451184963.01.THUMBZZZ.jpg,http://images.amazon.com/images/P/0451184963.01.MZZZZZZZ.jpg,http://images.amazon.com/images/P/0451184963.01.LZZZZZZZ.jpg,Insomnia Stephen King Signet Book,64,7.890625,7.880605688448447
0060188731,Bel Canto,Ann Patchett,2001,HarperCollins Publishers,http://images.amazon.com/images/P/0060188731.01.THUMBZZZ.jpg,http://images.amazon.com/images/P/0060188731.01.MZZZZZZZ.jpg,http://images.amazon.com/images/P/0060188731.01.LZZZZZZZ.jpg,Bel Canto Ann Patchett HarperCollins Publishers,28,7.535714285714286,7.666059954784782
0345435028,What We Keep,Elizabeth Berg,2002,Ballantine Books,http://images.amazon.com/images/P/0345435028.01.THUMBZZZ.jpg,http://images.amazon.com/images/P/0345435028.01.MZZZZZZZ.jpg,http://images.amazon.com/images/P/0345435028.01.LZZZZZZZ.jpg,What We Keep Elizabeth Berg Ballantine Books,21,8.0,7.926118971455354
0440212359,London Transports,Maeve Binchy,1995,Dell Publishing Company,http://images.amazon.com/images/P/0440212359.01.THUMBZZZ.jpg,http://images.amazon.com/images/P/0440212359.01.MZZZZZZZ.jpg,http://images.amazon.com/images/P/0440212359.01.LZZZZZZZ.jpg,London Transports Maeve Binchy Dell Publishing Company,17,7.0,7.458672373774853
0671041789,The Green Mile,Stephen King,1999,Pocket,http://images.amazon.com/images/P/0671041789.01.THUMBZZZ.jpg,http://images.amazon.com/images/P/0671041789.01.MZZZZZZZ.jpg,http://images.amazon.com/images/P/0671041789.01.LZZZZZZZ.jpg,The Green Mile Stephen King Pocket,72,8.458333333333334,8.32577041119206
080411935X,Standing in the Rainbow,FANNIE FLAGG,2003,Ballantine Books,http://images.amazon.com/images/P/080411935X.01.THUMBZZZ.jpg,http://images.amazon.com/images/P/080411935X.01.MZZZZZZZ.jpg,http://images.amazon.com/images/P/080411935X.01.LZZZZZZZ.jpg,Standing in the Rainbow FANNIE FLAGG Ballantine Books,28,7.964285714285714,7.916059954784782
0515133876,Narcissus in Chains (Anita Blake Vampire Hunter (Paperback)),Laurell K. Hamilton,2002,Jove Books,http://images.amazon.com/images/P/0515133876.01.THUMBZZZ.jpg,http://images.amazon.com/images/P/0515133876.01.MZZZZZZZ.jpg,http://images.amazon.com/images/P/0515133876.01.LZZZZZZZ.jpg,Narcissus in Chains (Anita Blake Vampire Hunter (Paperback)) Laurell K. Hamilton Jove Books,21,7.904761904761905,7.877338483650476
0812969812,Blessings : A Novel,ANNA QUINDLEN,2003,Random House Trade Paperbacks,http://images.amazon.com/images/P/0812969812.01.THUMBZZZ.jpg,http://images.amazon.com/images/P/0812969812.01.MZZZZZZZ.jpg,http://images.amazon.com/images/P/0812969812.01.LZZZZZZZ.jpg,Blessings : A Novel ANNA QUINDLEN Random House Trade Paperbacks,10,6.3,7.3323625943223165
0425118703,Midnight,Dean R. Koontz,1995,Berkley Publishing Group,http://images.amazon.com/images/P/0425118703.01.THUMBZZZ.jpg,http://images.amazon.com/images/P/0425118703.01.MZZZZZZZ.jpg,http://images.amazon.com/images/P/0425118703.01.LZZZZZZZ.jpg,Midnight Dean R. Koontz Berkley Publishing Group,19,7.631578947368421,7.742843021273577
0671001132,DEAD BY SUNSET : DEAD BY SUNSET,Ann Rule,1996,Pocket,http://images.amazon.com/images/P/0671001132.01.THUMBZZZ.jpg,http://images.amazon.com/images/P/0671001132.01.MZZZZZZZ.jpg,http://images.amazon.com/images/P/0671001132.01.LZZZZZZZ.jpg,DEAD BY SUNSET : DEAD BY SUNSET Ann Rule Pocket,19,8.631578947368421,8.230022508453064
0671534734,Unfinished Symphony (Logan),V.C. Andrews,1997,Pocket,http://images.amazon.com/images/P/0671534734.01.THUMBZZZ.jpg,http://images.amazon.com/images/P/0671534734.01.MZZZZZZZ.jpg,http://images.amazon.com/images/P/0671534734.01.LZZZZZZZ.jpg,Unfinished Symphony (Logan) V.C. Andrews Pocket,23,6.391304347826087,7.069090182085338
034541389X,Flesh and Blood,Jonathan Kellerman,2002,Ballantine Books,http://images.amazon.com/images/P/034541389X.01.THUMBZZZ.jpg,http://images.amazon.com/images/P/034541389X.01.MZZZZZZZ.jpg,http://images.amazon.com/images/P/034541389X.01.LZZZZZZZ.jpg,Flesh and Blood Jonathan Kellerman Ballantine Books,38,7.631578947368421,7.7063944453391295
0440224780,The Ranch,DANIELLE STEEL,1998,Dell,http://images.amazon.com/images/P/0440224780.01.THUMBZZZ.jpg,http://images.amazon.com/images/P/0440224780.01.MZZZZZZZ.jpg,http://images.amazon.com/images/P/0440224780.01.LZZZZZZZ.jpg,The Ranch DANIELLE STEEL Dell,17,7.882352941176471,7.864077779180258
0446671002,The Celestine Prophecy,James Redfield,1995,Warner Books,http://images.amazon.com/images/P/0446671002.01.THUMBZZZ.jpg,http://images.amazon.com/images/P/0446671002.01.MZZZZZZZ.jpg,http://images.amazon.com/images/P/0446671002.01.LZZZZZZZ.jpg,The Celestine Prophecy James Redfield Warner Books,24,6.166666666666667,6.931156314310671
0345362861,Dragonsdawn,Anne McCaffrey,1989,Del Rey Books,http://images.amazon.com/images/P/0345362861.01.THUMBZZZ.jpg,http://images.amazon.com/images/P/0345362861.01.MZZZZZZZ.jpg,http://images.amazon.com/images/P/0345362861.01.LZZZZZZZ.jpg,Dragonsdawn Anne McCaffrey Del Rey Books,18,8.444444444444445,8.130812574464986
0440174643,Roots,ALEX HALEY,1980,Dell,http://images.amazon.com/images/P/0440174643.01.THUMBZZZ.jpg,http://images.amazon.com/images/P/0440174643.01.MZZZZZZZ.jpg,http://images.amazon.com/images/P/0440174643.01.LZZZZZZZ.jpg,Roots ALEX HALEY Dell,20,9.3,8.574271945741739
038072118X,Where is Joe Merchant?,Jimmy Buffett,1993,Avon,http://images.amazon.com/images/P/038072118X.01.THUMBZZZ.jpg,http://images.amazon.com/images/P/038072118X.01.MZZZZZZZ.jpg,http://images.amazon.com/images/P/038072118X.01.LZZZZZZZ.jpg,Where is Joe Merchant? Jimmy Buffett Avon,14,7.428571428571429,7.675614053813809
0679723110,Grendel,John Champlin Gardner,1989,Vintage Books USA,http://images.amazon.com/images/P/0679723110.01.THUMBZZZ.jpg,http://images.amazon.com/images/P/0679723110.01.MZZZZZZZ.jpg,http://images.amazon.com/images/P/0679723110.01.LZZZZZZZ.jpg,Grendel John Champlin Gardner Vintage Books USA,20,7.95,7.899271945741738
0553565915,Embraced by the Light,Betty J. Eadie,1994,Bantam Books,http://images.amazon.com/images/P/0553565915.01.THUMBZZZ.jpg,http://images.amazon.com/images/P/0553565915.01.MZZZZZZZ.jpg,http://images.amazon.com/images/P/0553565915.01.LZZZZZZZ.jpg,Embraced by the Light Betty J. Eadie Bantam Books,19,6.947368421052632,7.409509687940243
038000321X,Alive : The Story of the Andes Survivors (Avon Nonfiction),Piers Paul Read,1975,Avon,http://images.amazon.com/images/P/038000321X.01.THUMBZZZ.jpg,http://images.amazon.com/images/P/038000321X.01.MZZZZZZZ.jpg,http://images.amazon.com/images/P/038000321X.01.LZZZZZZZ.jpg,Alive : The Story of the Andes Survivors (Avon Nonfiction) Piers Paul Read Avon,18,8.5,8.157128363938671
0385494246,Amsterdam : A Novel,IAN MCEWAN,1999,Anchor,http://images.amazon.com/images/P/0385494246.01.THUMBZZZ.jpg,http://images.amazon.com/images/P/0385494246.01.MZZZZZZZ.jpg,http://images.amazon.com/images/P/0385494246.01.LZZZZZZZ.jpg,Amsterdam : A Novel IAN MCEWAN Anchor,23,7.086956521739131,7.441183205341152
0061000043,A Thief of Time (Joe Leaphorn/Jim Chee Novels),Tony Hillerman,1990,HarperTorch,http://images.amazon.com/images/P/0061000043.01.THUMBZZZ.jpg,http://images.amazon.com/images/P/0061000043.01.MZZZZZZZ.jpg,http://images.amazon.com/images/P/0061000043.01.LZZZZZZZ.jpg,A Thief of Time (Joe Leaphorn/Jim Chee Novels) Tony Hillerman HarperTorch,21,7.809523809523809,7.828557995845598
0316781142,The Last Time They Met : A Novel,Anita Shreve,2001,"Little, Brown",http://images.amazon.com/images/P/0316781142.01.THUMBZZZ.jpg,http://images.amazon.com/images/P/0316781142.01.MZZZZZZZ.jpg,http://images.amazon.com/images/P/0316781142.01.LZZZZZZZ.jpg,"The Last Time They Met : A Novel Anita Shreve Little, Brown",40,7.0,7.282847963827825
038542471X,The Client,John Grisham,1993,Doubleday Books,http://images.amazon.com/images/P/038542471X.01.THUMBZZZ.jpg,http://images.amazon.com/images/P/038542471X.01.MZZZZZZZ.jpg,http://images.amazon.com/images/P/038542471X.01.LZZZZZZZ.jpg,The Client John Grisham Doubleday Books,28,7.785714285714286,7.811893288118116
0425169863,Point of Origin,Patricia Daniels Cornwell,1999,Berkley Publishing Group,http://images.amazon.com/images/P/0425169863.01.THUMBZZZ.jpg,http://images.amazon.com/images/P/0425169863.01.MZZZZZZZ.jpg,http://images.amazon.com/images/P/0425169863.01.LZZZZZZZ.jpg,Point of Origin Patricia Daniels Cornwell Berkley Publishing Group,56,7.803571428571429,7.815406287232493
0553568760,Natural Causes,Michael Palmer,1995,Bantam Books,http://images.amazon.com/images/P/0553568760.01.THUMBZZZ.jpg,http://images.amazon.com/images/P/0553568760.01.MZZZZZZZ.jpg,http://images.amazon.com/images/P/0553568760.01.LZZZZZZZ.jpg,Natural Causes Michael Palmer Bantam Books,16,7.5625,7.721413273046375
0425122123,Clear and Present Danger (Jack Ryan Novels),Tom Clancy,1996,Berkley Publishing Group,http://images.amazon.com/images/P/0425122123.01.THUMBZZZ.jpg,http://images.amazon.com/images/P/0425122123.01.MZZZZZZZ.jpg,http://images.amazon.com/images/P/0425122123.01.LZZZZZZZ.jpg,Clear and Present Danger (Jack Ryan Novels) Tom Clancy Berkley Publishing Group,31,8.0,7.9406054476405785
0440200989,Weep No More My Lady,Mary Higgins Clark,1993,Dell,http://images.amazon.com/images/P/0440200989.01.THUMBZZZ.jpg,http://images.amazon.com/images/P/0440200989.01.MZZZZZZZ.jpg,http://images.amazon.com/images/P/0440200989.01.LZZZZZZZ.jpg,Weep No More My Lady Mary Higgins Clark Dell,23,7.391304347826087,7.60397390301557
0440242002,Bleachers,JOHN GRISHAM,2004,Dell,http://images.amazon.com/images/P/0440242002.01.THUMBZZZ.jpg,http://images.amazon.com/images/P/0440242002.01.MZZZZZZZ.jpg,http://images.amazon.com/images/P/0440242002.01.LZZZZZZZ.jpg,Bleachers JOHN GRISHAM Dell,17,6.529411764705882,7.242456157558636
0671673688,While My Pretty One Sleeps,Mary Higgins Clark,1990,Pocket,http://images.amazon.com/images/P/0671673688.01.THUMBZZZ.jpg,http://images.amazon.com/images/P/0671673688.01.MZZZZZZZ.jpg,http://images.amazon.com/images/P/0671673688.01.LZZZZZZZ.jpg,While My Pretty One Sleeps Mary Higgins Clark Pocket,24,6.791666666666667,7.272065405219761
0671867156,Pretend You Don't See Her,Mary Higgins Clark,1998,Pocket,http://images.amazon.com/images/P/0671867156.01.THUMBZZZ.jpg,http://images.amazon.com/images/P/0671867156.01.MZZZZZZZ.jpg,http://images.amazon.com/images/P/0671867156.01.LZZZZZZZ.jpg,Pretend You Don't See Her Mary Higgins Clark Pocket,39,7.846153846153846,7.846964031011347
0425097722,Fatherhood,Bill Cosby,1994,Berkley Publishing Group,http://images.amazon.com/images/P/0425097722.01.THUMBZZZ.jpg,http://images.amazon.com/images/P/0425097722.01.MZZZZZZZ.jpg,http://images.amazon.com/images/P/0425097722.01.LZZZZZZZ.jpg,Fatherhood Bill Cosby Berkley Publishing Group,15,7.6,7.7420250808477
0515133973,Midnight Bayou,Nora Roberts,2004,Jove Books,http://images.amazon.com/images/P/0515133973.01.THUMBZZZ.jpg,http://images.amazon.com/images/P/0515133973.01.MZZZZZZZ.jpg,http://images.amazon.com/images/P/0515133973.01.LZZZZZZZ.jpg,Midnight Bayou Nora Roberts Jove Books,39,7.871794871794871,7.86391318355372
0375506039,Open House,Elizabeth Berg,2000,Random House Trade,http://images.amazon.com/images/P/0375506039.01.THUMBZZZ.jpg,http://images.amazon.com/images/P/0375506039.01.MZZZZZZZ.jpg,http://images.amazon.com/images/P/0375506039.01.LZZZZZZZ.jpg,Open House Elizabeth Berg Random House Trade,40,7.15,7.382847963827825
0385333412,Dating Big Bird,Laura Zigman,2001,Delta,http://images.amazon.com/images/P/0385333412.01.THUMBZZZ.jpg,http://images.amazon.com/images/P/0385333412.01.MZZZZZZZ.jpg,http://images.amazon.com/images/P/0385333412.01.LZZZZZZZ.jpg,Dating Big Bird Laura Zigman Delta,18,7.111111111111111,7.499233627096566
0449003981,A Patchwork Planet (Ballantine Reader's Circle),Anne Tyler,1999,Ballantine Books,http://images.amazon.com/images/P/0449003981.01.THUMBZZZ.jpg,http://images.amazon.com/images/P/0449003981.01.MZZZZZZZ.jpg,http://images.amazon.com/images/P/0449003981.01.LZZZZZZZ.jpg,A Patchwork Planet (Ballantine Reader's Circle) Anne Tyler Ballantine Books,16,8.1875,7.9991910508241535
0553258001,The Cider House Rules,John Irving,1986,Bantam Books,http://images.amazon.com/images/P/0553258001.01.THUMBZZZ.jpg,http://images.amazon.com/images/P/0553258001.01.MZZZZZZZ.jpg,http://images.amazon.com/images/P/0553258001.01.LZZZZZZZ.jpg,The Cider House Rules John Irving Bantam Books,28,8.321428571428571,8.124393288118116
038549081X,The Handmaid's Tale : A Novel,Margaret Atwood,1998,Anchor,http://images.amazon.com/images/P/038549081X.01.THUMBZZZ.jpg,http://images.amazon.com/images/P/038549081X.01.MZZZZZZZ.jpg,http://images.amazon.com/images/P/038549081X.01.LZZZZZZZ.jpg,The Handmaid's Tale : A Novel Margaret Atwood Anchor,42,8.476190476190476,8.27372383596241
0142001821,The Passion of Artemisia,Susan Vreeland,2002,Penguin Books,http://images.amazon.com/images/P/0142001821.01.THUMBZZZ.jpg,http://images.amazon.com/images/P/0142001821.01.MZZZZZZZ.jpg,http://images.amazon.com/images/P/0142001821.01.LZZZZZZZ.jpg,The Passion of Artemisia Susan Vreeland Penguin Books,20,7.95,7.899271945741738
0743436210,Hearts in Atlantis,Stephen King,2001,Pocket,http://images.amazon.com/images/P/0743436210.01.THUMBZZZ.jpg,http://images.amazon.com/images/P/0743436210.01.MZZZZZZZ.jpg,http://images.amazon.com/images/P/0743436210.01.LZZZZZZZ.jpg,Hearts in Atlantis Stephen King Pocket,51,7.313725490196078,7.464378560981261
0440220424,Having Our Say : The Delany Sisters' First 100 Years,SARAH L. DELANY,1994,Dell,http://images.amazon.com/images/P/0440220424.01.THUMBZZZ.jpg,http://images.amazon.com/images/P/0440220424.01.MZZZZZZZ.jpg,http://images.amazon.com/images/P/0440220424.01.LZZZZZZZ.jpg,Having Our Say : The Delany Sisters' First 100 Years SARAH L. DELANY Dell,18,8.833333333333334,8.315023100780778
0525946233,The Darwin Awards II: Unnatural Selection,Wendy Northcutt,2001,Dutton Books,http://images.amazon.com/images/P/0525946233.01.THUMBZZZ.jpg,http://images.amazon.com/images/P/0525946233.01.MZZZZZZZ.jpg,http://images.amazon.com/images/P/0525946233.01.LZZZZZZZ.jpg,The Darwin Awards II: Unnatural Selection Wendy Northcutt Dutton Books,19,7.526315789473684,7.691560969991526
074322423X,Self Matters : Creating Your Life from the Inside Out,Phillip C. McGraw,2001,Free Press,http://images.amazon.com/images/P/074322423X.01.THUMBZZZ.jpg,http://images.amazon.com/images/P/074322423X.01.MZZZZZZZ.jpg,http://images.amazon.com/images/P/074322423X.01.LZZZZZZZ.jpg,Self Matters : Creating Your Life from the Inside Out Phillip C. McGraw Free Press,11,7.818181818181818,7.837770252569984
0671744216,The Secret,Julie Garwood,1992,Pocket,http://images.amazon.com/images/P/0671744216.01.THUMBZZZ.jpg,http://images.amazon.com/images/P/0671744216.01.MZZZZZZZ.jpg,http://images.amazon.com/images/P/0671744216.01.LZZZZZZZ.jpg,The Secret Julie Garwood Pocket,24,8.041666666666666,7.953883587037943
0375719180,The Miracle Life of Edgar Mint: A Novel,Brady Udall,2002,Vintage Books USA,http://images.amazon.com/images/P/0375719180.01.THUMBZZZ.jpg,http://images.amazon.com/images/P/0375719180.01.MZZZZZZZ.jpg,http://images.amazon.com/images/P/0375719180.01.LZZZZZZZ.jpg,The Miracle Life of Edgar Mint: A Novel Brady Udall Vintage Books USA,15,7.266666666666667,7.599167937990557
0441569595,Neuromancer (Remembering Tomorrow),William Gibson,1995,Ace Books,http://images.amazon.com/images/P/0441569595.01.THUMBZZZ.jpg,http://images.amazon.com/images/P/0441569595.01.MZZZZZZZ.jpg,http://images.amazon.com/images/P/0441569595.01.LZZZZZZZ.jpg,Neuromancer (Remembering Tomorrow) William Gibson Ace Books,41,7.902439024390244,7.884768489010975
0553574574,Beach Music,Pat Conroy,1996,Bantam Books,http://images.amazon.com/images/P/0553574574.01.THUMBZZZ.jpg,http://images.amazon.com/images/P/0553574574.01.MZZZZZZZ.jpg,http://images.amazon.com/images/P/0553574574.01.LZZZZZZZ.jpg,Beach Music Pat Conroy Bantam Books,38,7.7368421052631575,7.7753599625805085
000649840X,Angelas Ashes,Frank Mccourt,0,Harpercollins Uk,http://images.amazon.com/images/P/000649840X.01.THUMBZZZ.jpg,http://images.amazon.com/images/P/000649840X.01.MZZZZZZZ.jpg,http://images.amazon.com/images/P/000649840X.01.LZZZZZZZ.jpg,Angelas Ashes Frank Mccourt Harpercollins Uk,22,7.7727272727272725,7.808830424515941
0007110928,Billy,Pamela Stephenson,2002,HarperCollins Entertainment,http://images.amazon.com/images/P/0007110928.01.THUMBZZZ.jpg,http://images.amazon.com/images/P/0007110928.01.MZZZZZZZ.jpg,http://images.amazon.com/images/P/0007110928.01.LZZZZZZZ.jpg,Billy Pamela Stephenson HarperCollins Entertainment,7,7.857142857142857,7.850773252950722
0060008032,Angels,Marian Keyes,2003,HarperTorch,http://images.amazon.com/images/P/0060008032.01.THUMBZZZ.jpg,http://images.amazon.com/images/P/0060008032.01.MZZZZZZZ.jpg,http://images.amazon.com/images/P/0060008032.01.LZZZZZZZ.jpg,Angels Marian Keyes HarperTorch,26,7.5,7.65154082238412
0060085452,Boy Meets Girl,Meg Cabot,2004,Avon Trade,http://images.amazon.com/images/P/0060085452.01.THUMBZZZ.jpg,http://images.amazon.com/images/P/0060085452.01.MZZZZZZZ.jpg,http://images.amazon.com/images/P/0060085452.01.LZZZZZZZ.jpg,Boy Meets Girl Meg Cabot Avon Trade,20,8.15,7.999271945741738
0060090367,Watermelon,Marian Keyes,2002,Perennial,http://images.amazon.com/images/P/0060090367.01.THUMBZZZ.jpg,http://images.amazon.com/images/P/0060090367.01.MZZZZZZZ.jpg,http://images.amazon.com/images/P/0060090367.01.LZZZZZZZ.jpg,Watermelon Marian Keyes Perennial,19,7.421052631578948,7.640278918709475
006016848X,"Men Are from Mars, Women Are from Venus: A Practical Guide for Improving Communication and Getting What You Want in Your Relationships",John Gray,1992,HarperCollins Publishers,http://images.amazon.com/images/P/006016848X.01.THUMBZZZ.jpg,http://images.amazon.com/images/P/006016848X.01.MZZZZZZZ.jpg,http://images.amazon.com/images/P/006016848X.01.LZZZZZZZ.jpg,"Men Are from Mars, Women Are from Venus: A Practical Guide for Improving Communication and Getting What You Want in Your Relationships John Gray HarperCollins Publishers",40,7.3,7.482847963827824
0060194448,The Wailing Wind,Tony Hillerman,2002,HarperCollins Publishers,http://images.amazon.com/images/P/0060194448.01.THUMBZZZ.jpg,http://images.amazon.com/images/P/0060194448.01.MZZZZZZZ.jpg,http://images.amazon.com/images/P/0060194448.01.LZZZZZZZ.jpg,The Wailing Wind Tony Hillerman HarperCollins Publishers,15,7.866666666666666,7.856310795133414
006019491X,Daughter of Fortune : A Novel (Oprah's Book Club (Hardcover)),Isabel Allende,1999,HarperCollins,http://images.amazon.com/images/P/006019491X.01.THUMBZZZ.jpg,http://images.amazon.com/images/P/006019491X.01.MZZZZZZZ.jpg,http://images.amazon.com/images/P/006019491X.01.LZZZZZZZ.jpg,Daughter of Fortune : A Novel (Oprah's Book Club (Hardcover)) Isabel Allende HarperCollins,26,8.26923076923077,8.086323431079773
0060512806,Cryptonomicon,Neal Stephenson,2002,Avon Books,http://images.amazon.com/images/P/0060512806.01.THUMBZZZ.jpg,http://images.amazon.com/images/P/0060512806.01.MZZZZZZZ.jpg,http://images.amazon.com/images/P/0060512806.01.LZZZZZZZ.jpg,Cryptonomicon Neal Stephenson Avon Books,12,8.166666666666666,7.9678399321771725
0060809833,Brave New World,Aldous Huxley,1989,Harpercollins,http://images.amazon.com/images/P/0060809833.01.THUMBZZZ.jpg,http://images.amazon.com/images/P/0060809833.01.MZZZZZZZ.jpg,http://images.amazon.com/images/P/0060809833.01.LZZZZZZZ.jpg,Brave New World Aldous Huxley Harpercollins,17,8.647058823529411,8.215429130531609
0060914653,The Unbearable Lightness of Being,Milan Kundera,1988,Harpercollins,http://images.amazon.com/images/P/0060914653.01.THUMBZZZ.jpg,http://images.amazon.com/images/P/0060914653.01.MZZZZZZZ.jpg,http://images.amazon.com/images/P/0060914653.01.LZZZZZZZ.jpg,The Unbearable Lightness of Being Milan Kundera Harpercollins,21,7.904761904761905,7.877338483650476
0060920084,The Lost Continent: Travels in Small-Town America,Bill Bryson,1990,Perennial,http://images.amazon.com/images/P/0060920084.01.THUMBZZZ.jpg,http://images.amazon.com/images/P/0060920084.01.MZZZZZZZ.jpg,http://images.amazon.com/images/P/0060920084.01.LZZZZZZZ.jpg,The Lost Continent: Travels in Small-Town America Bill Bryson Perennial,28,7.392857142857143,7.5827266214514495
0060922532,Pigs in Heaven,Barbara Kingsolver,1994,Perennial,http://images.amazon.com/images/P/0060922532.01.THUMBZZZ.jpg,http://images.amazon.com/images/P/0060922532.01.MZZZZZZZ.jpg,http://images.amazon.com/images/P/0060922532.01.LZZZZZZZ.jpg,Pigs in Heaven Barbara Kingsolver Perennial,35,7.771428571428571,7.799470505993991
0060934719,stardust,Neil Gaiman,2001,Perennial,http://images.amazon.com/images/P/0060934719.01.THUMBZZZ.jpg,http://images.amazon.com/images/P/0060934719.01.MZZZZZZZ.jpg,http://images.amazon.com/images/P/0060934719.01.LZZZZZZZ.jpg,stardust Neil Gaiman Perennial,22,8.045454545454545,7.951687567373083
0060988649,Lost: A Novel,Gregory Maguire,2002,Regan Books,http://images.amazon.com/images/P/0060988649.01.THUMBZZZ.jpg,http://images.amazon.com/images/P/0060988649.01.MZZZZZZZ.jpg,http://images.amazon.com/images/P/0060988649.01.LZZZZZZZ.jpg,Lost: A Novel Gregory Maguire Regan Books,16,6.625,7.304746606379709
0061000027,Dance Hall of the Dead (Joe Leaphorn Novels),Tony Hillerman,1990,HarperTorch,http://images.amazon.com/images/P/0061000027.01.THUMBZZZ.jpg,http://images.amazon.com/images/P/0061000027.01.MZZZZZZZ.jpg,http://images.amazon.com/images/P/0061000027.01.LZZZZZZZ.jpg,Dance Hall of the Dead (Joe Leaphorn Novels) Tony Hillerman HarperTorch,14,7.928571428571429,7.8814964067549855
0061000175,Skinwalkers (Joe Leaphorn/Jim Chee Novels),Tony Hillerman,1990,HarperTorch,http://images.amazon.com/images/P/0061000175.01.THUMBZZZ.jpg,http://images.amazon.com/images/P/0061000175.01.MZZZZZZZ.jpg,http://images.amazon.com/images/P/0061000175.01.LZZZZZZZ.jpg,Skinwalkers (Joe Leaphorn/Jim Chee Novels) Tony Hillerman HarperTorch,16,7.5625,7.721413273046375
0061013412,Orchid Beach (Holly Barker Novels (Paperback)),Stuart Woods,1999,HarperTorch,http://images.amazon.com/images/P/0061013412.01.THUMBZZZ.jpg,http://images.amazon.com/images/P/0061013412.01.MZZZZZZZ.jpg,http://images.amazon.com/images/P/0061013412.01.LZZZZZZZ.jpg,Orchid Beach (Holly Barker Novels (Paperback)) Stuart Woods HarperTorch,15,7.0,7.484882223704843
0061091316,Lost Boys,Orson Scott Card,1993,HarperTorch,http://images.amazon.com/images/P/0061091316.01.THUMBZZZ.jpg,http://images.amazon.com/images/P/0061091316.01.MZZZZZZZ.jpg,http://images.amazon.com/images/P/0061091316.01.LZZZZZZZ.jpg,Lost Boys Orson Scott Card HarperTorch,17,7.823529411764706,7.837050752153231
0061092886,The Fallen Man (Joe Leaphorn Novels),Tony Hillerman,1997,HarperTorch,http://images.amazon.com/images/P/0061092886.01.THUMBZZZ.jpg,http://images.amazon.com/images/P/0061092886.01.MZZZZZZZ.jpg,http://images.amazon.com/images/P/0061092886.01.LZZZZZZZ.jpg,The Fallen Man (Joe Leaphorn Novels) Tony Hillerman HarperTorch,12,7.666666666666667,7.7803399321771725
0061097853,The First Eagle (Jim Chee Novels),Tony Hillerman,1999,HarperTorch,http://images.amazon.com/images/P/0061097853.01.THUMBZZZ.jpg,http://images.amazon.com/images/P/0061097853.01.MZZZZZZZ.jpg,http://images.amazon.com/images/P/0061097853.01.LZZZZZZZ.jpg,The First Eagle (Jim Chee Novels) Tony Hillerman HarperTorch,26,7.884615384615385,7.868932126731946
0061097861,Hunting Badger (Joe Leaphorn/Jim Chee Novels),Tony Hillerman,2000,HarperCollins,http://images.amazon.com/images/P/0061097861.01.THUMBZZZ.jpg,http://images.amazon.com/images/P/0061097861.01.MZZZZZZZ.jpg,http://images.amazon.com/images/P/0061097861.01.LZZZZZZZ.jpg,Hunting Badger (Joe Leaphorn/Jim Chee Novels) Tony Hillerman HarperCollins,21,8.047619047619047,7.950509215357793
006109921X,Up Island: A Novel,Anne Rivers Siddons,1998,HarperTorch,http://images.amazon.com/images/P/006109921X.01.THUMBZZZ.jpg,http://images.amazon.com/images/P/006109921X.01.MZZZZZZZ.jpg,http://images.amazon.com/images/P/006109921X.01.LZZZZZZZ.jpg,Up Island: A Novel Anne Rivers Siddons HarperTorch,14,8.571428571428571,8.146202289107926
0062502182,The Alchemist: A Fable About Following Your Dream,Paulo Coelho,1995,HarperSanFrancisco,http://images.amazon.com/images/P/0062502182.01.THUMBZZZ.jpg,http://images.amazon.com/images/P/0062502182.01.MZZZZZZZ.jpg,http://images.amazon.com/images/P/0062502182.01.LZZZZZZZ.jpg,The Alchemist: A Fable About Following Your Dream Paulo Coelho HarperSanFrancisco,61,8.098360655737705,8.036677504069994
0064400034,Farmer Boy (Little House),Laura Ingalls Wilder,1953,HarperTrophy,http://images.amazon.com/images/P/0064400034.01.THUMBZZZ.jpg,http://images.amazon.com/images/P/0064400034.01.MZZZZZZZ.jpg,http://images.amazon.com/images/P/0064400034.01.LZZZZZZZ.jpg,Farmer Boy (Little House) Laura Ingalls Wilder HarperTrophy,20,7.9,7.874271945741738
0064400042,On the Banks of Plum Creek,Laura Ingalls Wilder,1953,HarperTrophy,http://images.amazon.com/images/P/0064400042.01.THUMBZZZ.jpg,http://images.amazon.com/images/P/0064400042.01.MZZZZZZZ.jpg,http://images.amazon.com/images/P/0064400042.01.LZZZZZZZ.jpg,On the Banks of Plum Creek Laura Ingalls Wilder HarperTrophy,20,8.6,8.224271945741737
006440188X,The Secret Garden,Frances Hodgson Burnett,1998,HarperTrophy,http://images.amazon.com/images/P/006440188X.01.THUMBZZZ.jpg,http://images.amazon.com/images/P/006440188X.01.MZZZZZZZ.jpg,http://images.amazon.com/images/P/006440188X.01.LZZZZZZZ.jpg,The Secret Garden Frances Hodgson Burnett HarperTrophy,17,9.529411764705882,8.620834535937014
0064471101,The Magician's Nephew (rack) (Narnia),C. S. Lewis,2002,HarperCollins,http://images.amazon.com/images/P/0064471101.01.THUMBZZZ.jpg,http://images.amazon.com/images/P/0064471101.01.MZZZZZZZ.jpg,http://images.amazon.com/images/P/0064471101.01.LZZZZZZZ.jpg,The Magician's Nephew (rack) (Narnia) C. S. Lewis HarperCollins,23,8.695652173913043,8.30164832162022
0064471837,Sabriel (The Abhorsen Trilogy),Garth Nix,1997,HarperTrophy,http://images.amazon.com/images/P/0064471837.01.THUMBZZZ.jpg,http://images.amazon.com/images/P/0064471837.01.MZZZZZZZ.jpg,http://images.amazon.com/images/P/0064471837.01.LZZZZZZZ.jpg,Sabriel (The Abhorsen Trilogy) Garth Nix HarperTrophy,15,8.6,8.170596509419129
0066211611,Portrait in Sepia,Isabel Allende,2001,HarperCollins Publishers,http://images.amazon.com/images/P/0066211611.01.THUMBZZZ.jpg,http://images.amazon.com/images/P/0066211611.01.MZZZZZZZ.jpg,http://images.amazon.com/images/P/0066211611.01.LZZZZZZZ.jpg,Portrait in Sepia Isabel Allende HarperCollins Publishers,19,7.526315789473684,7.691560969991526
0099245027,The Testament,John Grisham,1999,Trafalgar Square,http://images.amazon.com/images/P/0099245027.01.THUMBZZZ.jpg,http://images.amazon.com/images/P/0099245027.01.MZZZZZZZ.jpg,http://images.amazon.com/images/P/0099245027.01.LZZZZZZZ.jpg,The Testament John Grisham Trafalgar Square,13,7.076923076923077,7.544572055444531
0140265988,Falling Leaves Brit Edition,Adeline Yen Mah,0,Penguin Putnam~trade,http://images.amazon.com/images/P/0140265988.01.THUMBZZZ.jpg,http://images.amazon.com/images/P/0140265988.01.MZZZZZZZ.jpg,http://images.amazon.com/images/P/0140265988.01.LZZZZZZZ.jpg,Falling Leaves Brit Edition Adeline Yen Mah Penguin Putnam~trade,9,8.555555555555555,8.067961304471362
0140296409,Disgrace,J. M. Coetzee,2000,Penguin Books,http://images.amazon.com/images/P/0140296409.01.THUMBZZZ.jpg,http://images.amazon.com/images/P/0140296409.01.MZZZZZZZ.jpg,http://images.amazon.com/images/P/0140296409.01.LZZZZZZZ.jpg,Disgrace J. M. Coetzee Penguin Books,15,8.266666666666667,8.027739366561987
014038572X,The Outsiders (Now in Speak!),S. E. Hinton,1997,Puffin Books,http://images.amazon.com/images/P/014038572X.01.THUMBZZZ.jpg,http://images.amazon.com/images/P/014038572X.01.MZZZZZZZ.jpg,http://images.amazon.com/images/P/014038572X.01.LZZZZZZZ.jpg,The Outsiders (Now in Speak!) S. E. Hinton Puffin Books,24,8.208333333333334,8.044792677947035
0141007338,About a Boy,Nick Hornby,2002,Penguin Books Ltd,http://images.amazon.com/images/P/0141007338.01.THUMBZZZ.jpg,http://images.amazon.com/images/P/0141007338.01.MZZZZZZZ.jpg,http://images.amazon.com/images/P/0141007338.01.LZZZZZZZ.jpg,About a Boy Nick Hornby Penguin Books Ltd,14,7.571428571428571,7.734437583225573
0141301155,Charlie and the Chocolate Factory (Puffin Novels),Roald Dahl,1998,Puffin Books,http://images.amazon.com/images/P/0141301155.01.THUMBZZZ.jpg,http://images.amazon.com/images/P/0141301155.01.MZZZZZZZ.jpg,http://images.amazon.com/images/P/0141301155.01.LZZZZZZZ.jpg,Charlie and the Chocolate Factory (Puffin Novels) Roald Dahl Puffin Books,16,8.625,8.193635495268598
0312147015,The Persian Pickle Club,Sandra Dallas,1996,St. Martin's Griffin,http://images.amazon.com/images/P/0312147015.01.THUMBZZZ.jpg,http://images.amazon.com/images/P/0312147015.01.MZZZZZZZ.jpg,http://images.amazon.com/images/P/0312147015.01.LZZZZZZZ.jpg,The Persian Pickle Club Sandra Dallas St. Martin's Griffin,18,8.222222222222221,8.02554941657025
0312199430,One Thousand White Women : The Journals of May Dodd: A Novel,Jim Fergus,1999,St. Martin's Griffin,http://images.amazon.com/images/P/0312199430.01.THUMBZZZ.jpg,http://images.amazon.com/images/P/0312199430.01.MZZZZZZZ.jpg,http://images.amazon.com/images/P/0312199430.01.LZZZZZZZ.jpg,One Thousand White Women : The Journals of May Dodd: A Novel Jim Fergus St. Martin's Griffin,28,7.821428571428571,7.832726621451448
0312305060,The Hours: A Novel,Michael Cunningham,2002,Picador,http://images.amazon.com/images/P/0312305060.01.THUMBZZZ.jpg,http://images.amazon.com/images/P/0312305060.01.MZZZZZZZ.jpg,http://images.amazon.com/images/P/0312305060.01.LZZZZZZZ.jpg,The Hours: A Novel Michael Cunningham Picador,90,7.644444444444445,7.681553434815178
0312955006,The Concrete Blonde (A Harry Bosch Novel),Michael Connelly,1995,St. Martin's Paperbacks,http://images.amazon.com/images/P/0312955006.01.THUMBZZZ.jpg,http://images.amazon.com/images/P/0312955006.01.MZZZZZZZ.jpg,http://images.amazon.com/images/P/0312955006.01.LZZZZZZZ.jpg,The Concrete Blonde (A Harry Bosch Novel) Michael Connelly St. Martin's Paperbacks,19,8.31578947368421,8.076176354606911
0312961324,The Shell Seekers (Shell Seekers),Rosamunde Pilcher,1997,St. Martin's Press,http://images.amazon.com/images/P/0312961324.01.THUMBZZZ.jpg,http://images.amazon.com/images/P/0312961324.01.MZZZZZZZ.jpg,http://images.amazon.com/images/P/0312961324.01.LZZZZZZZ.jpg,The Shell Seekers (Shell Seekers) Rosamunde Pilcher St. Martin's Press,17,7.705882352941177,7.782996698099177
0312982518,The Sigma Protocol,Robert Ludlum,2002,St. Martin's Paperbacks,http://images.amazon.com/images/P/0312982518.01.THUMBZZZ.jpg,http://images.amazon.com/images/P/0312982518.01.MZZZZZZZ.jpg,http://images.amazon.com/images/P/0312982518.01.LZZZZZZZ.jpg,The Sigma Protocol Robert Ludlum St. Martin's Paperbacks,18,7.666666666666667,7.762391521833408
0316153915,Chasing the Dime,Michael Connelly,2002,"Little, Brown",http://images.amazon.com/images/P/0316153915.01.THUMBZZZ.jpg,http://images.amazon.com/images/P/0316153915.01.MZZZZZZZ.jpg,http://images.amazon.com/images/P/0316153915.01.LZZZZZZZ.jpg,"Chasing the Dime Michael Connelly Little, Brown",15,7.466666666666667,7.684882223704843
0316316962,The Tipping Point: How Little Things Can Make a Big Difference,Malcolm Gladwell,2000,"Little, Brown",http://images.amazon.com/images/P/0316316962.01.THUMBZZZ.jpg,http://images.amazon.com/images/P/0316316962.01.MZZZZZZZ.jpg,http://images.amazon.com/images/P/0316316962.01.LZZZZZZZ.jpg,"The Tipping Point: How Little Things Can Make a Big Difference Malcolm Gladwell Little, Brown",8,8.375,7.998959922488197
0316602906,The Big Bad Wolf: A Novel,James Patterson,2003,"Little, Brown",http://images.amazon.com/images/P/0316602906.01.THUMBZZZ.jpg,http://images.amazon.com/images/P/0316602906.01.MZZZZZZZ.jpg,http://images.amazon.com/images/P/0316602906.01.LZZZZZZZ.jpg,"The Big Bad Wolf: A Novel James Patterson Little, Brown",39,7.948717948717949,7.914760641180839
0316666009,1st to Die: A Novel,James Patterson,2001,Little Brown and Company,http://images.amazon.com/images/P/0316666009.01.THUMBZZZ.jpg,http://images.amazon.com/images/P/0316666009.01.MZZZZZZZ.jpg,http://images.amazon.com/images/P/0316666009.01.LZZZZZZZ.jpg,1st to Die: A Novel James Patterson Little Brown and Company,43,7.604651162790698,7.68207742586777
0316690619,Cradle and All,James Patterson,2000,Little Brown and Company,http://images.amazon.com/images/P/0316690619.01.THUMBZZZ.jpg,http://images.amazon.com/images/P/0316690619.01.MZZZZZZZ.jpg,http://images.amazon.com/images/P/0316690619.01.LZZZZZZZ.jpg,Cradle and All James Patterson Little Brown and Company,30,6.833333333333333,7.23941755659339
0316693294,Cat and Mouse,James Patterson,1997,Replica Books,http://images.amazon.com/images/P/0316693294.01.THUMBZZZ.jpg,http://images.amazon.com/images/P/0316693294.01.MZZZZZZZ.jpg,http://images.amazon.com/images/P/0316693294.01.LZZZZZZZ.jpg,Cat and Mouse James Patterson Replica Books,26,8.26923076923077,8.086323431079773
0316734837,Fortune's Rocks : A Novel,Anita Shreve,2002,"Little, Brown",http://images.amazon.com/images/P/0316734837.01.THUMBZZZ.jpg,http://images.amazon.com/images/P/0316734837.01.MZZZZZZZ.jpg,http://images.amazon.com/images/P/0316734837.01.LZZZZZZZ.jpg,"Fortune's Rocks : A Novel Anita Shreve Little, Brown",20,8.0,7.924271945741738
0316782505,The Weight of Water,Anita Shreve,2001,"Little, Brown",http://images.amazon.com/images/P/0316782505.01.THUMBZZZ.jpg,http://images.amazon.com/images/P/0316782505.01.MZZZZZZZ.jpg,http://images.amazon.com/images/P/0316782505.01.LZZZZZZZ.jpg,"The Weight of Water Anita Shreve Little, Brown",36,7.833333333333333,7.838765675529812
034530988X,Friday,Robert Heinlein,1988,Del Rey Books,http://images.amazon.com/images/P/034530988X.01.THUMBZZZ.jpg,http://images.amazon.com/images/P/034530988X.01.MZZZZZZZ.jpg,http://images.amazon.com/images/P/034530988X.01.LZZZZZZZ.jpg,Friday Robert Heinlein Del Rey Books,13,8.384615384615385,8.059723570596047
0345313151,Bearing an Hourglass (Incarnations of Immortality (Paperback)),Piers Anthony,1991,Del Rey Books,http://images.amazon.com/images/P/0345313151.01.THUMBZZZ.jpg,http://images.amazon.com/images/P/0345313151.01.MZZZZZZZ.jpg,http://images.amazon.com/images/P/0345313151.01.LZZZZZZZ.jpg,Bearing an Hourglass (Incarnations of Immortality (Paperback)) Piers Anthony Del Rey Books,20,8.25,8.049271945741738
0345318854,With a Tangled Skein (Incarnations of Immortality (Paperback)),PIERS ANTHONY,1986,Del Rey,http://images.amazon.com/images/P/0345318854.01.THUMBZZZ.jpg,http://images.amazon.com/images/P/0345318854.01.MZZZZZZZ.jpg,http://images.amazon.com/images/P/0345318854.01.LZZZZZZZ.jpg,With a Tangled Skein (Incarnations of Immortality (Paperback)) PIERS ANTHONY Del Rey,17,7.882352941176471,7.864077779180258
0345335465,Dragonflight (Dragonriders of Pern Trilogy (Paperback)),Anne McCaffrey,1991,Del Rey Books,http://images.amazon.com/images/P/0345335465.01.THUMBZZZ.jpg,http://images.amazon.com/images/P/0345335465.01.MZZZZZZZ.jpg,http://images.amazon.com/images/P/0345335465.01.LZZZZZZZ.jpg,Dragonflight (Dragonriders of Pern Trilogy (Paperback)) Anne McCaffrey Del Rey Books,18,8.666666666666666,8.236075732359723
0345339495,Nerilka's Story (Dragonriders of Pern (Paperback)),Anne McCaffrey,1995,Del Rey Books,http://images.amazon.com/images/P/0345339495.01.THUMBZZZ.jpg,http://images.amazon.com/images/P/0345339495.01.MZZZZZZZ.jpg,http://images.amazon.com/images/P/0345339495.01.LZZZZZZZ.jpg,Nerilka's Story (Dragonriders of Pern (Paperback)) Anne McCaffrey Del Rey Books,18,8.5,8.157128363938671
0345350472,Blade Runner: (Do Androids Dream of Electric Sheep),Philip K. Dick,1990,Del Rey Books,http://images.amazon.com/images/P/0345350472.01.THUMBZZZ.jpg,http://images.amazon.com/images/P/0345350472.01.MZZZZZZZ.jpg,http://images.amazon.com/images/P/0345350472.01.LZZZZZZZ.jpg,Blade Runner: (Do Androids Dream of Electric Sheep) Philip K. Dick Del Rey Books,19,7.842105263157895,7.8454071238376795
0345354613,Eaters of the Dead,MICHAEL CRICHTON,1988,Ballantine Books,http://images.amazon.com/images/P/0345354613.01.THUMBZZZ.jpg,http://images.amazon.com/images/P/0345354613.01.MZZZZZZZ.jpg,http://images.amazon.com/images/P/0345354613.01.LZZZZZZZ.jpg,Eaters of the Dead MICHAEL CRICHTON Ballantine Books,28,7.464285714285714,7.624393288118116
0345368754,Foucault's Pendulum,Umberto Eco,1990,Ballantine Books,http://images.amazon.com/images/P/0345368754.01.THUMBZZZ.jpg,http://images.amazon.com/images/P/0345368754.01.MZZZZZZZ.jpg,http://images.amazon.com/images/P/0345368754.01.LZZZZZZZ.jpg,Foucault's Pendulum Umberto Eco Ballantine Books,23,8.08695652173913,7.976066926271384
0345386108,Winter Moon,Dean R. Koontz,1995,Ballantine Books,http://images.amazon.com/images/P/0345386108.01.THUMBZZZ.jpg,http://images.amazon.com/images/P/0345386108.01.MZZZZZZZ.jpg,http://images.amazon.com/images/P/0345386108.01.LZZZZZZZ.jpg,Winter Moon Dean R. Koontz Ballantine Books,29,6.9655172413793105,7.325936282238153
0345389417,Servant of the Bones,Anne Rice,1998,Ballantine Books,http://images.amazon.com/images/P/0345389417.01.THUMBZZZ.jpg,http://images.amazon.com/images/P/0345389417.01.MZZZZZZZ.jpg,http://images.amazon.com/images/P/0345389417.01.LZZZZZZZ.jpg,Servant of the Bones Anne Rice Ballantine Books,19,7.526315789473684,7.691560969991526
0345409973,The Cobra Event,Richard Preston,1998,Ballantine Books,http://images.amazon.com/images/P/0345409973.01.THUMBZZZ.jpg,http://images.amazon.com/images/P/0345409973.01.MZZZZZZZ.jpg,http://images.amazon.com/images/P/0345409973.01.LZZZZZZZ.jpg,The Cobra Event Richard Preston Ballantine Books,16,8.1875,7.9991910508241535
0345413873,Monster : A Novel (Alex Delaware Novels (Paperback)),JONATHAN KELLERMAN,2000,Ballantine Books,http://images.amazon.com/images/P/0345413873.01.THUMBZZZ.jpg,http://images.amazon.com/images/P/0345413873.01.MZZZZZZZ.jpg,http://images.amazon.com/images/P/0345413873.01.LZZZZZZZ.jpg,Monster : A Novel (Alex Delaware Novels (Paperback)) JONATHAN KELLERMAN Ballantine Books,38,7.2105263157894735,7.430532376373612
0345413881,Dr. Death (Alex Delaware Novels (Paperback)),Jonathan Kellerman,2001,Ballantine Books,http://images.amazon.com/images/P/0345413881.01.THUMBZZZ.jpg,http://images.amazon.com/images/P/0345413881.01.MZZZZZZZ.jpg,http://images.amazon.com/images/P/0345413881.01.LZZZZZZZ.jpg,Dr. Death (Alex Delaware Novels (Paperback)) Jonathan Kellerman Ballantine Books,30,7.633333333333334,7.71941755659339
0345422317,The Genesis Code,John Case,1998,Ballantine Books,http://images.amazon.com/images/P/0345422317.01.THUMBZZZ.jpg,http://images.amazon.com/images/P/0345422317.01.MZZZZZZZ.jpg,http://images.amazon.com/images/P/0345422317.01.LZZZZZZZ.jpg,The Genesis Code John Case Ballantine Books,19,7.2105263157894735,7.537714816145372
0345435249,Darwin's Radio,Greg Bear,2000,Ballantine Books,http://images.amazon.com/images/P/0345435249.01.THUMBZZZ.jpg,http://images.amazon.com/images/P/0345435249.01.MZZZZZZZ.jpg,http://images.amazon.com/images/P/0345435249.01.LZZZZZZZ.jpg,Darwin's Radio Greg Bear Ballantine Books,19,7.473684210526316,7.665919944350501
0345435796,The First Horseman,John Case,1999,Ballantine Books,http://images.amazon.com/images/P/0345435796.01.THUMBZZZ.jpg,http://images.amazon.com/images/P/0345435796.01.MZZZZZZZ.jpg,http://images.amazon.com/images/P/0345435796.01.LZZZZZZZ.jpg,The First Horseman John Case Ballantine Books,18,7.222222222222222,7.551865206043935
0345444884,The Talisman,STEPHEN KING,2001,Ballantine Books,http://images.amazon.com/images/P/0345444884.01.THUMBZZZ.jpg,http://images.amazon.com/images/P/0345444884.01.MZZZZZZZ.jpg,http://images.amazon.com/images/P/0345444884.01.LZZZZZZZ.jpg,The Talisman STEPHEN KING Ballantine Books,40,8.15,8.049514630494492
0345459202,Big Stone Gap,Adriana Trigiani,2003,Fawcett Books,http://images.amazon.com/images/P/0345459202.01.THUMBZZZ.jpg,http://images.amazon.com/images/P/0345459202.01.MZZZZZZZ.jpg,http://images.amazon.com/images/P/0345459202.01.LZZZZZZZ.jpg,Big Stone Gap Adriana Trigiani Fawcett Books,25,8.08,7.9771306184371
0373218036,"Truly, Madly Manhattan",Nora Roberts,2003,Silhouette,http://images.amazon.com/images/P/0373218036.01.THUMBZZZ.jpg,http://images.amazon.com/images/P/0373218036.01.MZZZZZZZ.jpg,http://images.amazon.com/images/P/0373218036.01.LZZZZZZZ.jpg,"Truly, Madly Manhattan Nora Roberts Silhouette",31,7.290322580645161,7.50923289862097
0373218397,Summer Pleasures,Nora Roberts,2002,Silhouette,http://images.amazon.com/images/P/0373218397.01.THUMBZZZ.jpg,http://images.amazon.com/images/P/0373218397.01.MZZZZZZZ.jpg,http://images.amazon.com/images/P/0373218397.01.LZZZZZZZ.jpg,Summer Pleasures Nora Roberts Silhouette,33,7.151515151515151,7.414544864710745
0373243790,Considering Kate (The Stanislaskis) (Silhouette Special Edition),Nora Roberts,2001,Silhouette,http://images.amazon.com/images/P/0373243790.01.THUMBZZZ.jpg,http://images.amazon.com/images/P/0373243790.01.MZZZZZZZ.jpg,http://images.amazon.com/images/P/0373243790.01.LZZZZZZZ.jpg,Considering Kate (The Stanislaskis) (Silhouette Special Edition) Nora Roberts Silhouette,18,8.055555555555555,7.946602048149197
0373484232,Stanislaski Sisters,Nora Roberts,2001,Silhouette,http://images.amazon.com/images/P/0373484232.01.THUMBZZZ.jpg,http://images.amazon.com/images/P/0373484232.01.MZZZZZZZ.jpg,http://images.amazon.com/images/P/0373484232.01.LZZZZZZZ.jpg,Stanislaski Sisters Nora Roberts Silhouette,22,7.454545454545454,7.642163757849274
0374129983,The Corrections,Jonathan Franzen,2001,Farrar Straus & Giroux,http://images.amazon.com/images/P/0374129983.01.THUMBZZZ.jpg,http://images.amazon.com/images/P/0374129983.01.MZZZZZZZ.jpg,http://images.amazon.com/images/P/0374129983.01.LZZZZZZZ.jpg,The Corrections Jonathan Franzen Farrar Straus & Giroux,33,7.545454545454546,7.65982788357867
0374199698,Middlesex: A Novel,Jeffrey Eugenides,2002,"Farrar, Straus and Giroux",http://images.amazon.com/images/P/0374199698.01.THUMBZZZ.jpg,http://images.amazon.com/images/P/0374199698.01.MZZZZZZZ.jpg,http://images.amazon.com/images/P/0374199698.01.LZZZZZZZ.jpg,"Middlesex: A Novel Jeffrey Eugenides Farrar, Straus and Giroux",32,8.15625,8.037901496724414
0375401601,Vittorio the Vampire: New Tales of the Vampires,Anne Rice,1999,Alfred A. Knopf,http://images.amazon.com/images/P/0375401601.01.THUMBZZZ.jpg,http://images.amazon.com/images/P/0375401601.01.MZZZZZZZ.jpg,http://images.amazon.com/images/P/0375401601.01.LZZZZZZZ.jpg,Vittorio the Vampire: New Tales of the Vampires Anne Rice Alfred A. Knopf,16,7.1875,7.554746606379709
037540256X,A Patchwork Planet,Anne Tyler,1998,Random House Inc,http://images.amazon.com/images/P/037540256X.01.THUMBZZZ.jpg,http://images.amazon.com/images/P/037540256X.01.MZZZZZZZ.jpg,http://images.amazon.com/images/P/037540256X.01.LZZZZZZZ.jpg,A Patchwork Planet Anne Tyler Random House Inc,14,7.642857142857143,7.7638493479314565
0375406182,Plainsong,Kent Haruf,1999,Alfred A. Knopf,http://images.amazon.com/images/P/0375406182.01.THUMBZZZ.jpg,http://images.amazon.com/images/P/0375406182.01.MZZZZZZZ.jpg,http://images.amazon.com/images/P/0375406182.01.LZZZZZZZ.jpg,Plainsong Kent Haruf Alfred A. Knopf,13,7.846153846153846,7.847602358474834
0375705171,Trans-Sister Radio (Vintage Contemporaries (Paperback)),CHRIS BOHJALIAN,2001,Vintage,http://images.amazon.com/images/P/0375705171.01.THUMBZZZ.jpg,http://images.amazon.com/images/P/0375705171.01.MZZZZZZZ.jpg,http://images.amazon.com/images/P/0375705171.01.LZZZZZZZ.jpg,Trans-Sister Radio (Vintage Contemporaries (Paperback)) CHRIS BOHJALIAN Vintage,12,8.25,7.9990899321771725
0375758232,Paris to the Moon,Adam Gopnik,2001,Random House Trade,http://images.amazon.com/images/P/0375758232.01.THUMBZZZ.jpg,http://images.amazon.com/images/P/0375758232.01.MZZZZZZZ.jpg,http://images.amazon.com/images/P/0375758232.01.LZZZZZZZ.jpg,Paris to the Moon Adam Gopnik Random House Trade,17,6.764705882352941,7.350564265666744
0375758992,Don't Let's Go to the Dogs Tonight : An African Childhood,ALEXANDRA FULLER,2003,Random House Trade Paperbacks,http://images.amazon.com/images/P/0375758992.01.THUMBZZZ.jpg,http://images.amazon.com/images/P/0375758992.01.MZZZZZZZ.jpg,http://images.amazon.com/images/P/0375758992.01.LZZZZZZZ.jpg,Don't Let's Go to the Dogs Tonight : An African Childhood ALEXANDRA FULLER Random House Trade Paperbacks,22,8.045454545454545,7.951687567373083
037582233X,Stargirl,JERRY SPINELLI,2002,Knopf Books for Young Readers,http://images.amazon.com/images/P/037582233X.01.THUMBZZZ.jpg,http://images.amazon.com/images/P/037582233X.01.MZZZZZZZ.jpg,http://images.amazon.com/images/P/037582233X.01.LZZZZZZZ.jpg,Stargirl JERRY SPINELLI Knopf Books for Young Readers,20,8.55,8.199271945741739
0380722704,Charms for Easy Life,Kaye Gibbons,1994,Avon,http://images.amazon.com/images/P/0380722704.01.THUMBZZZ.jpg,http://images.amazon.com/images/P/0380722704.01.MZZZZZZZ.jpg,http://images.amazon.com/images/P/0380722704.01.LZZZZZZZ.jpg,Charms for Easy Life Kaye Gibbons Avon,13,7.0,7.5142690251415
0380753006,Savage Thunder,Johanna Lindsey,1989,Avon,http://images.amazon.com/images/P/0380753006.01.THUMBZZZ.jpg,http://images.amazon.com/images/P/0380753006.01.MZZZZZZZ.jpg,http://images.amazon.com/images/P/0380753006.01.LZZZZZZZ.jpg,Savage Thunder Johanna Lindsey Avon,15,8.4,8.084882223704843
0380804557,Stardust,Neil Gaiman,2003,Avon,http://images.amazon.com/images/P/0380804557.01.THUMBZZZ.jpg,http://images.amazon.com/images/P/0380804557.01.MZZZZZZZ.jpg,http://images.amazon.com/images/P/0380804557.01.LZZZZZZZ.jpg,Stardust Neil Gaiman Avon,18,8.333333333333334,8.07818099551762
0380805995,Kiss of the Bees: A Novel of Suspense,J.A. Jance,2001,Avon,http://images.amazon.com/images/P/0380805995.01.THUMBZZZ.jpg,http://images.amazon.com/images/P/0380805995.01.MZZZZZZZ.jpg,http://images.amazon.com/images/P/0380805995.01.LZZZZZZZ.jpg,Kiss of the Bees: A Novel of Suspense J.A. Jance Avon,12,7.5,7.7178399321771725
0380815923,Blackberry Wine : A Novel,Joanne Harris,2001,Perennial,http://images.amazon.com/images/P/0380815923.01.THUMBZZZ.jpg,http://images.amazon.com/images/P/0380815923.01.MZZZZZZZ.jpg,http://images.amazon.com/images/P/0380815923.01.LZZZZZZZ.jpg,Blackberry Wine : A Novel Joanne Harris Perennial,16,6.9375,7.443635495268597
0380818973,Asking for Trouble: A Novel,Elizabeth Young,2001,Avon Trade,http://images.amazon.com/images/P/0380818973.01.THUMBZZZ.jpg,http://images.amazon.com/images/P/0380818973.01.MZZZZZZZ.jpg,http://images.amazon.com/images/P/0380818973.01.LZZZZZZZ.jpg,Asking for Trouble: A Novel Elizabeth Young Avon Trade,16,7.5625,7.721413273046375
0380820854,"To Sir Phillip, With Love",Julia Quinn,2003,Avon,http://images.amazon.com/images/P/0380820854.01.THUMBZZZ.jpg,http://images.amazon.com/images/P/0380820854.01.MZZZZZZZ.jpg,http://images.amazon.com/images/P/0380820854.01.LZZZZZZZ.jpg,"To Sir Phillip, With Love Julia Quinn Avon",18,7.611111111111111,7.736075732359724
0385199570,The Stand (The Complete and Uncut Edition),Stephen King,1990,Doubleday Books,http://images.amazon.com/images/P/0385199570.01.THUMBZZZ.jpg,http://images.amazon.com/images/P/0385199570.01.MZZZZZZZ.jpg,http://images.amazon.com/images/P/0385199570.01.LZZZZZZZ.jpg,The Stand (The Complete and Uncut Edition) Stephen King Doubleday Books,22,8.772727272727273,8.332639948325465
038531292X,The Gift,Danielle Steel,1994,Delacorte Press,http://images.amazon.com/images/P/038531292X.01.THUMBZZZ.jpg,http://images.amazon.com/images/P/038531292X.01.MZZZZZZZ.jpg,http://images.amazon.com/images/P/038531292X.01.LZZZZZZZ.jpg,The Gift Danielle Steel Delacorte Press,16,7.0625,7.4991910508241535
0385315309,Five Days in Paris,DANIELLE STEEL,1995,Delacorte Press,http://images.amazon.com/images/P/0385315309.01.THUMBZZZ.jpg,http://images.amazon.com/images/P/0385315309.01.MZZZZZZZ.jpg,http://images.amazon.com/images/P/0385315309.01.LZZZZZZZ.jpg,Five Days in Paris DANIELLE STEEL Delacorte Press,15,7.133333333333334,7.5420250808477
038531700X,The Loop: A Novel,Nicholas Evans,1998,Delacorte Press,http://images.amazon.com/images/P/038531700X.01.THUMBZZZ.jpg,http://images.amazon.com/images/P/038531700X.01.MZZZZZZZ.jpg,http://images.amazon.com/images/P/038531700X.01.LZZZZZZZ.jpg,The Loop: A Novel Nicholas Evans Delacorte Press,15,7.866666666666666,7.856310795133414
0385334036,The Smoke Jumper,Nicholas Evans,2001,Delacorte Press,http://images.amazon.com/images/P/0385334036.01.THUMBZZZ.jpg,http://images.amazon.com/images/P/0385334036.01.MZZZZZZZ.jpg,http://images.amazon.com/images/P/0385334036.01.LZZZZZZZ.jpg,The Smoke Jumper Nicholas Evans Delacorte Press,23,7.173913043478261,7.487694833248128
0385337639,Crow Lake (Today Show Book Club #7),Mary Lawson,2003,Delta,http://images.amazon.com/images/P/0385337639.01.THUMBZZZ.jpg,http://images.amazon.com/images/P/0385337639.01.MZZZZZZZ.jpg,http://images.amazon.com/images/P/0385337639.01.LZZZZZZZ.jpg,Crow Lake (Today Show Book Club #7) Mary Lawson Delta,19,8.473684210526315,8.153099431529988
0385421982,The Pelican Brief,JOHN GRISHAM,1992,Doubleday,http://images.amazon.com/images/P/0385421982.01.THUMBZZZ.jpg,http://images.amazon.com/images/P/0385421982.01.MZZZZZZZ.jpg,http://images.amazon.com/images/P/0385421982.01.LZZZZZZZ.jpg,The Pelican Brief JOHN GRISHAM Doubleday,16,8.625,8.193635495268598
0385474016,"Like Water for Chocolate: A Novel in Monthly Installments With Recipes, Romances and Home Remedies",Laura Esquivel,1994,Anchor Books/Doubleday,http://images.amazon.com/images/P/0385474016.01.THUMBZZZ.jpg,http://images.amazon.com/images/P/0385474016.01.MZZZZZZZ.jpg,http://images.amazon.com/images/P/0385474016.01.LZZZZZZZ.jpg,"Like Water for Chocolate: A Novel in Monthly Installments With Recipes, Romances and Home Remedies Laura Esquivel Anchor Books/Doubleday",41,7.560975609756097,7.655260292289664
038550120X,A Painted House,JOHN GRISHAM,2001,Doubleday,http://images.amazon.com/images/P/038550120X.01.THUMBZZZ.jpg,http://images.amazon.com/images/P/038550120X.01.MZZZZZZZ.jpg,http://images.amazon.com/images/P/038550120X.01.LZZZZZZZ.jpg,A Painted House JOHN GRISHAM Doubleday,52,7.788461538461538,7.805151080967632
0385504470,Lullaby : A Novel,CHUCK PALAHNIUK,2002,Doubleday,http://images.amazon.com/images/P/0385504470.01.THUMBZZZ.jpg,http://images.amazon.com/images/P/0385504470.01.MZZZZZZZ.jpg,http://images.amazon.com/images/P/0385504470.01.LZZZZZZZ.jpg,Lullaby : A Novel CHUCK PALAHNIUK Doubleday,17,8.352941176470589,8.080293995396474
038550926X,The Devil Wears Prada : A Novel,LAUREN WEISBERGER,2003,Doubleday,http://images.amazon.com/images/P/038550926X.01.THUMBZZZ.jpg,http://images.amazon.com/images/P/038550926X.01.MZZZZZZZ.jpg,http://images.amazon.com/images/P/038550926X.01.LZZZZZZZ.jpg,The Devil Wears Prada : A Novel LAUREN WEISBERGER Doubleday,47,7.170212765957447,7.372699669099545
0385729332,The Sisterhood of the Traveling Pants,Ann Brashares,2001,Delacorte Press,http://images.amazon.com/images/P/0385729332.01.THUMBZZZ.jpg,http://images.amazon.com/images/P/0385729332.01.MZZZZZZZ.jpg,http://images.amazon.com/images/P/0385729332.01.LZZZZZZZ.jpg,The Sisterhood of the Traveling Pants Ann Brashares Delacorte Press,31,7.838709677419355,7.842566231954304
0393317552,"Guns, Germs, and Steel: The Fates of Human Societies",Jared Diamond,1999,W. W. Norton & Company,http://images.amazon.com/images/P/0393317552.01.THUMBZZZ.jpg,http://images.amazon.com/images/P/0393317552.01.MZZZZZZZ.jpg,http://images.amazon.com/images/P/0393317552.01.LZZZZZZZ.jpg,"Guns, Germs, and Steel: The Fates of Human Societies Jared Diamond W. W. Norton & Company",20,8.25,8.049271945741738
0399144463,Who Moved My Cheese? An Amazing Way to Deal with Change in Your Work and in Your Life,Spencer Johnson,1998,Putnam Pub Group (Paper),http://images.amazon.com/images/P/0399144463.01.THUMBZZZ.jpg,http://images.amazon.com/images/P/0399144463.01.MZZZZZZZ.jpg,http://images.amazon.com/images/P/0399144463.01.LZZZZZZZ.jpg,Who Moved My Cheese? An Amazing Way to Deal with Change in Your Work and in Your Life Spencer Johnson Putnam Pub Group (Paper),48,7.333333333333333,7.484865850436316
0399146008,Shock,Robin Cook,2001,G. P. Putnam's Sons,http://images.amazon.com/images/P/0399146008.01.THUMBZZZ.jpg,http://images.amazon.com/images/P/0399146008.01.MZZZZZZZ.jpg,http://images.amazon.com/images/P/0399146008.01.LZZZZZZZ.jpg,Shock Robin Cook G. P. Putnam's Sons,19,7.631578947368421,7.742843021273577
039914675X,The Cat Who Went up the Creek,Lilian Jackson Braun,2002,Putnam Adult,http://images.amazon.com/images/P/039914675X.01.THUMBZZZ.jpg,http://images.amazon.com/images/P/039914675X.01.MZZZZZZZ.jpg,http://images.amazon.com/images/P/039914675X.01.LZZZZZZZ.jpg,The Cat Who Went up the Creek Lilian Jackson Braun Putnam Adult,11,8.0,7.902286381602242
0399148027,Blue Diary,Alice Hoffman,2001,G. P. Putnam's Sons,http://images.amazon.com/images/P/0399148027.01.THUMBZZZ.jpg,http://images.amazon.com/images/P/0399148027.01.MZZZZZZZ.jpg,http://images.amazon.com/images/P/0399148027.01.LZZZZZZZ.jpg,Blue Diary Alice Hoffman G. P. Putnam's Sons,27,7.333333333333333,7.552571868716374
0399148248,Midnight Bayou,Nora Roberts,2001,Putnam Publishing Group,http://images.amazon.com/images/P/0399148248.01.THUMBZZZ.jpg,http://images.amazon.com/images/P/0399148248.01.MZZZZZZZ.jpg,http://images.amazon.com/images/P/0399148248.01.LZZZZZZZ.jpg,Midnight Bayou Nora Roberts Putnam Publishing Group,18,8.333333333333334,8.07818099551762
039914840X,Three Fates,Nora Roberts,2002,Putnam Publishing Group,http://images.amazon.com/images/P/039914840X.01.THUMBZZZ.jpg,http://images.amazon.com/images/P/039914840X.01.MZZZZZZZ.jpg,http://images.amazon.com/images/P/039914840X.01.LZZZZZZZ.jpg,Three Fates Nora Roberts Putnam Publishing Group,18,8.0,7.920286258675514
0399150897,Blow Fly: A Scarpetta Novel,Patricia Cornwell,2003,Putnam Publishing Group,http://images.amazon.com/images/P/0399150897.01.THUMBZZZ.jpg,http://images.amazon.com/images/P/0399150897.01.MZZZZZZZ.jpg,http://images.amazon.com/images/P/0399150897.01.LZZZZZZZ.jpg,Blow Fly: A Scarpetta Novel Patricia Cornwell Putnam Publishing Group,39,7.564102564102564,7.660523353045246
0425098605,The Vision,Dean R. Koontz,1997,Berkley Publishing Group,http://images.amazon.com/images/P/0425098605.01.THUMBZZZ.jpg,http://images.amazon.com/images/P/0425098605.01.MZZZZZZZ.jpg,http://images.amazon.com/images/P/0425098605.01.LZZZZZZZ.jpg,The Vision Dean R. Koontz Berkley Publishing Group,18,7.444444444444445,7.657128363938671
042510687X,Outbreak,Robin Cook,1991,Berkley Publishing Group,http://images.amazon.com/images/P/042510687X.01.THUMBZZZ.jpg,http://images.amazon.com/images/P/042510687X.01.MZZZZZZZ.jpg,http://images.amazon.com/images/P/042510687X.01.LZZZZZZZ.jpg,Outbreak Robin Cook Berkley Publishing Group,20,7.35,7.599271945741737
0425107469,Watchers,Dean R. Koontz,1996,Berkley Publishing Group,http://images.amazon.com/images/P/0425107469.01.THUMBZZZ.jpg,http://images.amazon.com/images/P/0425107469.01.MZZZZZZZ.jpg,http://images.amazon.com/images/P/0425107469.01.LZZZZZZZ.jpg,Watchers Dean R. Koontz Berkley Publishing Group,43,8.348837209302326,8.190013933804277
042511984X,The Face of Fear,Dean R. Koontz,1996,Berkley Publishing Group,http://images.amazon.com/images/P/042511984X.01.THUMBZZZ.jpg,http://images.amazon.com/images/P/042511984X.01.MZZZZZZZ.jpg,http://images.amazon.com/images/P/042511984X.01.LZZZZZZZ.jpg,The Face of Fear Dean R. Koontz Berkley Publishing Group,16,7.1875,7.554746606379709
0425120279,The Hunt for Red October,Tom Clancy,1990,Berkley Publishing Group,http://images.amazon.com/images/P/0425120279.01.THUMBZZZ.jpg,http://images.amazon.com/images/P/0425120279.01.MZZZZZZZ.jpg,http://images.amazon.com/images/P/0425120279.01.LZZZZZZZ.jpg,The Hunt for Red October Tom Clancy Berkley Publishing Group,18,7.888888888888889,7.867654679728146
0425121259,The Servants of Twilight,Dean R. Koontz,1996,Berkley Publishing Group,http://images.amazon.com/images/P/0425121259.01.THUMBZZZ.jpg,http://images.amazon.com/images/P/0425121259.01.MZZZZZZZ.jpg,http://images.amazon.com/images/P/0425121259.01.LZZZZZZZ.jpg,The Servants of Twilight Dean R. Koontz Berkley Publishing Group,32,7.4375,7.595593804416723
0425132048,Eyes of Prey,John Sandford,2004,Berkley Publishing Group,http://images.amazon.com/images/P/0425132048.01.THUMBZZZ.jpg,http://images.amazon.com/images/P/0425132048.01.MZZZZZZZ.jpg,http://images.amazon.com/images/P/0425132048.01.LZZZZZZZ.jpg,Eyes of Prey John Sandford Berkley Publishing Group,26,8.115384615384615,7.999366909340641
0425133540,The Sum of All Fears (Jack Ryan Novels),Tom Clancy,1996,Berkley Publishing Group,http://images.amazon.com/images/P/0425133540.01.THUMBZZZ.jpg,http://images.amazon.com/images/P/0425133540.01.MZZZZZZZ.jpg,http://images.amazon.com/images/P/0425133540.01.LZZZZZZZ.jpg,The Sum of All Fears (Jack Ryan Novels) Tom Clancy Berkley Publishing Group,24,7.333333333333333,7.567519950674306
0425136981,Shadowfires,Dean R. Koontz,1994,Berkley Publishing Group,http://images.amazon.com/images/P/0425136981.01.THUMBZZZ.jpg,http://images.amazon.com/images/P/0425136981.01.MZZZZZZZ.jpg,http://images.amazon.com/images/P/0425136981.01.LZZZZZZZ.jpg,Shadowfires Dean R. Koontz Berkley Publishing Group,24,7.333333333333333,7.567519950674306
0425137562,Silent Prey,John Sandford,2000,Berkley Publishing Group,http://images.amazon.com/images/P/0425137562.01.THUMBZZZ.jpg,http://images.amazon.com/images/P/0425137562.01.MZZZZZZZ.jpg,http://images.amazon.com/images/P/0425137562.01.LZZZZZZZ.jpg,Silent Prey John Sandford Berkley Publishing Group,20,8.1,7.974271945741737
0425147584,Debt of Honor (Jack Ryan Novels),Tom Clancy,1997,Berkley Publishing Group,http://images.amazon.com/images/P/0425147584.01.THUMBZZZ.jpg,http://images.amazon.com/images/P/0425147584.01.MZZZZZZZ.jpg,http://images.amazon.com/images/P/0425147584.01.LZZZZZZZ.jpg,Debt of Honor (Jack Ryan Novels) Tom Clancy Berkley Publishing Group,29,7.172413793103448,7.448385261829991
0425148297,Naked in Death,J. D. Robb,2004,Berkley Publishing Group,http://images.amazon.com/images/P/0425148297.01.THUMBZZZ.jpg,http://images.amazon.com/images/P/0425148297.01.MZZZZZZZ.jpg,http://images.amazon.com/images/P/0425148297.01.LZZZZZZZ.jpg,Naked in Death J. D. Robb Berkley Publishing Group,18,7.833333333333333,7.841338890254461
0425150143,Tom Clancy's Op-Center: Mirror Image (Tom Clancy's Op Center (Paperback)),Tom Clancy,1995,Berkley Publishing Group,http://images.amazon.com/images/P/0425150143.01.THUMBZZZ.jpg,http://images.amazon.com/images/P/0425150143.01.MZZZZZZZ.jpg,http://images.amazon.com/images/P/0425150143.01.LZZZZZZZ.jpg,Tom Clancy's Op-Center: Mirror Image (Tom Clancy's Op Center (Paperback)) Tom Clancy Berkley Publishing Group,21,6.428571428571429,7.1212409226748665
0425152499,Practical Magic,Alice Hoffman,1996,Berkley Publishing Group,http://images.amazon.com/images/P/0425152499.01.THUMBZZZ.jpg,http://images.amazon.com/images/P/0425152499.01.MZZZZZZZ.jpg,http://images.amazon.com/images/P/0425152499.01.LZZZZZZZ.jpg,Practical Magic Alice Hoffman Berkley Publishing Group,16,8.1875,7.9991910508241535
0425152898,Mind Prey,John Sandford,2004,Berkley Publishing Group,http://images.amazon.com/images/P/0425152898.01.THUMBZZZ.jpg,http://images.amazon.com/images/P/0425152898.01.MZZZZZZZ.jpg,http://images.amazon.com/images/P/0425152898.01.LZZZZZZZ.jpg,Mind Prey John Sandford Berkley Publishing Group,17,7.9411764705882355,7.891104806207285
0425153975,The Eyes of Darkness,Dean R. Koontz,1996,Berkley Publishing Group,http://images.amazon.com/images/P/0425153975.01.THUMBZZZ.jpg,http://images.amazon.com/images/P/0425153975.01.MZZZZZZZ.jpg,http://images.amazon.com/images/P/0425153975.01.LZZZZZZZ.jpg,The Eyes of Darkness Dean R. Koontz Berkley Publishing Group,29,8.03448275862069,7.958589343462644
0425155404,Invasion,Robin Cook,1997,Berkley Publishing Group,http://images.amazon.com/images/P/0425155404.01.THUMBZZZ.jpg,http://images.amazon.com/images/P/0425155404.01.MZZZZZZZ.jpg,http://images.amazon.com/images/P/0425155404.01.LZZZZZZZ.jpg,Invasion Robin Cook Berkley Publishing Group,30,6.9,7.2794175565933905
0425157539,Sudden Prey,John Sandford,1997,Berkley Publishing Group,http://images.amazon.com/images/P/0425157539.01.THUMBZZZ.jpg,http://images.amazon.com/images/P/0425157539.01.MZZZZZZZ.jpg,http://images.amazon.com/images/P/0425157539.01.LZZZZZZZ.jpg,Sudden Prey John Sandford Berkley Publishing Group,18,8.0,7.920286258675514
0425158616,Cause of Death,Patricia Daniels Cornwell,1997,Berkley Publishing Group,http://images.amazon.com/images/P/0425158616.01.THUMBZZZ.jpg,http://images.amazon.com/images/P/0425158616.01.MZZZZZZZ.jpg,http://images.amazon.com/images/P/0425158616.01.LZZZZZZZ.jpg,Cause of Death Patricia Daniels Cornwell Berkley Publishing Group,52,7.75,7.777373303189854
0425158640,Idoru,William Gibson,1997,Berkley Publishing Group,http://images.amazon.com/images/P/0425158640.01.THUMBZZZ.jpg,http://images.amazon.com/images/P/0425158640.01.MZZZZZZZ.jpg,http://images.amazon.com/images/P/0425158640.01.LZZZZZZZ.jpg,Idoru William Gibson Berkley Publishing Group,15,7.666666666666667,7.7705965094191285
0425166619,Toxin,Robin Cook,1999,Berkley Publishing Group,http://images.amazon.com/images/P/0425166619.01.THUMBZZZ.jpg,http://images.amazon.com/images/P/0425166619.01.MZZZZZZZ.jpg,http://images.amazon.com/images/P/0425166619.01.LZZZZZZZ.jpg,Toxin Robin Cook Berkley Publishing Group,26,7.230769230769231,7.499366909340641
0425170349,Rainbow Six,Tom Clancy,2004,Berkley Publishing Group,http://images.amazon.com/images/P/0425170349.01.THUMBZZZ.jpg,http://images.amazon.com/images/P/0425170349.01.MZZZZZZZ.jpg,http://images.amazon.com/images/P/0425170349.01.LZZZZZZZ.jpg,Rainbow Six Tom Clancy Berkley Publishing Group,33,7.424242424242424,7.584356185465461
0425179613,It's Not About the Bike: My Journey Back to Life,Lance Armstrong,2001,Berkley Publishing Group,http://images.amazon.com/images/P/0425179613.01.THUMBZZZ.jpg,http://images.amazon.com/images/P/0425179613.01.MZZZZZZZ.jpg,http://images.amazon.com/images/P/0425179613.01.LZZZZZZZ.jpg,It's Not About the Bike: My Journey Back to Life Lance Armstrong Berkley Publishing Group,24,7.833333333333333,7.84024722340158
0425180050,Tom Clancy's Op-Center: Line of Control (Tom Clancy's Op Center (Paperback)),Jeff Rovin,2001,Berkley Publishing Group,http://images.amazon.com/images/P/0425180050.01.THUMBZZZ.jpg,http://images.amazon.com/images/P/0425180050.01.MZZZZZZZ.jpg,http://images.amazon.com/images/P/0425180050.01.LZZZZZZZ.jpg,Tom Clancy's Op-Center: Line of Control (Tom Clancy's Op Center (Paperback)) Jeff Rovin Berkley Publishing Group,13,7.0,7.5142690251415
042518286X,Shock,Robin Cook,2002,Berkley Publishing Group,http://images.amazon.com/images/P/042518286X.01.THUMBZZZ.jpg,http://images.amazon.com/images/P/042518286X.01.MZZZZZZZ.jpg,http://images.amazon.com/images/P/042518286X.01.LZZZZZZZ.jpg,Shock Robin Cook Berkley Publishing Group,30,7.6,7.69941755659339
0425189031,Portrait in Death,Nora Roberts,2003,Berkley Publishing Group,http://images.amazon.com/images/P/0425189031.01.THUMBZZZ.jpg,http://images.amazon.com/images/P/0425189031.01.MZZZZZZZ.jpg,http://images.amazon.com/images/P/0425189031.01.LZZZZZZZ.jpg,Portrait in Death Nora Roberts Berkley Publishing Group,25,7.8,7.821575062881545
0425190641,Fire Ice: A Novel from the Numa Files (Kurt Austin Adventures (Paperback)),Clive Cussler,2003,Berkley Publishing Group,http://images.amazon.com/images/P/0425190641.01.THUMBZZZ.jpg,http://images.amazon.com/images/P/0425190641.01.MZZZZZZZ.jpg,http://images.amazon.com/images/P/0425190641.01.LZZZZZZZ.jpg,Fire Ice: A Novel from the Numa Files (Kurt Austin Adventures (Paperback)) Clive Cussler Berkley Publishing Group,14,7.5,7.705025818519691
0440111811,Changes,Danielle Steel,1984,Dell,http://images.amazon.com/images/P/0440111811.01.THUMBZZZ.jpg,http://images.amazon.com/images/P/0440111811.01.MZZZZZZZ.jpg,http://images.amazon.com/images/P/0440111811.01.LZZZZZZZ.jpg,Changes Danielle Steel Dell,16,7.5,7.693635495268597
0440180295,Slaughterhouse Five or the Children's Crusade: A Duty Dance With Death,Kurt Vonnegut,1991,Laurel,http://images.amazon.com/images/P/0440180295.01.THUMBZZZ.jpg,http://images.amazon.com/images/P/0440180295.01.MZZZZZZZ.jpg,http://images.amazon.com/images/P/0440180295.01.LZZZZZZZ.jpg,Slaughterhouse Five or the Children's Crusade: A Duty Dance With Death Kurt Vonnegut Laurel,52,8.211538461538462,8.110706636523187
0440201926,Kaleidoscope,Danielle Steel,1988,Dell,http://images.amazon.com/images/P/0440201926.01.THUMBZZZ.jpg,http://images.amazon.com/images/P/0440201926.01.MZZZZZZZ.jpg,http://images.amazon.com/images/P/0440201926.01.LZZZZZZZ.jpg,Kaleidoscope Danielle Steel Dell,13,7.076923076923077,7.544572055444531
0440213029,The Lilac Bus: Stories,Maeve Binchy,1992,Dell,http://images.amazon.com/images/P/0440213029.01.THUMBZZZ.jpg,http://images.amazon.com/images/P/0440213029.01.MZZZZZZZ.jpg,http://images.amazon.com/images/P/0440213029.01.LZZZZZZZ.jpg,The Lilac Bus: Stories Maeve Binchy Dell,22,7.2272727272727275,7.523116138801655
0440213290,The Copper Beech,Maeve Binchy,1993,Dell,http://images.amazon.com/images/P/0440213290.01.THUMBZZZ.jpg,http://images.amazon.com/images/P/0440213290.01.MZZZZZZZ.jpg,http://images.amazon.com/images/P/0440213290.01.LZZZZZZZ.jpg,The Copper Beech Maeve Binchy Dell,28,7.5,7.645226621451448
0440218535,Smilla's Sense of Snow,Peter Hoeg,1997,Island,http://images.amazon.com/images/P/0440218535.01.THUMBZZZ.jpg,http://images.amazon.com/images/P/0440218535.01.MZZZZZZZ.jpg,http://images.amazon.com/images/P/0440218535.01.LZZZZZZZ.jpg,Smilla's Sense of Snow Peter Hoeg Island,19,7.684210526315789,7.768484046914603
0440221315,The Gift,DANIELLE STEEL,1996,Dell,http://images.amazon.com/images/P/0440221315.01.THUMBZZZ.jpg,http://images.amazon.com/images/P/0440221315.01.MZZZZZZZ.jpg,http://images.amazon.com/images/P/0440221315.01.LZZZZZZZ.jpg,The Gift DANIELLE STEEL Dell,18,7.944444444444445,7.893970469201829
0440222028,Simisola,Ruth Rendell,1996,Dell,http://images.amazon.com/images/P/0440222028.01.THUMBZZZ.jpg,http://images.amazon.com/images/P/0440222028.01.MZZZZZZZ.jpg,http://images.amazon.com/images/P/0440222028.01.LZZZZZZZ.jpg,Simisola Ruth Rendell Dell,5,8.4,7.958835113186781
0440225299,Numbered Account,CHRISTOPHER REICH,1998,Dell,http://images.amazon.com/images/P/0440225299.01.THUMBZZZ.jpg,http://images.amazon.com/images/P/0440225299.01.MZZZZZZZ.jpg,http://images.amazon.com/images/P/0440225299.01.LZZZZZZZ.jpg,Numbered Account CHRISTOPHER REICH Dell,18,7.166666666666667,7.52554941657025
0440225825,Move to Strike,Perri O'Shaughnessy,2001,Island,http://images.amazon.com/images/P/0440225825.01.THUMBZZZ.jpg,http://images.amazon.com/images/P/0440225825.01.MZZZZZZZ.jpg,http://images.amazon.com/images/P/0440225825.01.LZZZZZZZ.jpg,Move to Strike Perri O'Shaughnessy Island,23,7.913043478260869,7.883043670457431
0440235596,Tara Road,Maeve Binchy,2000,Dell Publishing Company,http://images.amazon.com/images/P/0440235596.01.THUMBZZZ.jpg,http://images.amazon.com/images/P/0440235596.01.MZZZZZZZ.jpg,http://images.amazon.com/images/P/0440235596.01.LZZZZZZZ.jpg,Tara Road Maeve Binchy Dell Publishing Company,63,7.682539682539683,7.722540696743007
044023669X,The Kiss,Danielle Steel,2002,Dell Publishing Company,http://images.amazon.com/images/P/044023669X.01.THUMBZZZ.jpg,http://images.amazon.com/images/P/044023669X.01.MZZZZZZZ.jpg,http://images.amazon.com/images/P/044023669X.01.LZZZZZZZ.jpg,The Kiss Danielle Steel Dell Publishing Company,13,7.3076923076923075,7.635481146353621
0440236819,The Cottage,Danielle Steel,2003,Dell Publishing Company,http://images.amazon.com/images/P/0440236819.01.THUMBZZZ.jpg,http://images.amazon.com/images/P/0440236819.01.MZZZZZZZ.jpg,http://images.amazon.com/images/P/0440236819.01.LZZZZZZZ.jpg,The Cottage Danielle Steel Dell Publishing Company,17,7.411764705882353,7.647861562964042
0440236991,Leap of Faith,Danielle Steel,2002,Dell Publishing Company,http://images.amazon.com/images/P/0440236991.01.THUMBZZZ.jpg,http://images.amazon.com/images/P/0440236991.01.MZZZZZZZ.jpg,http://images.amazon.com/images/P/0440236991.01.LZZZZZZZ.jpg,Leap of Faith Danielle Steel Dell Publishing Company,17,7.764705882352941,7.810023725126204
0440407524,Shiloh (Yearling Newbery),Phyllis Reynolds Naylor,1992,Yearling Books,http://images.amazon.com/images/P/0440407524.01.THUMBZZZ.jpg,http://images.amazon.com/images/P/0440407524.01.MZZZZZZZ.jpg,http://images.amazon.com/images/P/0440407524.01.LZZZZZZZ.jpg,Shiloh (Yearling Newbery) Phyllis Reynolds Naylor Yearling Books,15,8.666666666666666,8.199167937990557
0441172695,"Dune Messiah (Dune Chronicles, Book 2)",Frank Herbert,1994,ACE Charter,http://images.amazon.com/images/P/0441172695.01.THUMBZZZ.jpg,http://images.amazon.com/images/P/0441172695.01.MZZZZZZZ.jpg,http://images.amazon.com/images/P/0441172695.01.LZZZZZZZ.jpg,"Dune Messiah (Dune Chronicles, Book 2) Frank Herbert ACE Charter",20,8.4,8.124271945741738
0446350109,Windmills of the Gods,Sidney Sheldon,1987,Warner Books,http://images.amazon.com/images/P/0446350109.01.THUMBZZZ.jpg,http://images.amazon.com/images/P/0446350109.01.MZZZZZZZ.jpg,http://images.amazon.com/images/P/0446350109.01.LZZZZZZZ.jpg,Windmills of the Gods Sidney Sheldon Warner Books,16,6.5,7.2491910508241535
0446354732,Nothing Lasts Forever,Sidney Sheldon,1995,Warner Books,http://images.amazon.com/images/P/0446354732.01.THUMBZZZ.jpg,http://images.amazon.com/images/P/0446354732.01.MZZZZZZZ.jpg,http://images.amazon.com/images/P/0446354732.01.LZZZZZZZ.jpg,Nothing Lasts Forever Sidney Sheldon Warner Books,17,6.647058823529412,7.2965102116126905
0446360589,The Burden of Proof,Scott Turow,1991,Warner Books,http://images.amazon.com/images/P/0446360589.01.THUMBZZZ.jpg,http://images.amazon.com/images/P/0446360589.01.MZZZZZZZ.jpg,http://images.amazon.com/images/P/0446360589.01.LZZZZZZZ.jpg,The Burden of Proof Scott Turow Warner Books,24,6.916666666666667,7.34024722340158
0446363251,"Scarlett : The Sequel to Margaret Mitchell's \Gone With the Wind\""""",Alexandra Ripley,1992,Warner Books,http://images.amazon.com/images/P/0446363251.01.THUMBZZZ.jpg,http://images.amazon.com/images/P/0446363251.01.MZZZZZZZ.jpg,http://images.amazon.com/images/P/0446363251.01.LZZZZZZZ.jpg,"Scarlett : The Sequel to Margaret Mitchell's \Gone With the Wind\"""" Alexandra Ripley Warner Books",29,7.241379310344827,7.4892015883606025
044651862X,The Celestine Prophecy (Celestine Prophecy),James Redfield,1994,Warner Books,http://images.amazon.com/images/P/044651862X.01.THUMBZZZ.jpg,http://images.amazon.com/images/P/044651862X.01.MZZZZZZZ.jpg,http://images.amazon.com/images/P/044651862X.01.LZZZZZZZ.jpg,The Celestine Prophecy (Celestine Prophecy) James Redfield Warner Books,54,7.425925925925926,7.540146997698237
0446519138,Simple Abundance:  A Daybook of Comfort and Joy,Sarah Ban Breathnach,1995,Warner Books,http://images.amazon.com/images/P/0446519138.01.THUMBZZZ.jpg,http://images.amazon.com/images/P/0446519138.01.MZZZZZZZ.jpg,http://images.amazon.com/images/P/0446519138.01.LZZZZZZZ.jpg,Simple Abundance:  A Daybook of Comfort and Joy Sarah Ban Breathnach Warner Books,32,7.90625,7.884055342878261
0446525731,The Christmas Train,David Baldacci,2002,Warner Books,http://images.amazon.com/images/P/0446525731.01.THUMBZZZ.jpg,http://images.amazon.com/images/P/0446525731.01.MZZZZZZZ.jpg,http://images.amazon.com/images/P/0446525731.01.LZZZZZZZ.jpg,The Christmas Train David Baldacci Warner Books,19,7.7368421052631575,7.794125072555628
0446527033,The Switch,Sandra Brown,2000,Warner Books,http://images.amazon.com/images/P/0446527033.01.THUMBZZZ.jpg,http://images.amazon.com/images/P/0446527033.01.MZZZZZZZ.jpg,http://images.amazon.com/images/P/0446527033.01.LZZZZZZZ.jpg,The Switch Sandra Brown Warner Books,26,7.3076923076923075,7.542845170210207
0446527165,Wish You Well,David Baldacci,2000,Warner Books,http://images.amazon.com/images/P/0446527165.01.THUMBZZZ.jpg,http://images.amazon.com/images/P/0446527165.01.MZZZZZZZ.jpg,http://images.amazon.com/images/P/0446527165.01.LZZZZZZZ.jpg,Wish You Well David Baldacci Warner Books,21,7.809523809523809,7.828557995845598
0446600253,"Bless Me, Ultima",Rudolfo Anaya,1994,Warner Books,http://images.amazon.com/images/P/0446600253.01.THUMBZZZ.jpg,http://images.amazon.com/images/P/0446600253.01.MZZZZZZZ.jpg,http://images.amazon.com/images/P/0446600253.01.LZZZZZZZ.jpg,"Bless Me, Ultima Rudolfo Anaya Warner Books",15,8.2,7.999167937990556
0446602612,The Poet,Michael Connelly,1997,Warner Books,http://images.amazon.com/images/P/0446602612.01.THUMBZZZ.jpg,http://images.amazon.com/images/P/0446602612.01.MZZZZZZZ.jpg,http://images.amazon.com/images/P/0446602612.01.LZZZZZZZ.jpg,The Poet Michael Connelly Warner Books,26,8.076923076923077,7.977627778905859
0446602620,Blood Work,Michael Connelly,1998,Warner Books,http://images.amazon.com/images/P/0446602620.01.THUMBZZZ.jpg,http://images.amazon.com/images/P/0446602620.01.MZZZZZZZ.jpg,http://images.amazon.com/images/P/0446602620.01.LZZZZZZZ.jpg,Blood Work Michael Connelly Warner Books,30,8.166666666666666,8.03941755659339
0446603309,The Witness,Sandra Brown,1996,Warner Books,http://images.amazon.com/images/P/0446603309.01.THUMBZZZ.jpg,http://images.amazon.com/images/P/0446603309.01.MZZZZZZZ.jpg,http://images.amazon.com/images/P/0446603309.01.LZZZZZZZ.jpg,The Witness Sandra Brown Warner Books,17,7.882352941176471,7.864077779180258
0446604232,Exclusive,Sandra Brown,1997,Warner Books,http://images.amazon.com/images/P/0446604232.01.THUMBZZZ.jpg,http://images.amazon.com/images/P/0446604232.01.MZZZZZZZ.jpg,http://images.amazon.com/images/P/0446604232.01.LZZZZZZZ.jpg,Exclusive Sandra Brown Warner Books,15,7.666666666666667,7.7705965094191285
0446604801,Jack & Jill (Alex Cross Novels),James Patterson,1997,Warner Books,http://images.amazon.com/images/P/0446604801.01.THUMBZZZ.jpg,http://images.amazon.com/images/P/0446604801.01.MZZZZZZZ.jpg,http://images.amazon.com/images/P/0446604801.01.LZZZZZZZ.jpg,Jack & Jill (Alex Cross Novels) James Patterson Warner Books,52,7.903846153846154,7.888484414300966
0446606189,Cat & Mouse (Alex Cross Novels),James Patterson,1998,Warner Books,http://images.amazon.com/images/P/0446606189.01.THUMBZZZ.jpg,http://images.amazon.com/images/P/0446606189.01.MZZZZZZZ.jpg,http://images.amazon.com/images/P/0446606189.01.LZZZZZZZ.jpg,Cat & Mouse (Alex Cross Novels) James Patterson Warner Books,58,8.120689655172415,8.050908690123968
0446607193,Unspeakable,Sandra Brown,1999,Warner Books,http://images.amazon.com/images/P/0446607193.01.THUMBZZZ.jpg,http://images.amazon.com/images/P/0446607193.01.MZZZZZZZ.jpg,http://images.amazon.com/images/P/0446607193.01.LZZZZZZZ.jpg,Unspeakable Sandra Brown Warner Books,32,7.59375,7.6917476505705675
0446607207,Tell Me Your Dreams,Sidney Sheldon,1999,Warner Vision,http://images.amazon.com/images/P/0446607207.01.THUMBZZZ.jpg,http://images.amazon.com/images/P/0446607207.01.MZZZZZZZ.jpg,http://images.amazon.com/images/P/0446607207.01.LZZZZZZZ.jpg,Tell Me Your Dreams Sidney Sheldon Warner Vision,17,7.294117647058823,7.593807508909988
0446608602,Personal Injuries,Scott Turow,2000,Warner Vision,http://images.amazon.com/images/P/0446608602.01.THUMBZZZ.jpg,http://images.amazon.com/images/P/0446608602.01.MZZZZZZZ.jpg,http://images.amazon.com/images/P/0446608602.01.LZZZZZZZ.jpg,Personal Injuries Scott Turow Warner Vision,19,6.842105263157895,7.358227636658192
0446608815,Pop Goes the Weasel,James Patterson,2000,Warner Vision,http://images.amazon.com/images/P/0446608815.01.THUMBZZZ.jpg,http://images.amazon.com/images/P/0446608815.01.MZZZZZZZ.jpg,http://images.amazon.com/images/P/0446608815.01.LZZZZZZZ.jpg,Pop Goes the Weasel James Patterson Warner Vision,62,7.451612903225806,7.548425339386213
0446609404,Cradle and All,James Patterson,2001,Warner Vision,http://images.amazon.com/images/P/0446609404.01.THUMBZZZ.jpg,http://images.amazon.com/images/P/0446609404.01.MZZZZZZZ.jpg,http://images.amazon.com/images/P/0446609404.01.LZZZZZZZ.jpg,Cradle and All James Patterson Warner Vision,49,7.510204081632653,7.608273591734342
044661064X,The First Counsel,Brad Meltzer,2001,Warner Vision,http://images.amazon.com/images/P/044661064X.01.THUMBZZZ.jpg,http://images.amazon.com/images/P/044661064X.01.MZZZZZZZ.jpg,http://images.amazon.com/images/P/044661064X.01.LZZZZZZZ.jpg,The First Counsel Brad Meltzer Warner Vision,21,7.809523809523809,7.828557995845598
0446611778,Last Man Standing,David Baldacci,2002,Warner Vision,http://images.amazon.com/images/P/0446611778.01.THUMBZZZ.jpg,http://images.amazon.com/images/P/0446611778.01.MZZZZZZZ.jpg,http://images.amazon.com/images/P/0446611778.01.LZZZZZZZ.jpg,Last Man Standing David Baldacci Warner Vision,26,7.346153846153846,7.564584300644989
0446611808,Envy,Sandra Brown,2002,Warner Books,http://images.amazon.com/images/P/0446611808.01.THUMBZZZ.jpg,http://images.amazon.com/images/P/0446611808.01.MZZZZZZZ.jpg,http://images.amazon.com/images/P/0446611808.01.LZZZZZZZ.jpg,Envy Sandra Brown Warner Books,31,7.935483870967742,7.901389761366069
0446611921,The Millionaires,Brad Meltzer,2002,Warner Vision,http://images.amazon.com/images/P/0446611921.01.THUMBZZZ.jpg,http://images.amazon.com/images/P/0446611921.01.MZZZZZZZ.jpg,http://images.amazon.com/images/P/0446611921.01.LZZZZZZZ.jpg,The Millionaires Brad Meltzer Warner Vision,24,7.333333333333333,7.567519950674306
0446676098,The Notebook,Nicholas Sparks,1999,Warner Books,http://images.amazon.com/images/P/0446676098.01.THUMBZZZ.jpg,http://images.amazon.com/images/P/0446676098.01.MZZZZZZZ.jpg,http://images.amazon.com/images/P/0446676098.01.LZZZZZZZ.jpg,The Notebook Nicholas Sparks Warner Books,23,8.347826086956522,8.115601809992313
0448095017,"The Secret of the Old Clock (Nancy Drew Mystery Stories, No 1)",Carolyn Keene,1930,Grosset & Dunlap,http://images.amazon.com/images/P/0448095017.01.THUMBZZZ.jpg,http://images.amazon.com/images/P/0448095017.01.MZZZZZZZ.jpg,http://images.amazon.com/images/P/0448095017.01.LZZZZZZZ.jpg,"The Secret of the Old Clock (Nancy Drew Mystery Stories, No 1) Carolyn Keene Grosset & Dunlap",17,7.588235294117647,7.728942644045123
0449005909,Nightshade,John Saul,2001,Ballantine Books,http://images.amazon.com/images/P/0449005909.01.THUMBZZZ.jpg,http://images.amazon.com/images/P/0449005909.01.MZZZZZZZ.jpg,http://images.amazon.com/images/P/0449005909.01.LZZZZZZZ.jpg,Nightshade John Saul Ballantine Books,18,8.055555555555555,7.946602048149197
0449203794,Space,James A. Michener,1988,Fawcett Books,http://images.amazon.com/images/P/0449203794.01.THUMBZZZ.jpg,http://images.amazon.com/images/P/0449203794.01.MZZZZZZZ.jpg,http://images.amazon.com/images/P/0449203794.01.LZZZZZZZ.jpg,Space James A. Michener Fawcett Books,18,8.0,7.920286258675514
0449213943,All Quiet on the Western Front,Erich Maria Remarque,1995,Ballantine Books,http://images.amazon.com/images/P/0449213943.01.THUMBZZZ.jpg,http://images.amazon.com/images/P/0449213943.01.MZZZZZZZ.jpg,http://images.amazon.com/images/P/0449213943.01.LZZZZZZZ.jpg,All Quiet on the Western Front Erich Maria Remarque Ballantine Books,18,8.833333333333334,8.315023100780778
0449221490,L Is for Lawless,Sue Grafton,1996,Fawcett Books,http://images.amazon.com/images/P/0449221490.01.THUMBZZZ.jpg,http://images.amazon.com/images/P/0449221490.01.MZZZZZZZ.jpg,http://images.amazon.com/images/P/0449221490.01.LZZZZZZZ.jpg,L Is for Lawless Sue Grafton Fawcett Books,45,7.666666666666667,7.722628889687224
0449223604,M Is for Malice,Sue Grafton,1998,Fawcett Books,http://images.amazon.com/images/P/0449223604.01.THUMBZZZ.jpg,http://images.amazon.com/images/P/0449223604.01.MZZZZZZZ.jpg,http://images.amazon.com/images/P/0449223604.01.LZZZZZZZ.jpg,M Is for Malice Sue Grafton Fawcett Books,36,7.972222222222222,7.928051389815527
0449223612,N Is for Noose,Sue Grafton,1999,Fawcett Books,http://images.amazon.com/images/P/0449223612.01.THUMBZZZ.jpg,http://images.amazon.com/images/P/0449223612.01.MZZZZZZZ.jpg,http://images.amazon.com/images/P/0449223612.01.LZZZZZZZ.jpg,N Is for Noose Sue Grafton Fawcett Books,41,7.682926829268292,7.737227505404418
0449910571,Ladder of Years,Anne Tyler,1996,Ballantine Books,http://images.amazon.com/images/P/0449910571.01.THUMBZZZ.jpg,http://images.amazon.com/images/P/0449910571.01.MZZZZZZZ.jpg,http://images.amazon.com/images/P/0449910571.01.LZZZZZZZ.jpg,Ladder of Years Anne Tyler Ballantine Books,16,7.5,7.693635495268597
0451132378,Pet Sematary,Stephen King,1984,Signet Book,http://images.amazon.com/images/P/0451132378.01.THUMBZZZ.jpg,http://images.amazon.com/images/P/0451132378.01.MZZZZZZZ.jpg,http://images.amazon.com/images/P/0451132378.01.LZZZZZZZ.jpg,Pet Sematary Stephen King Signet Book,24,8.208333333333334,8.044792677947035
0451153553,Misery,Stephen King,1988,New Amer Library,http://images.amazon.com/images/P/0451153553.01.THUMBZZZ.jpg,http://images.amazon.com/images/P/0451153553.01.MZZZZZZZ.jpg,http://images.amazon.com/images/P/0451153553.01.LZZZZZZZ.jpg,Misery Stephen King New Amer Library,38,8.236842105263158,8.102946169477061
0451157443,Carrie,Stephen King,1994,Signet Book,http://images.amazon.com/images/P/0451157443.01.THUMBZZZ.jpg,http://images.amazon.com/images/P/0451157443.01.MZZZZZZZ.jpg,http://images.amazon.com/images/P/0451157443.01.LZZZZZZZ.jpg,Carrie Stephen King Signet Book,17,7.117647058823529,7.512726427828906
0451167805,Firestarter,Stephen King,2003,Signet Book,http://images.amazon.com/images/P/0451167805.01.THUMBZZZ.jpg,http://images.amazon.com/images/P/0451167805.01.MZZZZZZZ.jpg,http://images.amazon.com/images/P/0451167805.01.LZZZZZZZ.jpg,Firestarter Stephen King Signet Book,27,7.777777777777778,7.807891017652544
0451168615,Skeleton Crew,Stephen King,1986,Signet Book,http://images.amazon.com/images/P/0451168615.01.THUMBZZZ.jpg,http://images.amazon.com/images/P/0451168615.01.MZZZZZZZ.jpg,http://images.amazon.com/images/P/0451168615.01.LZZZZZZZ.jpg,Skeleton Crew Stephen King Signet Book,25,8.12,7.999352840659322
0451180429,The Quiet Game,Greg Iles,2000,Signet Book,http://images.amazon.com/images/P/0451180429.01.THUMBZZZ.jpg,http://images.amazon.com/images/P/0451180429.01.MZZZZZZZ.jpg,http://images.amazon.com/images/P/0451180429.01.LZZZZZZZ.jpg,The Quiet Game Greg Iles Signet Book,17,7.470588235294118,7.674888589991069
0451191013,The Regulators,Stephen King,2002,Signet Book,http://images.amazon.com/images/P/0451191013.01.THUMBZZZ.jpg,http://images.amazon.com/images/P/0451191013.01.MZZZZZZZ.jpg,http://images.amazon.com/images/P/0451191013.01.LZZZZZZZ.jpg,The Regulators Stephen King Signet Book,23,6.739130434782608,7.255136693713244
0451197747,The Deep End of the Ocean,Jacquelyn Mitchard,1999,Signet Book,http://images.amazon.com/images/P/0451197747.01.THUMBZZZ.jpg,http://images.amazon.com/images/P/0451197747.01.MZZZZZZZ.jpg,http://images.amazon.com/images/P/0451197747.01.LZZZZZZZ.jpg,The Deep End of the Ocean Jacquelyn Mitchard Signet Book,29,7.137931034482759,7.427977098564685
0451204530,Code to Zero,Ken Follett,2001,Signet Book,http://images.amazon.com/images/P/0451204530.01.THUMBZZZ.jpg,http://images.amazon.com/images/P/0451204530.01.MZZZZZZZ.jpg,http://images.amazon.com/images/P/0451204530.01.LZZZZZZZ.jpg,Code to Zero Ken Follett Signet Book,23,7.565217391304348,7.696997158829523
0451207521,Jackdaws,Ken Follett,2002,Signet Book,http://images.amazon.com/images/P/0451207521.01.THUMBZZZ.jpg,http://images.amazon.com/images/P/0451207521.01.MZZZZZZZ.jpg,http://images.amazon.com/images/P/0451207521.01.LZZZZZZZ.jpg,Jackdaws Ken Follett Signet Book,28,7.357142857142857,7.561893288118116
0451210743,Hornet Flight,Ken Follett,2003,Signet Book,http://images.amazon.com/images/P/0451210743.01.THUMBZZZ.jpg,http://images.amazon.com/images/P/0451210743.01.MZZZZZZZ.jpg,http://images.amazon.com/images/P/0451210743.01.LZZZZZZZ.jpg,Hornet Flight Ken Follett Signet Book,19,8.0,7.922330200760756
0451523377,Dracula (Signet Classics (Paperback)),Bram Stoker,1997,Signet Classics,http://images.amazon.com/images/P/0451523377.01.THUMBZZZ.jpg,http://images.amazon.com/images/P/0451523377.01.MZZZZZZZ.jpg,http://images.amazon.com/images/P/0451523377.01.LZZZZZZZ.jpg,Dracula (Signet Classics (Paperback)) Bram Stoker Signet Classics,15,8.466666666666667,8.113453652276272
0452266564,The Claiming of Sleeping Beauty (Erotic Adventures of Sleeping Beauty),Rice Anne,1999,Plume Books,http://images.amazon.com/images/P/0452266564.01.THUMBZZZ.jpg,http://images.amazon.com/images/P/0452266564.01.MZZZZZZZ.jpg,http://images.amazon.com/images/P/0452266564.01.LZZZZZZZ.jpg,The Claiming of Sleeping Beauty (Erotic Adventures of Sleeping Beauty) Rice Anne Plume Books,27,6.814814814814815,7.254699528290841
0452279178,"Wizard and Glass (The Dark Tower, Book 4)",Stephen King,1997,Plume Books,http://images.amazon.com/images/P/0452279178.01.THUMBZZZ.jpg,http://images.amazon.com/images/P/0452279178.01.MZZZZZZZ.jpg,http://images.amazon.com/images/P/0452279178.01.LZZZZZZZ.jpg,"Wizard and Glass (The Dark Tower, Book 4) Stephen King Plume Books",28,8.5,8.228559954784782
0452281032,The Mammy,Brendan O'Carroll,1999,Plume Books,http://images.amazon.com/images/P/0452281032.01.THUMBZZZ.jpg,http://images.amazon.com/images/P/0452281032.01.MZZZZZZZ.jpg,http://images.amazon.com/images/P/0452281032.01.LZZZZZZZ.jpg,The Mammy Brendan O'Carroll Plume Books,16,8.625,8.193635495268598
0452281725,The Quilter's Apprentice,Jennifer Chiaverini,2000,Plume Books,http://images.amazon.com/images/P/0452281725.01.THUMBZZZ.jpg,http://images.amazon.com/images/P/0452281725.01.MZZZZZZZ.jpg,http://images.amazon.com/images/P/0452281725.01.LZZZZZZZ.jpg,The Quilter's Apprentice Jennifer Chiaverini Plume Books,9,7.888888888888889,7.861064752747225
0452283442,The Darwin Awards: Evolution in Action,Wendy Northcutt,2002,Plume Books,http://images.amazon.com/images/P/0452283442.01.THUMBZZZ.jpg,http://images.amazon.com/images/P/0452283442.01.MZZZZZZZ.jpg,http://images.amazon.com/images/P/0452283442.01.LZZZZZZZ.jpg,The Darwin Awards: Evolution in Action Wendy Northcutt Plume Books,29,7.620689655172414,7.713691384278969
0452284937,Girl With a Pearl Earring,Tracy Chevalier,2003,Plume Books,http://images.amazon.com/images/P/0452284937.01.THUMBZZZ.jpg,http://images.amazon.com/images/P/0452284937.01.MZZZZZZZ.jpg,http://images.amazon.com/images/P/0452284937.01.LZZZZZZZ.jpg,Girl With a Pearl Earring Tracy Chevalier Plume Books,15,8.0,7.913453652276271
048627263X,Flatland: A Romance of Many Dimensions (Dover Thrift Editions),Edwin A. Abbott,1992,Dover Publications,http://images.amazon.com/images/P/048627263X.01.THUMBZZZ.jpg,http://images.amazon.com/images/P/048627263X.01.MZZZZZZZ.jpg,http://images.amazon.com/images/P/048627263X.01.LZZZZZZZ.jpg,Flatland: A Romance of Many Dimensions (Dover Thrift Editions) Edwin A. Abbott Dover Publications,11,7.909090909090909,7.870028317086113
0515102652,The Cat Who Talked to Ghosts,Lilian Jackson Braun,1996,Jove Books,http://images.amazon.com/images/P/0515102652.01.THUMBZZZ.jpg,http://images.amazon.com/images/P/0515102652.01.MZZZZZZZ.jpg,http://images.amazon.com/images/P/0515102652.01.LZZZZZZZ.jpg,The Cat Who Talked to Ghosts Lilian Jackson Braun Jove Books,23,7.086956521739131,7.441183205341152
051511992X,That Camden Summer,Lavyrle Spencer,1997,Jove Books,http://images.amazon.com/images/P/051511992X.01.THUMBZZZ.jpg,http://images.amazon.com/images/P/051511992X.01.MZZZZZZZ.jpg,http://images.amazon.com/images/P/051511992X.01.LZZZZZZZ.jpg,That Camden Summer Lavyrle Spencer Jove Books,29,7.931034482758621,7.897364853666725
0515120618,Montana Sky,Nora Roberts,2000,Jove Books,http://images.amazon.com/images/P/0515120618.01.THUMBZZZ.jpg,http://images.amazon.com/images/P/0515120618.01.MZZZZZZZ.jpg,http://images.amazon.com/images/P/0515120618.01.LZZZZZZZ.jpg,Montana Sky Nora Roberts Jove Books,28,8.035714285714286,7.9577266214514495
0515121495,The List,Steven Paul Martini,1997,Jove Books,http://images.amazon.com/images/P/0515121495.01.THUMBZZZ.jpg,http://images.amazon.com/images/P/0515121495.01.MZZZZZZZ.jpg,http://images.amazon.com/images/P/0515121495.01.LZZZZZZZ.jpg,The List Steven Paul Martini Jove Books,15,6.6,7.313453652276271
0515122491,The Maze,Catherine Coulter,1998,Jove Books,http://images.amazon.com/images/P/0515122491.01.THUMBZZZ.jpg,http://images.amazon.com/images/P/0515122491.01.MZZZZZZZ.jpg,http://images.amazon.com/images/P/0515122491.01.LZZZZZZZ.jpg,The Maze Catherine Coulter Jove Books,19,7.473684210526316,7.665919944350501
0515126489,Critical Mass,Steven Paul Martini,1999,Jove Books,http://images.amazon.com/images/P/0515126489.01.THUMBZZZ.jpg,http://images.amazon.com/images/P/0515126489.01.MZZZZZZZ.jpg,http://images.amazon.com/images/P/0515126489.01.LZZZZZZZ.jpg,Critical Mass Steven Paul Martini Jove Books,17,6.882352941176471,7.404618319720798
0515126772,Jewels of the Sun (Irish Trilogy),Nora Roberts,2004,Jove Books,http://images.amazon.com/images/P/0515126772.01.THUMBZZZ.jpg,http://images.amazon.com/images/P/0515126772.01.MZZZZZZZ.jpg,http://images.amazon.com/images/P/0515126772.01.LZZZZZZZ.jpg,Jewels of the Sun (Irish Trilogy) Nora Roberts Jove Books,53,8.11320754716981,8.040696956570814
0515128554,Heart of the Sea (Irish Trilogy),Nora Roberts,2000,Jove Books,http://images.amazon.com/images/P/0515128554.01.THUMBZZZ.jpg,http://images.amazon.com/images/P/0515128554.01.MZZZZZZZ.jpg,http://images.amazon.com/images/P/0515128554.01.LZZZZZZZ.jpg,Heart of the Sea (Irish Trilogy) Nora Roberts Jove Books,58,7.844827586206897,7.845780484995764
0515130966,Riptide,Catherine Coulter,2001,Jove Books,http://images.amazon.com/images/P/0515130966.01.THUMBZZZ.jpg,http://images.amazon.com/images/P/0515130966.01.MZZZZZZZ.jpg,http://images.amazon.com/images/P/0515130966.01.LZZZZZZZ.jpg,Riptide Catherine Coulter Jove Books,23,6.913043478260869,7.348159949527197
0515132020,Heaven and Earth (Three Sisters Island Trilogy),Nora Roberts,2003,Jove Books,http://images.amazon.com/images/P/0515132020.01.THUMBZZZ.jpg,http://images.amazon.com/images/P/0515132020.01.MZZZZZZZ.jpg,http://images.amazon.com/images/P/0515132020.01.LZZZZZZZ.jpg,Heaven and Earth (Three Sisters Island Trilogy) Nora Roberts Jove Books,67,7.970149253731344,7.942193998042178
0515132136,The Jury,Steve Martini,2002,Jove Books,http://images.amazon.com/images/P/0515132136.01.THUMBZZZ.jpg,http://images.amazon.com/images/P/0515132136.01.MZZZZZZZ.jpg,http://images.amazon.com/images/P/0515132136.01.LZZZZZZZ.jpg,The Jury Steve Martini Jove Books,17,7.235294117647059,7.566780481882961
0515132268,The Cat Who Smelled a Rat (Cat Who... (Paperback)),Lilian Jackson Braun,2002,Jove Books,http://images.amazon.com/images/P/0515132268.01.THUMBZZZ.jpg,http://images.amazon.com/images/P/0515132268.01.MZZZZZZZ.jpg,http://images.amazon.com/images/P/0515132268.01.LZZZZZZZ.jpg,The Cat Who Smelled a Rat (Cat Who... (Paperback)) Lilian Jackson Braun Jove Books,18,7.222222222222222,7.551865206043935
0515135739,Eleventh Hour: An FBI Thriller (FBI Thriller (Jove Paperback)),Catherine Coulter,2004,Jove Books,http://images.amazon.com/images/P/0515135739.01.THUMBZZZ.jpg,http://images.amazon.com/images/P/0515135739.01.MZZZZZZZ.jpg,http://images.amazon.com/images/P/0515135739.01.LZZZZZZZ.jpg,Eleventh Hour: An FBI Thriller (FBI Thriller (Jove Paperback)) Catherine Coulter Jove Books,27,7.814814814814815,7.829167613397225
052594527X,Girl With a Pearl Earring,Tracy Chevalier,1999,Dutton Books,http://images.amazon.com/images/P/052594527X.01.THUMBZZZ.jpg,http://images.amazon.com/images/P/052594527X.01.MZZZZZZZ.jpg,http://images.amazon.com/images/P/052594527X.01.LZZZZZZZ.jpg,Girl With a Pearl Earring Tracy Chevalier Dutton Books,19,8.631578947368421,8.230022508453064
0552143774,Horse Whisperer,Nicholas Evans,0,Bantam Doubleday Dell,http://images.amazon.com/images/P/0552143774.01.THUMBZZZ.jpg,http://images.amazon.com/images/P/0552143774.01.MZZZZZZZ.jpg,http://images.amazon.com/images/P/0552143774.01.LZZZZZZZ.jpg,Horse Whisperer Nicholas Evans Bantam Doubleday Dell,17,7.352941176470588,7.620834535937014
055321313X,Anne of Green Gables (Anne of Green Gables Novels (Paperback)),L.M. MONTGOMERY,1982,Bantam Classics,http://images.amazon.com/images/P/055321313X.01.THUMBZZZ.jpg,http://images.amazon.com/images/P/055321313X.01.MZZZZZZZ.jpg,http://images.amazon.com/images/P/055321313X.01.LZZZZZZZ.jpg,Anne of Green Gables (Anne of Green Gables Novels (Paperback)) L.M. MONTGOMERY Bantam Classics,45,8.911111111111111,8.584167351225686
0553213148,Anne of Avonlea (Anne of Green Gables Novels (Paperback)),L.M. MONTGOMERY,1984,Bantam Classics,http://images.amazon.com/images/P/0553213148.01.THUMBZZZ.jpg,http://images.amazon.com/images/P/0553213148.01.MZZZZZZZ.jpg,http://images.amazon.com/images/P/0553213148.01.LZZZZZZZ.jpg,Anne of Avonlea (Anne of Green Gables Novels (Paperback)) L.M. MONTGOMERY Bantam Classics,39,8.76923076923077,8.457133522536772
0553265741,Sacred Sins,Nora Roberts,1990,Bantam Books,http://images.amazon.com/images/P/0553265741.01.THUMBZZZ.jpg,http://images.amazon.com/images/P/0553265741.01.MZZZZZZZ.jpg,http://images.amazon.com/images/P/0553265741.01.LZZZZZZZ.jpg,Sacred Sins Nora Roberts Bantam Books,28,7.464285714285714,7.624393288118116
0553277472,Zen and the Art of Motorcycle Maintenance: An Inquiry into Values,ROBERT PIRSIG,1984,Bantam,http://images.amazon.com/images/P/0553277472.01.THUMBZZZ.jpg,http://images.amazon.com/images/P/0553277472.01.MZZZZZZZ.jpg,http://images.amazon.com/images/P/0553277472.01.LZZZZZZZ.jpg,Zen and the Art of Motorcycle Maintenance: An Inquiry into Values ROBERT PIRSIG Bantam,43,7.8604651162790695,7.856680600470944
0553278029,A Great Deliverance,Elizabeth George,1989,Bantam Books,http://images.amazon.com/images/P/0553278029.01.THUMBZZZ.jpg,http://images.amazon.com/images/P/0553278029.01.MZZZZZZZ.jpg,http://images.amazon.com/images/P/0553278029.01.LZZZZZZZ.jpg,A Great Deliverance Elizabeth George Bantam Books,16,7.875,7.860302161935264
0553278746,The Postman (Bantam Classics),David Brin,1990,Spectra Books,http://images.amazon.com/images/P/0553278746.01.THUMBZZZ.jpg,http://images.amazon.com/images/P/0553278746.01.MZZZZZZZ.jpg,http://images.amazon.com/images/P/0553278746.01.LZZZZZZZ.jpg,The Postman (Bantam Classics) David Brin Spectra Books,18,8.055555555555555,7.946602048149197
0553279556,E Is for Evidence: A Kinsey Millhone Mystery (Kinsey Millhone Mysteries (Paperback)),Sue Grafton,1989,Bantam,http://images.amazon.com/images/P/0553279556.01.THUMBZZZ.jpg,http://images.amazon.com/images/P/0553279556.01.MZZZZZZZ.jpg,http://images.amazon.com/images/P/0553279556.01.LZZZZZZZ.jpg,E Is for Evidence: A Kinsey Millhone Mystery (Kinsey Millhone Mysteries (Paperback)) Sue Grafton Bantam,45,8.155555555555555,8.061090428148761
0553289411,The Plains of Passage (Earth's Children (Paperback)),JEAN M. AUEL,1991,Bantam,http://images.amazon.com/images/P/0553289411.01.THUMBZZZ.jpg,http://images.amazon.com/images/P/0553289411.01.MZZZZZZZ.jpg,http://images.amazon.com/images/P/0553289411.01.LZZZZZZZ.jpg,The Plains of Passage (Earth's Children (Paperback)) JEAN M. AUEL Bantam,39,7.6923076923076925,7.745269115757111
055328942X,"The Shelters of Stone (Earth's Children, Book 5)",JEAN M. AUEL,2003,Bantam,http://images.amazon.com/images/P/055328942X.01.THUMBZZZ.jpg,http://images.amazon.com/images/P/055328942X.01.MZZZZZZZ.jpg,http://images.amazon.com/images/P/055328942X.01.LZZZZZZZ.jpg,"The Shelters of Stone (Earth's Children, Book 5) JEAN M. AUEL Bantam",16,7.4375,7.66585771749082
0553294903,Divine Evil,NORA ROBERTS,1992,Bantam,http://images.amazon.com/images/P/0553294903.01.THUMBZZZ.jpg,http://images.amazon.com/images/P/0553294903.01.MZZZZZZZ.jpg,http://images.amazon.com/images/P/0553294903.01.LZZZZZZZ.jpg,Divine Evil NORA ROBERTS Bantam,21,7.857142857142857,7.852948239748037
0553348981,Jitterbug Perfume,TOM ROBBINS,1990,Bantam,http://images.amazon.com/images/P/0553348981.01.THUMBZZZ.jpg,http://images.amazon.com/images/P/0553348981.01.MZZZZZZZ.jpg,http://images.amazon.com/images/P/0553348981.01.LZZZZZZZ.jpg,Jitterbug Perfume TOM ROBBINS Bantam,18,8.555555555555555,8.183444153412356
0553375407,Ishmael: An Adventure of the Mind and Spirit,Daniel Quinn,1995,Bantam,http://images.amazon.com/images/P/0553375407.01.THUMBZZZ.jpg,http://images.amazon.com/images/P/0553375407.01.MZZZZZZZ.jpg,http://images.amazon.com/images/P/0553375407.01.LZZZZZZZ.jpg,Ishmael: An Adventure of the Mind and Spirit Daniel Quinn Bantam,42,8.357142857142858,8.193078674672089
055337933X,Fierce Invalids Home from Hot Climates,TOM ROBBINS,2001,Bantam,http://images.amazon.com/images/P/055337933X.01.THUMBZZZ.jpg,http://images.amazon.com/images/P/055337933X.01.MZZZZZZZ.jpg,http://images.amazon.com/images/P/055337933X.01.LZZZZZZZ.jpg,Fierce Invalids Home from Hot Climates TOM ROBBINS Bantam,12,7.916666666666667,7.8740899321771725
0553382179,Sink Reflections,MARLA CILLEY,2002,Bantam,http://images.amazon.com/images/P/0553382179.01.THUMBZZZ.jpg,http://images.amazon.com/images/P/0553382179.01.MZZZZZZZ.jpg,http://images.amazon.com/images/P/0553382179.01.LZZZZZZZ.jpg,Sink Reflections MARLA CILLEY Bantam,16,8.6875,8.221413273046375
055356160X,Cry Wolf,TAMI HOAG,1993,Bantam,http://images.amazon.com/images/P/055356160X.01.THUMBZZZ.jpg,http://images.amazon.com/images/P/055356160X.01.MZZZZZZZ.jpg,http://images.amazon.com/images/P/055356160X.01.LZZZZZZZ.jpg,Cry Wolf TAMI HOAG Bantam,28,7.714285714285714,7.770226621451448
055356451X,Night Sins,TAMI HOAG,1995,Bantam,http://images.amazon.com/images/P/055356451X.01.THUMBZZZ.jpg,http://images.amazon.com/images/P/055356451X.01.MZZZZZZZ.jpg,http://images.amazon.com/images/P/055356451X.01.LZZZZZZZ.jpg,Night Sins TAMI HOAG Bantam,44,7.886363636363637,7.874544966088586
0553569031,Gone But Not Forgotten,PHILLIP M. MARGOLIN,1994,Bantam,http://images.amazon.com/images/P/0553569031.01.THUMBZZZ.jpg,http://images.amazon.com/images/P/0553569031.01.MZZZZZZZ.jpg,http://images.amazon.com/images/P/0553569031.01.LZZZZZZZ.jpg,Gone But Not Forgotten PHILLIP M. MARGOLIN Bantam,20,7.85,7.849271945741737
0553569155,Seinlanguage,Jerry Seinfeld,1995,Bantam Books,http://images.amazon.com/images/P/0553569155.01.THUMBZZZ.jpg,http://images.amazon.com/images/P/0553569155.01.MZZZZZZZ.jpg,http://images.amazon.com/images/P/0553569155.01.LZZZZZZZ.jpg,Seinlanguage Jerry Seinfeld Bantam Books,27,7.2592592592592595,7.510018677227011
0553569910,The Ugly Duckling,Iris Johansen,1997,Bantam Books,http://images.amazon.com/images/P/0553569910.01.THUMBZZZ.jpg,http://images.amazon.com/images/P/0553569910.01.MZZZZZZZ.jpg,http://images.amazon.com/images/P/0553569910.01.LZZZZZZZ.jpg,The Ugly Duckling Iris Johansen Bantam Books,31,7.709677419354839,7.764134859405283
055357230X,The Clinic (Alex Delaware Novels (Paperback)),Jonathan Kellerman,1999,Bantam Books,http://images.amazon.com/images/P/055357230X.01.THUMBZZZ.jpg,http://images.amazon.com/images/P/055357230X.01.MZZZZZZZ.jpg,http://images.amazon.com/images/P/055357230X.01.LZZZZZZZ.jpg,The Clinic (Alex Delaware Novels (Paperback)) Jonathan Kellerman Bantam Books,26,7.1923076923076925,7.477627778905859
0553573403,"A Game of Thrones (A Song of Ice and Fire, Book 1)",George R.R. Martin,1997,Spectra Books,http://images.amazon.com/images/P/0553573403.01.THUMBZZZ.jpg,http://images.amazon.com/images/P/0553573403.01.MZZZZZZZ.jpg,http://images.amazon.com/images/P/0553573403.01.LZZZZZZZ.jpg,"A Game of Thrones (A Song of Ice and Fire, Book 1) George R.R. Martin Spectra Books",22,8.636363636363637,8.261211376896894
0553580272,"House Atreides (Dune: House Trilogy, Book 1)",Brian Herbert,2000,Spectra Books,http://images.amazon.com/images/P/0553580272.01.THUMBZZZ.jpg,http://images.amazon.com/images/P/0553580272.01.MZZZZZZZ.jpg,http://images.amazon.com/images/P/0553580272.01.LZZZZZZZ.jpg,"House Atreides (Dune: House Trilogy, Book 1) Brian Herbert Spectra Books",20,7.85,7.849271945741737
0553580930,A Man in Full,Tom Wolfe,1999,Bantam,http://images.amazon.com/images/P/0553580930.01.THUMBZZZ.jpg,http://images.amazon.com/images/P/0553580930.01.MZZZZZZZ.jpg,http://images.amazon.com/images/P/0553580930.01.LZZZZZZZ.jpg,A Man in Full Tom Wolfe Bantam,22,7.2727272727272725,7.546925662611179
0553581554,The Killing Game: Only One Can Win...and the Loser Dies,Iris Johansen,2000,Bantam Books,http://images.amazon.com/images/P/0553581554.01.THUMBZZZ.jpg,http://images.amazon.com/images/P/0553581554.01.MZZZZZZZ.jpg,http://images.amazon.com/images/P/0553581554.01.LZZZZZZZ.jpg,The Killing Game: Only One Can Win...and the Loser Dies Iris Johansen Bantam Books,25,7.76,7.799352840659322
0553582135,Final Target,Iris Johansen,2002,Bantam Books,http://images.amazon.com/images/P/0553582135.01.THUMBZZZ.jpg,http://images.amazon.com/images/P/0553582135.01.MZZZZZZZ.jpg,http://images.amazon.com/images/P/0553582135.01.LZZZZZZZ.jpg,Final Target Iris Johansen Bantam Books,43,7.255813953488372,7.443982187772532
0553582143,Body of Lies,IRIS JOHANSEN,2003,Bantam,http://images.amazon.com/images/P/0553582143.01.THUMBZZZ.jpg,http://images.amazon.com/images/P/0553582143.01.MZZZZZZZ.jpg,http://images.amazon.com/images/P/0553582143.01.LZZZZZZZ.jpg,Body of Lies IRIS JOHANSEN Bantam,28,7.892857142857143,7.874393288118116
0553583956,Safe Harbor,Luanne Rice,2003,Bantam Books,http://images.amazon.com/images/P/0553583956.01.THUMBZZZ.jpg,http://images.amazon.com/images/P/0553583956.01.MZZZZZZZ.jpg,http://images.amazon.com/images/P/0553583956.01.LZZZZZZZ.jpg,Safe Harbor Luanne Rice Bantam Books,14,7.142857142857143,7.55796699499028
0553584049,The Perfect Summer,Luanne Rice,2003,Bantam Books,http://images.amazon.com/images/P/0553584049.01.THUMBZZZ.jpg,http://images.amazon.com/images/P/0553584049.01.MZZZZZZZ.jpg,http://images.amazon.com/images/P/0553584049.01.LZZZZZZZ.jpg,The Perfect Summer Luanne Rice Bantam Books,19,7.473684210526316,7.665919944350501
0553802461,Dead Aim,IRIS JOHANSEN,2003,Bantam,http://images.amazon.com/images/P/0553802461.01.THUMBZZZ.jpg,http://images.amazon.com/images/P/0553802461.01.MZZZZZZZ.jpg,http://images.amazon.com/images/P/0553802461.01.LZZZZZZZ.jpg,Dead Aim IRIS JOHANSEN Bantam,16,7.5,7.693635495268597
0571081789,Bell Jar,Sylvia Plath,0,Faber Faber Inc,http://images.amazon.com/images/P/0571081789.01.THUMBZZZ.jpg,http://images.amazon.com/images/P/0571081789.01.MZZZZZZZ.jpg,http://images.amazon.com/images/P/0571081789.01.LZZZZZZZ.jpg,Bell Jar Sylvia Plath Faber Faber Inc,14,8.285714285714286,8.028555230284397
0609809547,Tales of a Female Nomad: Living at Large in the World,Rita Golden Gelman,2002,Three Rivers Press (CA),http://images.amazon.com/images/P/0609809547.01.THUMBZZZ.jpg,http://images.amazon.com/images/P/0609809547.01.MZZZZZZZ.jpg,http://images.amazon.com/images/P/0609809547.01.LZZZZZZZ.jpg,Tales of a Female Nomad: Living at Large in the World Rita Golden Gelman Three Rivers Press (CA),6,7.333333333333333,7.729649147294982
0670805149,Lake Wobegon Days,Garrison Keillor,1985,Penguin USA,http://images.amazon.com/images/P/0670805149.01.THUMBZZZ.jpg,http://images.amazon.com/images/P/0670805149.01.MZZZZZZZ.jpg,http://images.amazon.com/images/P/0670805149.01.LZZZZZZZ.jpg,Lake Wobegon Days Garrison Keillor Penguin USA,17,8.117647058823529,7.972185887288366
0670851086,Nightmares & Dreamscapes,Stephen King,1993,Viking Books,http://images.amazon.com/images/P/0670851086.01.THUMBZZZ.jpg,http://images.amazon.com/images/P/0670851086.01.MZZZZZZZ.jpg,http://images.amazon.com/images/P/0670851086.01.LZZZZZZZ.jpg,Nightmares & Dreamscapes Stephen King Viking Books,18,7.444444444444445,7.657128363938671
0670880728,Bridget Jones's Diary,Helen Fielding,1998,Viking Books,http://images.amazon.com/images/P/0670880728.01.THUMBZZZ.jpg,http://images.amazon.com/images/P/0670880728.01.MZZZZZZZ.jpg,http://images.amazon.com/images/P/0670880728.01.LZZZZZZZ.jpg,Bridget Jones's Diary Helen Fielding Viking Books,39,7.717948717948718,7.762218268299484
067091021X,Year of Wonders: A Novel of the Plague,Geraldine Brooks,2001,Viking Books,http://images.amazon.com/images/P/067091021X.01.THUMBZZZ.jpg,http://images.amazon.com/images/P/067091021X.01.MZZZZZZZ.jpg,http://images.amazon.com/images/P/067091021X.01.LZZZZZZZ.jpg,Year of Wonders: A Novel of the Plague Geraldine Brooks Viking Books,16,8.0625,7.943635495268597
0671002481,The First Wives Club Movie Tie In,Olivia Goldsmith,1996,Pocket,http://images.amazon.com/images/P/0671002481.01.THUMBZZZ.jpg,http://images.amazon.com/images/P/0671002481.01.MZZZZZZZ.jpg,http://images.amazon.com/images/P/0671002481.01.LZZZZZZZ.jpg,The First Wives Club Movie Tie In Olivia Goldsmith Pocket,15,8.0,7.913453652276271
0671003364,Ransom,Julie Garwood,1999,Pocket,http://images.amazon.com/images/P/0671003364.01.THUMBZZZ.jpg,http://images.amazon.com/images/P/0671003364.01.MZZZZZZZ.jpg,http://images.amazon.com/images/P/0671003364.01.LZZZZZZZ.jpg,Ransom Julie Garwood Pocket,13,7.230769230769231,7.605178116050592
0671014196,The Summerhouse,Jude Deveraux,2002,Pocket,http://images.amazon.com/images/P/0671014196.01.THUMBZZZ.jpg,http://images.amazon.com/images/P/0671014196.01.MZZZZZZZ.jpg,http://images.amazon.com/images/P/0671014196.01.LZZZZZZZ.jpg,The Summerhouse Jude Deveraux Pocket,38,7.394736842105263,7.5512220315460254
0671016652,Three Wishes,Barbara Delinsky,1998,Pocket,http://images.amazon.com/images/P/0671016652.01.THUMBZZZ.jpg,http://images.amazon.com/images/P/0671016652.01.MZZZZZZZ.jpg,http://images.amazon.com/images/P/0671016652.01.LZZZZZZZ.jpg,Three Wishes Barbara Delinsky Pocket,17,7.117647058823529,7.512726427828906
067102423X,Bag of Bones,Stephen King,1999,Pocket,http://images.amazon.com/images/P/067102423X.01.THUMBZZZ.jpg,http://images.amazon.com/images/P/067102423X.01.MZZZZZZZ.jpg,http://images.amazon.com/images/P/067102423X.01.LZZZZZZZ.jpg,Bag of Bones Stephen King Pocket,66,7.818181818181818,7.825242765461273
0671025333,Empty Promises,Ann Rule,2000,Pocket,http://images.amazon.com/images/P/0671025333.01.THUMBZZZ.jpg,http://images.amazon.com/images/P/0671025333.01.MZZZZZZZ.jpg,http://images.amazon.com/images/P/0671025333.01.LZZZZZZZ.jpg,Empty Promises Ann Rule Pocket,20,6.3,7.074271945741738
0671027573,Mr. Perfect,Linda Howard,2001,Pocket Star,http://images.amazon.com/images/P/0671027573.01.THUMBZZZ.jpg,http://images.amazon.com/images/P/0671027573.01.MZZZZZZZ.jpg,http://images.amazon.com/images/P/0671027573.01.LZZZZZZZ.jpg,Mr. Perfect Linda Howard Pocket Star,24,8.083333333333334,7.976610859765216
067103619X,Lake News,Barbara Delinsky,2000,Pocket,http://images.amazon.com/images/P/067103619X.01.THUMBZZZ.jpg,http://images.amazon.com/images/P/067103619X.01.MZZZZZZZ.jpg,http://images.amazon.com/images/P/067103619X.01.LZZZZZZZ.jpg,Lake News Barbara Delinsky Pocket,14,7.071428571428571,7.528555230284397
0671036505,The Vineyard,Barbara Delinsky,2001,Pocket Books,http://images.amazon.com/images/P/0671036505.01.THUMBZZZ.jpg,http://images.amazon.com/images/P/0671036505.01.MZZZZZZZ.jpg,http://images.amazon.com/images/P/0671036505.01.LZZZZZZZ.jpg,The Vineyard Barbara Delinsky Pocket Books,27,7.333333333333333,7.552571868716374
0671042262,The Blue Nowhere : A Novel,Jeffery Deaver,2002,Pocket,http://images.amazon.com/images/P/0671042262.01.THUMBZZZ.jpg,http://images.amazon.com/images/P/0671042262.01.MZZZZZZZ.jpg,http://images.amazon.com/images/P/0671042262.01.LZZZZZZZ.jpg,The Blue Nowhere : A Novel Jeffery Deaver Pocket,42,7.904761904761905,7.886627061768863
0671042572,Jewel (Oprah's Book Club),Bret Lott,1999,Pocket,http://images.amazon.com/images/P/0671042572.01.THUMBZZZ.jpg,http://images.amazon.com/images/P/0671042572.01.MZZZZZZZ.jpg,http://images.amazon.com/images/P/0671042572.01.LZZZZZZZ.jpg,Jewel (Oprah's Book Club) Bret Lott Pocket,31,7.612903225806452,7.705311329993519
0671525743,Night Whispers,Judith McNaught,1999,Pocket,http://images.amazon.com/images/P/0671525743.01.THUMBZZZ.jpg,http://images.amazon.com/images/P/0671525743.01.MZZZZZZZ.jpg,http://images.amazon.com/images/P/0671525743.01.LZZZZZZZ.jpg,Night Whispers Judith McNaught Pocket,21,8.142857142857142,7.999289703162671
0671534718,Melody (Logan),V.C. Andrews,1996,Pocket,http://images.amazon.com/images/P/0671534718.01.THUMBZZZ.jpg,http://images.amazon.com/images/P/0671534718.01.MZZZZZZZ.jpg,http://images.amazon.com/images/P/0671534718.01.LZZZZZZZ.jpg,Melody (Logan) V.C. Andrews Pocket,24,7.0,7.385701768856125
0671568175,Let Me Call You Sweetheart,Mary Higgins Clark,1996,Pocket,http://images.amazon.com/images/P/0671568175.01.THUMBZZZ.jpg,http://images.amazon.com/images/P/0671568175.01.MZZZZZZZ.jpg,http://images.amazon.com/images/P/0671568175.01.LZZZZZZZ.jpg,Let Me Call You Sweetheart Mary Higgins Clark Pocket,26,7.230769230769231,7.499366909340641
0671568833,Kill and Tell,Linda Howard,1998,Pocket Books,http://images.amazon.com/images/P/0671568833.01.THUMBZZZ.jpg,http://images.amazon.com/images/P/0671568833.01.MZZZZZZZ.jpg,http://images.amazon.com/images/P/0671568833.01.LZZZZZZZ.jpg,Kill and Tell Linda Howard Pocket Books,17,7.352941176470588,7.620834535937014
067164257X,GARDEN OF SHADOWS (Dollanger Saga (Paperback)),Ariel Jennifer Jones,1987,Pocket,http://images.amazon.com/images/P/067164257X.01.THUMBZZZ.jpg,http://images.amazon.com/images/P/067164257X.01.MZZZZZZZ.jpg,http://images.amazon.com/images/P/067164257X.01.LZZZZZZZ.jpg,GARDEN OF SHADOWS (Dollanger Saga (Paperback)) Ariel Jennifer Jones Pocket,21,7.857142857142857,7.852948239748037
067172262X,Hamlet,William Shakespeare,1992,Washington Square Press,http://images.amazon.com/images/P/067172262X.01.THUMBZZZ.jpg,http://images.amazon.com/images/P/067172262X.01.MZZZZZZZ.jpg,http://images.amazon.com/images/P/067172262X.01.LZZZZZZZ.jpg,Hamlet William Shakespeare Washington Square Press,21,8.619047619047619,8.24319214218706
0671864173,WAITING TO EXHALE,Terry McMillan,1993,Pocket,http://images.amazon.com/images/P/0671864173.01.THUMBZZZ.jpg,http://images.amazon.com/images/P/0671864173.01.MZZZZZZZ.jpg,http://images.amazon.com/images/P/0671864173.01.LZZZZZZZ.jpg,WAITING TO EXHALE Terry McMillan Pocket,14,7.214285714285714,7.587378759696162
0671867091,Remember Me,Mary Higgins Clark,1995,Pocket,http://images.amazon.com/images/P/0671867091.01.THUMBZZZ.jpg,http://images.amazon.com/images/P/0671867091.01.MZZZZZZZ.jpg,http://images.amazon.com/images/P/0671867091.01.LZZZZZZZ.jpg,Remember Me Mary Higgins Clark Pocket,32,7.9375,7.903286112109029
0679432477,Empire Falls,RICHARD RUSSO,2001,Knopf,http://images.amazon.com/images/P/0679432477.01.THUMBZZZ.jpg,http://images.amazon.com/images/P/0679432477.01.MZZZZZZZ.jpg,http://images.amazon.com/images/P/0679432477.01.LZZZZZZZ.jpg,Empire Falls RICHARD RUSSO Knopf,22,7.954545454545454,7.904068519754036
0679454454,Sick Puppy,Carl Hiaasen,2000,Alfred A. Knopf,http://images.amazon.com/images/P/0679454454.01.THUMBZZZ.jpg,http://images.amazon.com/images/P/0679454454.01.MZZZZZZZ.jpg,http://images.amazon.com/images/P/0679454454.01.LZZZZZZZ.jpg,Sick Puppy Carl Hiaasen Alfred A. Knopf,11,8.363636363636363,8.031318639666758
0679457313,The God of Small Things,Arundhati Roy,1997,Random House Inc,http://images.amazon.com/images/P/0679457313.01.THUMBZZZ.jpg,http://images.amazon.com/images/P/0679457313.01.MZZZZZZZ.jpg,http://images.amazon.com/images/P/0679457313.01.LZZZZZZZ.jpg,The God of Small Things Arundhati Roy Random House Inc,20,7.6,7.724271945741737
0679735666,A Natural History of the Senses,Diane Ackerman,1991,Vintage Books USA,http://images.amazon.com/images/P/0679735666.01.THUMBZZZ.jpg,http://images.amazon.com/images/P/0679735666.01.MZZZZZZZ.jpg,http://images.amazon.com/images/P/0679735666.01.LZZZZZZZ.jpg,A Natural History of the Senses Diane Ackerman Vintage Books USA,13,8.615384615384615,8.150632661505137
0679742298,The Talented Mr. Ripley (Vintage Crime/Black Lizard),Patricia Highsmith,1992,Vintage Books USA,http://images.amazon.com/images/P/0679742298.01.THUMBZZZ.jpg,http://images.amazon.com/images/P/0679742298.01.MZZZZZZZ.jpg,http://images.amazon.com/images/P/0679742298.01.LZZZZZZZ.jpg,The Talented Mr. Ripley (Vintage Crime/Black Lizard) Patricia Highsmith Vintage Books USA,16,8.8125,8.27696882860193
0679744398,"All the Pretty Horses (The Border Trilogy, Vol 1)",CORMAC MCCARTHY,1993,Vintage,http://images.amazon.com/images/P/0679744398.01.THUMBZZZ.jpg,http://images.amazon.com/images/P/0679744398.01.MZZZZZZZ.jpg,http://images.amazon.com/images/P/0679744398.01.LZZZZZZZ.jpg,"All the Pretty Horses (The Border Trilogy, Vol 1) CORMAC MCCARTHY Vintage",26,7.538461538461538,7.673279952818902
0679775439,The Wind-Up Bird Chronicle,Haruki Murakami,1998,Vintage Books USA,http://images.amazon.com/images/P/0679775439.01.THUMBZZZ.jpg,http://images.amazon.com/images/P/0679775439.01.MZZZZZZZ.jpg,http://images.amazon.com/images/P/0679775439.01.LZZZZZZZ.jpg,The Wind-Up Bird Chronicle Haruki Murakami Vintage Books USA,15,8.266666666666667,8.027739366561987
0684803860,DAUGHTER OF TIME,Josephine Tey,1995,Touchstone,http://images.amazon.com/images/P/0684803860.01.THUMBZZZ.jpg,http://images.amazon.com/images/P/0684803860.01.MZZZZZZZ.jpg,http://images.amazon.com/images/P/0684803860.01.LZZZZZZZ.jpg,DAUGHTER OF TIME Josephine Tey Touchstone,15,8.4,8.084882223704843
0684835959,YOU BELONG TO ME,Mary Higgins Clark,1998,Simon & Schuster,http://images.amazon.com/images/P/0684835959.01.THUMBZZZ.jpg,http://images.amazon.com/images/P/0684835959.01.MZZZZZZZ.jpg,http://images.amazon.com/images/P/0684835959.01.LZZZZZZZ.jpg,YOU BELONG TO ME Mary Higgins Clark Simon & Schuster,18,7.722222222222222,7.788707311307093
0684857820,Lucky,Alice Sebold,1999,Scribner,http://images.amazon.com/images/P/0684857820.01.THUMBZZZ.jpg,http://images.amazon.com/images/P/0684857820.01.MZZZZZZZ.jpg,http://images.amazon.com/images/P/0684857820.01.LZZZZZZZ.jpg,Lucky Alice Sebold Scribner,33,8.303030303030303,8.131525996786216
0684865742,Tis: A Memoir,Frank McCourt,2000,Scribner,http://images.amazon.com/images/P/0684865742.01.THUMBZZZ.jpg,http://images.amazon.com/images/P/0684865742.01.MZZZZZZZ.jpg,http://images.amazon.com/images/P/0684865742.01.LZZZZZZZ.jpg,Tis: A Memoir Frank McCourt Scribner,44,7.431818181818182,7.562044966088586
0743203631,Gap Creek: The Story Of A Marriage,Robert Morgan,2000,Touchstone,http://images.amazon.com/images/P/0743203631.01.THUMBZZZ.jpg,http://images.amazon.com/images/P/0743203631.01.MZZZZZZZ.jpg,http://images.amazon.com/images/P/0743203631.01.LZZZZZZZ.jpg,Gap Creek: The Story Of A Marriage Robert Morgan Touchstone,33,7.212121212121212,7.452280713767349
0743206061,The Second Time Around : A Novel,Mary Higgins Clark,2003,Simon & Schuster,http://images.amazon.com/images/P/0743206061.01.THUMBZZZ.jpg,http://images.amazon.com/images/P/0743206061.01.MZZZZZZZ.jpg,http://images.amazon.com/images/P/0743206061.01.LZZZZZZZ.jpg,The Second Time Around : A Novel Mary Higgins Clark Simon & Schuster,17,7.882352941176471,7.864077779180258
0743211383,Dreamcatcher,Stephen King,2001,Scribner,http://images.amazon.com/images/P/0743211383.01.THUMBZZZ.jpg,http://images.amazon.com/images/P/0743211383.01.MZZZZZZZ.jpg,http://images.amazon.com/images/P/0743211383.01.LZZZZZZZ.jpg,Dreamcatcher Stephen King Scribner,40,7.025,7.2995146304944925
074322535X,Gap Creek: The Story of a Marriage,Robert Morgan,2001,Touchstone,http://images.amazon.com/images/P/074322535X.01.THUMBZZZ.jpg,http://images.amazon.com/images/P/074322535X.01.MZZZZZZZ.jpg,http://images.amazon.com/images/P/074322535X.01.LZZZZZZZ.jpg,Gap Creek: The Story of a Marriage Robert Morgan Touchstone,29,7.379310344827586,7.570834241421827
0743245520,"Hello, Darkness",Sandra Brown,2003,Simon & Schuster,http://images.amazon.com/images/P/0743245520.01.THUMBZZZ.jpg,http://images.amazon.com/images/P/0743245520.01.MZZZZZZZ.jpg,http://images.amazon.com/images/P/0743245520.01.LZZZZZZZ.jpg,"Hello, Darkness Sandra Brown Simon & Schuster",24,7.458333333333333,7.635701768856125
0743411250,The Woman Next Door,Barbara Delinsky,2002,Pocket,http://images.amazon.com/images/P/0743411250.01.THUMBZZZ.jpg,http://images.amazon.com/images/P/0743411250.01.MZZZZZZZ.jpg,http://images.amazon.com/images/P/0743411250.01.LZZZZZZZ.jpg,The Woman Next Door Barbara Delinsky Pocket,22,7.363636363636363,7.594544710230227
0743411269,An Accidental Woman,Barbara Delinsky,2003,Pocket Books,http://images.amazon.com/images/P/0743411269.01.THUMBZZZ.jpg,http://images.amazon.com/images/P/0743411269.01.MZZZZZZZ.jpg,http://images.amazon.com/images/P/0743411269.01.LZZZZZZZ.jpg,An Accidental Woman Barbara Delinsky Pocket Books,15,7.8,7.827739366561985
0743418204,In Her Shoes : A Novel,Jennifer Weiner,2003,Washington Square Press,http://images.amazon.com/images/P/0743418204.01.THUMBZZZ.jpg,http://images.amazon.com/images/P/0743418204.01.MZZZZZZZ.jpg,http://images.amazon.com/images/P/0743418204.01.LZZZZZZZ.jpg,In Her Shoes : A Novel Jennifer Weiner Washington Square Press,50,7.7,7.742441111852422
0743437640,The Mulberry Tree,Jude Deveraux,2003,Pocket,http://images.amazon.com/images/P/0743437640.01.THUMBZZZ.jpg,http://images.amazon.com/images/P/0743437640.01.MZZZZZZZ.jpg,http://images.amazon.com/images/P/0743437640.01.LZZZZZZZ.jpg,The Mulberry Tree Jude Deveraux Pocket,29,7.551724137931035,7.6728750577483575
0743454529,"My Sister's Keeper : A Novel (Picoult, Jodi)",Jodi Picoult,2004,Atria,http://images.amazon.com/images/P/0743454529.01.THUMBZZZ.jpg,http://images.amazon.com/images/P/0743454529.01.MZZZZZZZ.jpg,http://images.amazon.com/images/P/0743454529.01.LZZZZZZZ.jpg,"My Sister's Keeper : A Novel (Picoult, Jodi) Jodi Picoult Atria",21,9.571428571428571,8.730997020235842
0743467523,Dreamcatcher,Stephen King,2003,Pocket,http://images.amazon.com/images/P/0743467523.01.THUMBZZZ.jpg,http://images.amazon.com/images/P/0743467523.01.MZZZZZZZ.jpg,http://images.amazon.com/images/P/0743467523.01.LZZZZZZZ.jpg,Dreamcatcher Stephen King Pocket,38,7.421052631578948,7.568463410856371
0753804700,Reader,Bernhard Schlink,0,Phoenix Books,http://images.amazon.com/images/P/0753804700.01.THUMBZZZ.jpg,http://images.amazon.com/images/P/0753804700.01.MZZZZZZZ.jpg,http://images.amazon.com/images/P/0753804700.01.LZZZZZZZ.jpg,Reader Bernhard Schlink Phoenix Books,4,7.0,7.707119909569563
0765341972,The Mothman Prophecies,John A. Keel,2002,Tor Books,http://images.amazon.com/images/P/0765341972.01.THUMBZZZ.jpg,http://images.amazon.com/images/P/0765341972.01.MZZZZZZZ.jpg,http://images.amazon.com/images/P/0765341972.01.LZZZZZZZ.jpg,The Mothman Prophecies John A. Keel Tor Books,21,6.0,6.901728727552915
0767902513,A Walk in the Woods: Rediscovering America on the Appalachian Trail,Bill Bryson,1998,Bantam Dell Pub Group,http://images.amazon.com/images/P/0767902513.01.THUMBZZZ.jpg,http://images.amazon.com/images/P/0767902513.01.MZZZZZZZ.jpg,http://images.amazon.com/images/P/0767902513.01.LZZZZZZZ.jpg,A Walk in the Woods: Rediscovering America on the Appalachian Trail Bill Bryson Bantam Dell Pub Group,20,8.35,8.099271945741737
0767912233,Babyville,JANE GREEN,2003,Broadway,http://images.amazon.com/images/P/0767912233.01.THUMBZZZ.jpg,http://images.amazon.com/images/P/0767912233.01.MZZZZZZZ.jpg,http://images.amazon.com/images/P/0767912233.01.LZZZZZZZ.jpg,Babyville JANE GREEN Broadway,17,7.588235294117647,7.728942644045123
0767916069,Under the Tuscan Sun : At Home in Italy,FRANCES MAYES,2003,Broadway,http://images.amazon.com/images/P/0767916069.01.THUMBZZZ.jpg,http://images.amazon.com/images/P/0767916069.01.MZZZZZZZ.jpg,http://images.amazon.com/images/P/0767916069.01.LZZZZZZZ.jpg,Under the Tuscan Sun : At Home in Italy FRANCES MAYES Broadway,21,6.571428571428571,7.194411654382183
0786861347,Don't Stand Too Close to a Naked Man,Tim Allen,1994,Hyperion Books,http://images.amazon.com/images/P/0786861347.01.THUMBZZZ.jpg,http://images.amazon.com/images/P/0786861347.01.MZZZZZZZ.jpg,http://images.amazon.com/images/P/0786861347.01.LZZZZZZZ.jpg,Don't Stand Too Close to a Naked Man Tim Allen Hyperion Books,9,7.222222222222222,7.6541682010230865
0786868619,Stolen Lives: Twenty Years in a Desert Jail,Malika Oufkir,2001,Talk Miramax Books,http://images.amazon.com/images/P/0786868619.01.THUMBZZZ.jpg,http://images.amazon.com/images/P/0786868619.01.MZZZZZZZ.jpg,http://images.amazon.com/images/P/0786868619.01.LZZZZZZZ.jpg,Stolen Lives: Twenty Years in a Desert Jail Malika Oufkir Talk Miramax Books,24,8.083333333333334,7.976610859765216
0786889608,Middle of Nowhere,Ridley Pearson,2001,Hyperion,http://images.amazon.com/images/P/0786889608.01.THUMBZZZ.jpg,http://images.amazon.com/images/P/0786889608.01.MZZZZZZZ.jpg,http://images.amazon.com/images/P/0786889608.01.LZZZZZZZ.jpg,Middle of Nowhere Ridley Pearson Hyperion,16,7.375,7.638079939713042
0805036504,N Is for Noose (Kinsey Millhone Mysteries (Hardcover)),Sue Grafton,1998,Henry Holt & Company,http://images.amazon.com/images/P/0805036504.01.THUMBZZZ.jpg,http://images.amazon.com/images/P/0805036504.01.MZZZZZZZ.jpg,http://images.amazon.com/images/P/0805036504.01.LZZZZZZZ.jpg,N Is for Noose (Kinsey Millhone Mysteries (Hardcover)) Sue Grafton Henry Holt & Company,23,7.608695652173913,7.720252972783012
084232920X,"Assassins: Assignment: Jerusalem, Target: Antichrist (Left Behind #6)",Tim Lahaye,1999,Tyndale House Publishers,http://images.amazon.com/images/P/084232920X.01.THUMBZZZ.jpg,http://images.amazon.com/images/P/084232920X.01.MZZZZZZZ.jpg,http://images.amazon.com/images/P/084232920X.01.LZZZZZZZ.jpg,"Assassins: Assignment: Jerusalem, Target: Antichrist (Left Behind #6) Tim Lahaye Tyndale House Publishers",20,8.05,7.949271945741739
0842329242,Nicolae: The Rise of Antichrist (Left Behind No. 3),Tim F. Lahaye,1998,Tyndale House Publishers,http://images.amazon.com/images/P/0842329242.01.THUMBZZZ.jpg,http://images.amazon.com/images/P/0842329242.01.MZZZZZZZ.jpg,http://images.amazon.com/images/P/0842329242.01.LZZZZZZZ.jpg,Nicolae: The Rise of Antichrist (Left Behind No. 3) Tim F. Lahaye Tyndale House Publishers,58,8.241379310344827,8.140652279867558
0842329250,Soul Harvest: The World Takes Sides (Left Behind No. 4),Tim Lahaye,1999,Tyndale House Publishers,http://images.amazon.com/images/P/0842329250.01.THUMBZZZ.jpg,http://images.amazon.com/images/P/0842329250.01.MZZZZZZZ.jpg,http://images.amazon.com/images/P/0842329250.01.LZZZZZZZ.jpg,Soul Harvest: The World Takes Sides (Left Behind No. 4) Tim Lahaye Tyndale House Publishers,45,8.511111111111111,8.307244274302608
0842342702,Left Behind: A Novel of the Earth's Last Days (Left Behind #1),Tim Lahaye,2000,Tyndale House Publishers,http://images.amazon.com/images/P/0842342702.01.THUMBZZZ.jpg,http://images.amazon.com/images/P/0842342702.01.MZZZZZZZ.jpg,http://images.amazon.com/images/P/0842342702.01.LZZZZZZZ.jpg,Left Behind: A Novel of the Earth's Last Days (Left Behind #1) Tim Lahaye Tyndale House Publishers,28,7.214285714285714,7.478559954784782
0860074382,84 Charing Cross Road,Helene Hanff,0,Warner Books> C/o Little Br,http://images.amazon.com/images/P/0860074382.01.THUMBZZZ.jpg,http://images.amazon.com/images/P/0860074382.01.MZZZZZZZ.jpg,http://images.amazon.com/images/P/0860074382.01.LZZZZZZZ.jpg,84 Charing Cross Road Helene Hanff Warner Books> C/o Little Br,19,8.368421052631579,8.101817380247937
0865471185,West With the Night,Beryl Markham,1983,North Point Press,http://images.amazon.com/images/P/0865471185.01.THUMBZZZ.jpg,http://images.amazon.com/images/P/0865471185.01.MZZZZZZZ.jpg,http://images.amazon.com/images/P/0865471185.01.LZZZZZZZ.jpg,West With the Night Beryl Markham North Point Press,13,8.615384615384615,8.150632661505137
087113795X,Peace Like a River,Leif Enger,2001,Grove/Atlantic,http://images.amazon.com/images/P/087113795X.01.THUMBZZZ.jpg,http://images.amazon.com/images/P/087113795X.01.MZZZZZZZ.jpg,http://images.amazon.com/images/P/087113795X.01.LZZZZZZZ.jpg,Peace Like a River Leif Enger Grove/Atlantic,17,8.117647058823529,7.972185887288366
0880381736,"Dragons of Autumn Twilight (Dragonlance Chronicles, Vol 1)",Margaret Weis,1990,TSR,http://images.amazon.com/images/P/0880381736.01.THUMBZZZ.jpg,http://images.amazon.com/images/P/0880381736.01.MZZZZZZZ.jpg,http://images.amazon.com/images/P/0880381736.01.LZZZZZZZ.jpg,"Dragons of Autumn Twilight (Dragonlance Chronicles, Vol 1) Margaret Weis TSR",14,8.214285714285714,7.9991434655785145
1400077826,Cold Mountain (MTI) (Vintage Contemporaries),CHARLES FRAZIER,2003,Vintage,http://images.amazon.com/images/P/1400077826.01.THUMBZZZ.jpg,http://images.amazon.com/images/P/1400077826.01.MZZZZZZZ.jpg,http://images.amazon.com/images/P/1400077826.01.LZZZZZZZ.jpg,Cold Mountain (MTI) (Vintage Contemporaries) CHARLES FRAZIER Vintage,14,8.714285714285714,8.20502581851969
155166674X,Between Friends,Debbie Macomber,2003,Mira Books,http://images.amazon.com/images/P/155166674X.01.THUMBZZZ.jpg,http://images.amazon.com/images/P/155166674X.01.MZZZZZZZ.jpg,http://images.amazon.com/images/P/155166674X.01.LZZZZZZZ.jpg,Between Friends Debbie Macomber Mira Books,19,7.631578947368421,7.742843021273577
1551667010,The Soul Catcher: A Maggie O'Dell Novel,Alex Kava,2003,Mira,http://images.amazon.com/images/P/1551667010.01.THUMBZZZ.jpg,http://images.amazon.com/images/P/1551667010.01.MZZZZZZZ.jpg,http://images.amazon.com/images/P/1551667010.01.LZZZZZZZ.jpg,The Soul Catcher: A Maggie O'Dell Novel Alex Kava Mira,13,7.230769230769231,7.605178116050592
1558744606,Chicken Soup for the Mother's Soul (Chicken Soup for the Soul Series (Paper)),Jack Canfield,1997,Health Communications,http://images.amazon.com/images/P/1558744606.01.THUMBZZZ.jpg,http://images.amazon.com/images/P/1558744606.01.MZZZZZZZ.jpg,http://images.amazon.com/images/P/1558744606.01.LZZZZZZZ.jpg,Chicken Soup for the Mother's Soul (Chicken Soup for the Soul Series (Paper)) Jack Canfield Health Communications,14,7.642857142857143,7.7638493479314565
1563890119,"Preludes and Nocturnes (Sandman, Book 1)",Neil Gaiman,1993,DC Comics,http://images.amazon.com/images/P/1563890119.01.THUMBZZZ.jpg,http://images.amazon.com/images/P/1563890119.01.MZZZZZZZ.jpg,http://images.amazon.com/images/P/1563890119.01.LZZZZZZZ.jpg,"Preludes and Nocturnes (Sandman, Book 1) Neil Gaiman DC Comics",15,8.666666666666666,8.199167937990557
1573221937,How to Be Good,Nick Hornby,2001,Riverhead Books,http://images.amazon.com/images/P/1573221937.01.THUMBZZZ.jpg,http://images.amazon.com/images/P/1573221937.01.MZZZZZZZ.jpg,http://images.amazon.com/images/P/1573221937.01.LZZZZZZZ.jpg,How to Be Good Nick Hornby Riverhead Books,28,6.571428571428571,7.103559954784782
1573229571,About a Boy (Movie Tie-In),Nick Hornby,2002,Riverhead Books,http://images.amazon.com/images/P/1573229571.01.THUMBZZZ.jpg,http://images.amazon.com/images/P/1573229571.01.MZZZZZZZ.jpg,http://images.amazon.com/images/P/1573229571.01.LZZZZZZZ.jpg,About a Boy (Movie Tie-In) Nick Hornby Riverhead Books,42,7.880952380952381,7.870498029510799
1592400876,"Eats, Shoots & Leaves: The Zero Tolerance Approach to Punctuation",Lynne Truss,2004,Gotham Books,http://images.amazon.com/images/P/1592400876.01.THUMBZZZ.jpg,http://images.amazon.com/images/P/1592400876.01.MZZZZZZZ.jpg,http://images.amazon.com/images/P/1592400876.01.LZZZZZZZ.jpg,"Eats, Shoots & Leaves: The Zero Tolerance Approach to Punctuation Lynne Truss Gotham Books",48,8.458333333333334,8.27898349749514
1853260207,Jane Eyre (Wordsworth Classics),Charlotte Bronte,1997,NTC/Contemporary Publishing Company,http://images.amazon.com/images/P/1853260207.01.THUMBZZZ.jpg,http://images.amazon.com/images/P/1853260207.01.MZZZZZZZ.jpg,http://images.amazon.com/images/P/1853260207.01.LZZZZZZZ.jpg,Jane Eyre (Wordsworth Classics) Charlotte Bronte NTC/Contemporary Publishing Company,11,7.909090909090909,7.870028317086113
1853261580,The Little Prince (Wordsworth Collection),Antoine de Saint-ExupÃ©ry,1998,NTC/Contemporary Publishing Company,http://images.amazon.com/images/P/1853261580.01.THUMBZZZ.jpg,http://images.amazon.com/images/P/1853261580.01.MZZZZZZZ.jpg,http://images.amazon.com/images/P/1853261580.01.LZZZZZZZ.jpg,The Little Prince (Wordsworth Collection) Antoine de Saint-ExupÃ©ry NTC/Contemporary Publishing Company,9,8.11111111111111,7.930030269988604
1857022424,Shipping News,E Annie Proulx,0,Fourth Estate,http://images.amazon.com/images/P/1857022424.01.THUMBZZZ.jpg,http://images.amazon.com/images/P/1857022424.01.MZZZZZZZ.jpg,http://images.amazon.com/images/P/1857022424.01.LZZZZZZZ.jpg,Shipping News E Annie Proulx Fourth Estate,12,8.25,7.9990899321771725
1878424114,The Seven Spiritual Laws of Success: A Practical Guide to the Fulfillment of Your Dreams (based on Creating Affluence),Deepak Chopra,1995,New World Library,http://images.amazon.com/images/P/1878424114.01.THUMBZZZ.jpg,http://images.amazon.com/images/P/1878424114.01.MZZZZZZZ.jpg,http://images.amazon.com/images/P/1878424114.01.LZZZZZZZ.jpg,The Seven Spiritual Laws of Success: A Practical Guide to the Fulfillment of Your Dreams (based on Creating Affluence) Deepak Chopra New World Library,15,7.266666666666667,7.599167937990557
1931561648,The Time Traveler's Wife (Today Show Book Club #15),Audrey Niffenegger,2003,MacAdam/Cage Publishing,http://images.amazon.com/images/P/1931561648.01.THUMBZZZ.jpg,http://images.amazon.com/images/P/1931561648.01.MZZZZZZZ.jpg,http://images.amazon.com/images/P/1931561648.01.LZZZZZZZ.jpg,The Time Traveler's Wife (Today Show Book Club #15) Audrey Niffenegger MacAdam/Cage Publishing,24,8.958333333333334,8.453883587037943
2253044903,Le Parfum : Histoire d'un meurtrier,Patrick SÃ?Â¼skind,1988,LGF,http://images.amazon.com/images/P/2253044903.01.THUMBZZZ.jpg,http://images.amazon.com/images/P/2253044903.01.MZZZZZZZ.jpg,http://images.amazon.com/images/P/2253044903.01.LZZZZZZZ.jpg,Le Parfum : Histoire d'un meurtrier Patrick SÃ?Â¼skind LGF,5,9.0,8.07883511318678
2290311782,Je Voudrais Que Quelqu'un M'Attende Quelque Part,Anna Gavalda,2001,Editions J'Ai Lu,http://images.amazon.com/images/P/2290311782.01.THUMBZZZ.jpg,http://images.amazon.com/images/P/2290311782.01.MZZZZZZZ.jpg,http://images.amazon.com/images/P/2290311782.01.LZZZZZZZ.jpg,Je Voudrais Que Quelqu'un M'Attende Quelque Part Anna Gavalda Editions J'Ai Lu,7,7.857142857142857,7.850773252950722
325722575X,Der Hahn ist tot. Roman.,Ingrid Noll,1993,Diogenes Verlag,http://images.amazon.com/images/P/325722575X.01.THUMBZZZ.jpg,http://images.amazon.com/images/P/325722575X.01.MZZZZZZZ.jpg,http://images.amazon.com/images/P/325722575X.01.LZZZZZZZ.jpg,Der Hahn ist tot. Roman. Ingrid Noll Diogenes Verlag,8,8.375,7.998959922488197
3379015180,Schlafes Bruder,Robert Schneider,1994,"Reclam, Leipzig",http://images.amazon.com/images/P/3379015180.01.THUMBZZZ.jpg,http://images.amazon.com/images/P/3379015180.01.MZZZZZZZ.jpg,http://images.amazon.com/images/P/3379015180.01.LZZZZZZZ.jpg,"Schlafes Bruder Robert Schneider Reclam, Leipzig",2,7.5,7.816858083166796
3404148665,Illuminati.,Dan Brown,2003,LÃ?Â¼bbe,http://images.amazon.com/images/P/3404148665.01.THUMBZZZ.jpg,http://images.amazon.com/images/P/3404148665.01.MZZZZZZZ.jpg,http://images.amazon.com/images/P/3404148665.01.LZZZZZZZ.jpg,Illuminati. Dan Brown LÃ?Â¼bbe,7,7.857142857142857,7.850773252950722
3423202947,Hunde von Riga.,Henning Mankell,2000,Dtv,http://images.amazon.com/images/P/3423202947.01.THUMBZZZ.jpg,http://images.amazon.com/images/P/3423202947.01.MZZZZZZZ.jpg,http://images.amazon.com/images/P/3423202947.01.LZZZZZZZ.jpg,Hunde von Riga. Henning Mankell Dtv,10,7.6,7.76569592765565
3442092981,Felidae. Roman.,Akif Pirincci,1989,Goldmann,http://images.amazon.com/images/P/3442092981.01.THUMBZZZ.jpg,http://images.amazon.com/images/P/3442092981.01.MZZZZZZZ.jpg,http://images.amazon.com/images/P/3442092981.01.LZZZZZZZ.jpg,Felidae. Roman. Akif Pirincci Goldmann,7,8.857142857142858,8.110032512209981
3442541751,Russendisko.,Wladimir Kaminer,2002,Goldmann,http://images.amazon.com/images/P/3442541751.01.THUMBZZZ.jpg,http://images.amazon.com/images/P/3442541751.01.MZZZZZZZ.jpg,http://images.amazon.com/images/P/3442541751.01.LZZZZZZZ.jpg,Russendisko. Wladimir Kaminer Goldmann,5,5.6,7.398835113186781
3596259924,Die Unertragliche Leichtigkeit des Seins...The Unbearable Lightness of Being,Milan Kundera,1997,Distribooks Inc,http://images.amazon.com/images/P/3596259924.01.THUMBZZZ.jpg,http://images.amazon.com/images/P/3596259924.01.MZZZZZZZ.jpg,http://images.amazon.com/images/P/3596259924.01.LZZZZZZZ.jpg,Die Unertragliche Leichtigkeit des Seins...The Unbearable Lightness of Being Milan Kundera Distribooks Inc,6,8.666666666666666,8.037341454987288
8408043641,La Sombra Del Viento/The Shadow Of The Wind,Carlos Ruiz Zafon,2003,Planeta Pub Corp,http://images.amazon.com/images/P/8408043641.01.THUMBZZZ.jpg,http://images.amazon.com/images/P/8408043641.01.MZZZZZZZ.jpg,http://images.amazon.com/images/P/8408043641.01.LZZZZZZZ.jpg,La Sombra Del Viento/The Shadow Of The Wind Carlos Ruiz Zafon Planeta Pub Corp,3,7.333333333333333,7.781342514333457
0060932759,Daughter of Fortune,Isabel Allende,2000,Perennial,http://images.amazon.com/images/P/0060932759.01.THUMBZZZ.jpg,http://images.amazon.com/images/P/0060932759.01.MZZZZZZZ.jpg,http://images.amazon.com/images/P/0060932759.01.LZZZZZZZ.jpg,Daughter of Fortune Isabel Allende Perennial,25,7.52,7.66601950732599
0515093203,The Cat Who Played Post Office (Cat Who... (Paperback)),Lilian Jackson Braun,1991,Jove Books,http://images.amazon.com/images/P/0515093203.01.THUMBZZZ.jpg,http://images.amazon.com/images/P/0515093203.01.MZZZZZZZ.jpg,http://images.amazon.com/images/P/0515093203.01.LZZZZZZZ.jpg,The Cat Who Played Post Office (Cat Who... (Paperback)) Lilian Jackson Braun Jove Books,19,7.105263157894737,7.486432764863321
0515129941,The Cat Who Robbed a Bank (Cat Who... (Paperback)),Lilian Jackson Braun,2001,Jove Books,http://images.amazon.com/images/P/0515129941.01.THUMBZZZ.jpg,http://images.amazon.com/images/P/0515129941.01.MZZZZZZZ.jpg,http://images.amazon.com/images/P/0515129941.01.LZZZZZZZ.jpg,The Cat Who Robbed a Bank (Cat Who... (Paperback)) Lilian Jackson Braun Jove Books,16,6.5625,7.27696882860193
0618002235,"The Two Towers (The Lord of the Rings, Part 2)",J. R. R. Tolkien,1999,Houghton Mifflin Company,http://images.amazon.com/images/P/0618002235.01.THUMBZZZ.jpg,http://images.amazon.com/images/P/0618002235.01.MZZZZZZZ.jpg,http://images.amazon.com/images/P/0618002235.01.LZZZZZZZ.jpg,"The Two Towers (The Lord of the Rings, Part 2) J. R. R. Tolkien Houghton Mifflin Company",20,9.7,8.774271945741738
0064400018,Little House in the Big Woods,Laura Ingalls Wilder,1953,HarperTrophy,http://images.amazon.com/images/P/0064400018.01.THUMBZZZ.jpg,http://images.amazon.com/images/P/0064400018.01.MZZZZZZZ.jpg,http://images.amazon.com/images/P/0064400018.01.LZZZZZZZ.jpg,Little House in the Big Woods Laura Ingalls Wilder HarperTrophy,20,9.0,8.424271945741738
0064471055,Prince Caspian (rack) : The Return to Narnia (Narnia),C. S. Lewis,1994,HarperCollins,http://images.amazon.com/images/P/0064471055.01.THUMBZZZ.jpg,http://images.amazon.com/images/P/0064471055.01.MZZZZZZZ.jpg,http://images.amazon.com/images/P/0064471055.01.LZZZZZZZ.jpg,Prince Caspian (rack) : The Return to Narnia (Narnia) C. S. Lewis HarperCollins,21,8.571428571428571,8.218801898284623
0064471063,The Horse and His Boy,C. S. Lewis,1994,HarperCollins,http://images.amazon.com/images/P/0064471063.01.THUMBZZZ.jpg,http://images.amazon.com/images/P/0064471063.01.MZZZZZZZ.jpg,http://images.amazon.com/images/P/0064471063.01.LZZZZZZZ.jpg,The Horse and His Boy C. S. Lewis HarperCollins,26,8.5,8.216758213688468
0060505885,The Scandalous Summer of Sissy LeBlanc : A Novel,Loraine Despres,2002,Perennial,http://images.amazon.com/images/P/0060505885.01.THUMBZZZ.jpg,http://images.amazon.com/images/P/0060505885.01.MZZZZZZZ.jpg,http://images.amazon.com/images/P/0060505885.01.LZZZZZZZ.jpg,The Scandalous Summer of Sissy LeBlanc : A Novel Loraine Despres Perennial,19,7.315789473684211,7.588996867427423
0446530522,Cane River,Lalita Tademy,2001,Warner Books,http://images.amazon.com/images/P/0446530522.01.THUMBZZZ.jpg,http://images.amazon.com/images/P/0446530522.01.MZZZZZZZ.jpg,http://images.amazon.com/images/P/0446530522.01.LZZZZZZZ.jpg,Cane River Lalita Tademy Warner Books,21,8.761904761904763,8.316362873894379
0060740450,One Hundred Years of Solitude (Oprah's Book Club),Gabriel Garcia Marquez,2004,Perennial,http://images.amazon.com/images/P/0060740450.01.THUMBZZZ.jpg,http://images.amazon.com/images/P/0060740450.01.MZZZZZZZ.jpg,http://images.amazon.com/images/P/0060740450.01.LZZZZZZZ.jpg,One Hundred Years of Solitude (Oprah's Book Club) Gabriel Garcia Marquez Perennial,17,6.705882352941177,7.323537238639718
1576737330,The Prayer of Jabez: Breaking Through to the Blessed Life,Bruce Wilkinson,2000,Multnomah,http://images.amazon.com/images/P/1576737330.01.THUMBZZZ.jpg,http://images.amazon.com/images/P/1576737330.01.MZZZZZZZ.jpg,http://images.amazon.com/images/P/1576737330.01.LZZZZZZZ.jpg,The Prayer of Jabez: Breaking Through to the Blessed Life Bruce Wilkinson Multnomah,33,7.0606060606060606,7.35794109112584
0679405283,The Tale of the Body Thief (Vampire Chronicles),Anne Rice,1992,Alfred A. Knopf,http://images.amazon.com/images/P/0679405283.01.THUMBZZZ.jpg,http://images.amazon.com/images/P/0679405283.01.MZZZZZZZ.jpg,http://images.amazon.com/images/P/0679405283.01.LZZZZZZZ.jpg,The Tale of the Body Thief (Vampire Chronicles) Anne Rice Alfred A. Knopf,21,7.142857142857143,7.487094581211451
0140620427,Sense and Sensibility (Penguin Popular Classics),Jane Austen,1994,Penguin Books Ltd,http://images.amazon.com/images/P/0140620427.01.THUMBZZZ.jpg,http://images.amazon.com/images/P/0140620427.01.MZZZZZZZ.jpg,http://images.amazon.com/images/P/0140620427.01.LZZZZZZZ.jpg,Sense and Sensibility (Penguin Popular Classics) Jane Austen Penguin Books Ltd,14,8.285714285714286,8.028555230284397
0345339738,"The Return of the King (The Lord of the Rings, Part 3)",J.R.R. TOLKIEN,1986,Del Rey,http://images.amazon.com/images/P/0345339738.01.THUMBZZZ.jpg,http://images.amazon.com/images/P/0345339738.01.MZZZZZZZ.jpg,http://images.amazon.com/images/P/0345339738.01.LZZZZZZZ.jpg,"The Return of the King (The Lord of the Rings, Part 3) J.R.R. TOLKIEN Del Rey",68,9.426470588235293,9.067850884428061
0373250134,Slightly Single (Red Dress Ink (Paperback)),Wendy Markham,2002,Red Dress Ink,http://images.amazon.com/images/P/0373250134.01.THUMBZZZ.jpg,http://images.amazon.com/images/P/0373250134.01.MZZZZZZZ.jpg,http://images.amazon.com/images/P/0373250134.01.LZZZZZZZ.jpg,Slightly Single (Red Dress Ink (Paperback)) Wendy Markham Red Dress Ink,16,6.5625,7.27696882860193
0380726238,A Drink Before the War (Patrick Kenzie/Angela Gennaro Novels),Dennis Lehane,1996,HarperTorch,http://images.amazon.com/images/P/0380726238.01.THUMBZZZ.jpg,http://images.amazon.com/images/P/0380726238.01.MZZZZZZZ.jpg,http://images.amazon.com/images/P/0380726238.01.LZZZZZZZ.jpg,A Drink Before the War (Patrick Kenzie/Angela Gennaro Novels) Dennis Lehane HarperTorch,15,7.2,7.570596509419128
0064400581,Julie of the Wolves (Julie of the Wolves),Jean Craighead George,1972,HarperTrophy,http://images.amazon.com/images/P/0064400581.01.THUMBZZZ.jpg,http://images.amazon.com/images/P/0064400581.01.MZZZZZZZ.jpg,http://images.amazon.com/images/P/0064400581.01.LZZZZZZZ.jpg,Julie of the Wolves (Julie of the Wolves) Jean Craighead George HarperTrophy,16,7.625,7.7491910508241535
0385509456,The Curious Incident of the Dog in the Night-Time : A Novel,MARK HADDON,2003,Doubleday,http://images.amazon.com/images/P/0385509456.01.THUMBZZZ.jpg,http://images.amazon.com/images/P/0385509456.01.MZZZZZZZ.jpg,http://images.amazon.com/images/P/0385509456.01.LZZZZZZZ.jpg,The Curious Incident of the Dog in the Night-Time : A Novel MARK HADDON Doubleday,24,8.291666666666666,8.09024722340158
0451196716,The Long Walk,Stephen King,1999,Signet Book,http://images.amazon.com/images/P/0451196716.01.THUMBZZZ.jpg,http://images.amazon.com/images/P/0451196716.01.MZZZZZZZ.jpg,http://images.amazon.com/images/P/0451196716.01.LZZZZZZZ.jpg,The Long Walk Stephen King Signet Book,15,7.6,7.7420250808477
0786808551,"The Arctic Incident (Artemis Fowl, Book 2)",Eoin Colfer,2002,Miramax Kids,http://images.amazon.com/images/P/0786808551.01.THUMBZZZ.jpg,http://images.amazon.com/images/P/0786808551.01.MZZZZZZZ.jpg,http://images.amazon.com/images/P/0786808551.01.LZZZZZZZ.jpg,"The Arctic Incident (Artemis Fowl, Book 2) Eoin Colfer Miramax Kids",18,8.666666666666666,8.236075732359723
0812548051,"Wizard's First Rule (Sword of Truth, Book 1)",Terry Goodkind,1997,Tor Fantasy,http://images.amazon.com/images/P/0812548051.01.THUMBZZZ.jpg,http://images.amazon.com/images/P/0812548051.01.MZZZZZZZ.jpg,http://images.amazon.com/images/P/0812548051.01.LZZZZZZZ.jpg,"Wizard's First Rule (Sword of Truth, Book 1) Terry Goodkind Tor Fantasy",24,8.625,8.272065405219761
084233226X,Desecration: Antichrist Takes the Throne (Left Behind No. 9),Tim Lahaye,2001,Tyndale House Publishers,http://images.amazon.com/images/P/084233226X.01.THUMBZZZ.jpg,http://images.amazon.com/images/P/084233226X.01.MZZZZZZZ.jpg,http://images.amazon.com/images/P/084233226X.01.LZZZZZZZ.jpg,Desecration: Antichrist Takes the Throne (Left Behind No. 9) Tim Lahaye Tyndale House Publishers,26,8.192307692307692,8.042845170210207
0385507607,The Probable Future,ALICE HOFFMAN,2003,Doubleday,http://images.amazon.com/images/P/0385507607.01.THUMBZZZ.jpg,http://images.amazon.com/images/P/0385507607.01.MZZZZZZZ.jpg,http://images.amazon.com/images/P/0385507607.01.LZZZZZZZ.jpg,The Probable Future ALICE HOFFMAN Doubleday,17,8.411764705882353,8.107321022423502
0553801376,One Door Away from Heaven,Dean R. Koontz,2001,Bantam Books,http://images.amazon.com/images/P/0553801376.01.THUMBZZZ.jpg,http://images.amazon.com/images/P/0553801376.01.MZZZZZZZ.jpg,http://images.amazon.com/images/P/0553801376.01.LZZZZZZZ.jpg,One Door Away from Heaven Dean R. Koontz Bantam Books,22,7.636363636363637,7.73740185308737
0679446486,Airframe,Michael Crichton,1996,Alfred A. Knopf,http://images.amazon.com/images/P/0679446486.01.THUMBZZZ.jpg,http://images.amazon.com/images/P/0679446486.01.MZZZZZZZ.jpg,http://images.amazon.com/images/P/0679446486.01.LZZZZZZZ.jpg,Airframe Michael Crichton Alfred A. Knopf,31,7.67741935483871,7.744527016268028
0060921145,Animal Dreams,Barbara Kingsolver,1991,Perennial,http://images.amazon.com/images/P/0060921145.01.THUMBZZZ.jpg,http://images.amazon.com/images/P/0060921145.01.MZZZZZZZ.jpg,http://images.amazon.com/images/P/0060921145.01.LZZZZZZZ.jpg,Animal Dreams Barbara Kingsolver Perennial,50,8.04,7.985298254709564
0061054151,Whirlwind (The X-Files),Charles Grant,1995,HarperEntertainment,http://images.amazon.com/images/P/0061054151.01.THUMBZZZ.jpg,http://images.amazon.com/images/P/0061054151.01.MZZZZZZZ.jpg,http://images.amazon.com/images/P/0061054151.01.LZZZZZZZ.jpg,Whirlwind (The X-Files) Charles Grant HarperEntertainment,13,6.615384615384615,7.36275387362635
0670835382,Four Past Midnight,Stephen King,1990,Viking Books,http://images.amazon.com/images/P/0670835382.01.THUMBZZZ.jpg,http://images.amazon.com/images/P/0670835382.01.MZZZZZZZ.jpg,http://images.amazon.com/images/P/0670835382.01.LZZZZZZZ.jpg,Four Past Midnight Stephen King Viking Books,26,8.307692307692308,8.108062561514554
0425168298,Secret Prey,John Sandford,2003,Berkley Publishing Group,http://images.amazon.com/images/P/0425168298.01.THUMBZZZ.jpg,http://images.amazon.com/images/P/0425168298.01.MZZZZZZZ.jpg,http://images.amazon.com/images/P/0425168298.01.LZZZZZZZ.jpg,Secret Prey John Sandford Berkley Publishing Group,23,7.826086956521739,7.836532042550454
0553212478,Frankenstein (Changing Our World),Mary Wollstonecraft Shelley,1984,Bantam,http://images.amazon.com/images/P/0553212478.01.THUMBZZZ.jpg,http://images.amazon.com/images/P/0553212478.01.MZZZZZZZ.jpg,http://images.amazon.com/images/P/0553212478.01.LZZZZZZZ.jpg,Frankenstein (Changing Our World) Mary Wollstonecraft Shelley Bantam,19,8.263157894736842,8.050535328965886
0743211375,From a Buick 8 : A Novel,Stephen King,2002,Scribner,http://images.amazon.com/images/P/0743211375.01.THUMBZZZ.jpg,http://images.amazon.com/images/P/0743211375.01.MZZZZZZZ.jpg,http://images.amazon.com/images/P/0743211375.01.LZZZZZZZ.jpg,From a Buick 8 : A Novel Stephen King Scribner,46,7.369565217391305,7.514710270146509
0060932139,The Unbearable Lightness of Being : A Novel (Perennial Classics),Milan Kundera,1999,Perennial,http://images.amazon.com/images/P/0060932139.01.THUMBZZZ.jpg,http://images.amazon.com/images/P/0060932139.01.MZZZZZZZ.jpg,http://images.amazon.com/images/P/0060932139.01.LZZZZZZZ.jpg,The Unbearable Lightness of Being : A Novel (Perennial Classics) Milan Kundera Perennial,14,7.785714285714286,7.822672877343221
0425130711,Cold Fire,Dean R. Koontz,1996,Berkley Publishing Group,http://images.amazon.com/images/P/0425130711.01.THUMBZZZ.jpg,http://images.amazon.com/images/P/0425130711.01.MZZZZZZZ.jpg,http://images.amazon.com/images/P/0425130711.01.LZZZZZZZ.jpg,Cold Fire Dean R. Koontz Berkley Publishing Group,23,7.3478260869565215,7.580718089062081
0425151867,Acceptable Risk,Robin Cook,1996,Berkley Publishing Group,http://images.amazon.com/images/P/0425151867.01.THUMBZZZ.jpg,http://images.amazon.com/images/P/0425151867.01.MZZZZZZZ.jpg,http://images.amazon.com/images/P/0425151867.01.LZZZZZZZ.jpg,Acceptable Risk Robin Cook Berkley Publishing Group,30,7.166666666666667,7.439417556593391
042518109X,Whispers,Dean R. Koontz,2001,Berkley Publishing Group,http://images.amazon.com/images/P/042518109X.01.THUMBZZZ.jpg,http://images.amazon.com/images/P/042518109X.01.MZZZZZZZ.jpg,http://images.amazon.com/images/P/042518109X.01.LZZZZZZZ.jpg,Whispers Dean R. Koontz Berkley Publishing Group,12,7.25,7.6240899321771725
0449134482,Dances With Wolves,Michael Blake,1990,Fawcett Books,http://images.amazon.com/images/P/0449134482.01.THUMBZZZ.jpg,http://images.amazon.com/images/P/0449134482.01.MZZZZZZZ.jpg,http://images.amazon.com/images/P/0449134482.01.LZZZZZZZ.jpg,Dances With Wolves Michael Blake Fawcett Books,17,7.0,7.458672373774853
0449221504,K Is for Killer (Kinsey Millhone Mysteries (Paperback)),Sue Grafton,1999,Fawcett Books,http://images.amazon.com/images/P/0449221504.01.THUMBZZZ.jpg,http://images.amazon.com/images/P/0449221504.01.MZZZZZZZ.jpg,http://images.amazon.com/images/P/0449221504.01.LZZZZZZZ.jpg,K Is for Killer (Kinsey Millhone Mysteries (Paperback)) Sue Grafton Fawcett Books,40,7.7,7.749514630494492
0425143325,Without Remorse,Tom Clancy,2004,Berkley Publishing Group,http://images.amazon.com/images/P/0425143325.01.THUMBZZZ.jpg,http://images.amazon.com/images/P/0425143325.01.MZZZZZZZ.jpg,http://images.amazon.com/images/P/0425143325.01.LZZZZZZZ.jpg,Without Remorse Tom Clancy Berkley Publishing Group,42,7.976190476190476,7.935014158543057
0439425220,Harry Potter and the Chamber of Secrets Postcard Book,J. K. Rowling,2002,Scholastic,http://images.amazon.com/images/P/0439425220.01.THUMBZZZ.jpg,http://images.amazon.com/images/P/0439425220.01.MZZZZZZZ.jpg,http://images.amazon.com/images/P/0439425220.01.LZZZZZZZ.jpg,Harry Potter and the Chamber of Secrets Postcard Book J. K. Rowling Scholastic,19,9.842105263157896,8.819766098196656
0451151259,Eyes of the Dragon,Stephen King,1988,Penguin Putnam~mass,http://images.amazon.com/images/P/0451151259.01.THUMBZZZ.jpg,http://images.amazon.com/images/P/0451151259.01.MZZZZZZZ.jpg,http://images.amazon.com/images/P/0451151259.01.LZZZZZZZ.jpg,Eyes of the Dragon Stephen King Penguin Putnam~mass,30,8.166666666666666,8.03941755659339
0425146413,Night Prey,John Sandford,2004,Berkley Publishing Group,http://images.amazon.com/images/P/0425146413.01.THUMBZZZ.jpg,http://images.amazon.com/images/P/0425146413.01.MZZZZZZZ.jpg,http://images.amazon.com/images/P/0425146413.01.LZZZZZZZ.jpg,Night Prey John Sandford Berkley Publishing Group,19,7.894736842105263,7.871048149478705
0553572210,Silent Treatment,Michael Palmer,1996,Bantam Books,http://images.amazon.com/images/P/0553572210.01.THUMBZZZ.jpg,http://images.amazon.com/images/P/0553572210.01.MZZZZZZZ.jpg,http://images.amazon.com/images/P/0553572210.01.LZZZZZZZ.jpg,Silent Treatment Michael Palmer Bantam Books,12,6.833333333333333,7.4678399321771725
0399142851,Unnatural Exposure,Patricia Daniels Cornwell,1997,Putnam Pub Group,http://images.amazon.com/images/P/0399142851.01.THUMBZZZ.jpg,http://images.amazon.com/images/P/0399142851.01.MZZZZZZZ.jpg,http://images.amazon.com/images/P/0399142851.01.LZZZZZZZ.jpg,Unnatural Exposure Patricia Daniels Cornwell Putnam Pub Group,22,8.0,7.92787804356356
0767915054,A Girl Named Zippy: Growing Up Small in Mooreland Indiana (Today Show Book Club #3),HAVEN KIMMEL,2002,Broadway Books,http://images.amazon.com/images/P/0767915054.01.THUMBZZZ.jpg,http://images.amazon.com/images/P/0767915054.01.MZZZZZZZ.jpg,http://images.amazon.com/images/P/0767915054.01.LZZZZZZZ.jpg,A Girl Named Zippy: Growing Up Small in Mooreland Indiana (Today Show Book Club #3) HAVEN KIMMEL Broadway Books,26,6.3076923076923075,6.977627778905859
0312205406,Hot Six (A Stephanie Plum Novel),Janet Evanovich,2000,St. Martin's Press,http://images.amazon.com/images/P/0312205406.01.THUMBZZZ.jpg,http://images.amazon.com/images/P/0312205406.01.MZZZZZZZ.jpg,http://images.amazon.com/images/P/0312205406.01.LZZZZZZZ.jpg,Hot Six (A Stephanie Plum Novel) Janet Evanovich St. Martin's Press,16,8.1875,7.9991910508241535
0385503954,Atonement: A Novel,Ian McEwan,2002,Nan A. Talese,http://images.amazon.com/images/P/0385503954.01.THUMBZZZ.jpg,http://images.amazon.com/images/P/0385503954.01.MZZZZZZZ.jpg,http://images.amazon.com/images/P/0385503954.01.LZZZZZZZ.jpg,Atonement: A Novel Ian McEwan Nan A. Talese,31,8.129032258064516,8.019036820189598
068487217X,Angelas Ashes: A Memoir,Frank McCourt,1999,Scribner,http://images.amazon.com/images/P/068487217X.01.THUMBZZZ.jpg,http://images.amazon.com/images/P/068487217X.01.MZZZZZZZ.jpg,http://images.amazon.com/images/P/068487217X.01.LZZZZZZZ.jpg,Angelas Ashes: A Memoir Frank McCourt Scribner,19,8.473684210526315,8.153099431529988
0786868015,The Diary of Ellen Rimbauer: My Life at Rose Red,Joyce Reardon,2001,Hyperion,http://images.amazon.com/images/P/0786868015.01.THUMBZZZ.jpg,http://images.amazon.com/images/P/0786868015.01.MZZZZZZZ.jpg,http://images.amazon.com/images/P/0786868015.01.LZZZZZZZ.jpg,The Diary of Ellen Rimbauer: My Life at Rose Red Joyce Reardon Hyperion,19,7.894736842105263,7.871048149478705
0804106436,Oldest Living Confederate Widow Tells All,Allan Gurganus,1990,Ivy Books,http://images.amazon.com/images/P/0804106436.01.THUMBZZZ.jpg,http://images.amazon.com/images/P/0804106436.01.MZZZZZZZ.jpg,http://images.amazon.com/images/P/0804106436.01.LZZZZZZZ.jpg,Oldest Living Confederate Widow Tells All Allan Gurganus Ivy Books,15,7.466666666666667,7.684882223704843
0842332340,Armageddon: The Cosmic Battle of the Ages (Left Behind #11),Tim F. LaHaye,2003,Tyndale House Publishers,http://images.amazon.com/images/P/0842332340.01.THUMBZZZ.jpg,http://images.amazon.com/images/P/0842332340.01.MZZZZZZZ.jpg,http://images.amazon.com/images/P/0842332340.01.LZZZZZZZ.jpg,Armageddon: The Cosmic Battle of the Ages (Left Behind #11) Tim F. LaHaye Tyndale House Publishers,18,8.166666666666666,7.999233627096565
0064407691,"The Miserable Mill (A Series of Unfortunate Events, Book 4)",Lemony Snicket,2000,HarperCollins,http://images.amazon.com/images/P/0064407691.01.THUMBZZZ.jpg,http://images.amazon.com/images/P/0064407691.01.MZZZZZZZ.jpg,http://images.amazon.com/images/P/0064407691.01.LZZZZZZZ.jpg,"The Miserable Mill (A Series of Unfortunate Events, Book 4) Lemony Snicket HarperCollins",21,8.428571428571429,8.145631166577306
0385314698,The Sixteen Pleasures: A Novel,Robert Hellenga,1995,Delta,http://images.amazon.com/images/P/0385314698.01.THUMBZZZ.jpg,http://images.amazon.com/images/P/0385314698.01.MZZZZZZZ.jpg,http://images.amazon.com/images/P/0385314698.01.LZZZZZZZ.jpg,The Sixteen Pleasures: A Novel Robert Hellenga Delta,17,7.647058823529412,7.75596967107215
0452281881,e,Matt Beaumont,2000,Plume Books,http://images.amazon.com/images/P/0452281881.01.THUMBZZZ.jpg,http://images.amazon.com/images/P/0452281881.01.MZZZZZZZ.jpg,http://images.amazon.com/images/P/0452281881.01.LZZZZZZZ.jpg,e Matt Beaumont Plume Books,18,7.888888888888889,7.867654679728146
0451176464,Gerald's Game,Stephen King,2001,Signet Book,http://images.amazon.com/images/P/0451176464.01.THUMBZZZ.jpg,http://images.amazon.com/images/P/0451176464.01.MZZZZZZZ.jpg,http://images.amazon.com/images/P/0451176464.01.LZZZZZZZ.jpg,Gerald's Game Stephen King Signet Book,54,7.5,7.594201051752291
0671741187,Where Are the Children?,Mary Higgins Clark,1992,Pocket,http://images.amazon.com/images/P/0671741187.01.THUMBZZZ.jpg,http://images.amazon.com/images/P/0671741187.01.MZZZZZZZ.jpg,http://images.amazon.com/images/P/0671741187.01.LZZZZZZZ.jpg,Where Are the Children? Mary Higgins Clark Pocket,22,7.818181818181818,7.832639948325465
0425169693,Here on Earth (Oprah's Book Club),Alice Hoffman,1999,Berkley Publishing Group,http://images.amazon.com/images/P/0425169693.01.THUMBZZZ.jpg,http://images.amazon.com/images/P/0425169693.01.MZZZZZZZ.jpg,http://images.amazon.com/images/P/0425169693.01.LZZZZZZZ.jpg,Here on Earth (Oprah's Book Club) Alice Hoffman Berkley Publishing Group,26,7.461538461538462,7.629801691949337
006001203X,Dr. Atkins' New Diet Revolution,Robert C. Atkins,2001,Avon Books,http://images.amazon.com/images/P/006001203X.01.THUMBZZZ.jpg,http://images.amazon.com/images/P/006001203X.01.MZZZZZZZ.jpg,http://images.amazon.com/images/P/006001203X.01.LZZZZZZZ.jpg,Dr. Atkins' New Diet Revolution Robert C. Atkins Avon Books,18,7.333333333333333,7.604496784991303
0345425308,Violin,Anne Rice,1999,Ballantine Books,http://images.amazon.com/images/P/0345425308.01.THUMBZZZ.jpg,http://images.amazon.com/images/P/0345425308.01.MZZZZZZZ.jpg,http://images.amazon.com/images/P/0345425308.01.LZZZZZZZ.jpg,Violin Anne Rice Ballantine Books,15,5.933333333333334,7.027739366561986
0373483694,Macgregor Grooms (Macgregors),Nora Roberts,1998,Silhouette,http://images.amazon.com/images/P/0373483694.01.THUMBZZZ.jpg,http://images.amazon.com/images/P/0373483694.01.MZZZZZZZ.jpg,http://images.amazon.com/images/P/0373483694.01.LZZZZZZZ.jpg,Macgregor Grooms (Macgregors) Nora Roberts Silhouette,20,7.1,7.474271945741737
0425101452,Phantoms,Dean R. Koontz,1996,Berkley Publishing Group,http://images.amazon.com/images/P/0425101452.01.THUMBZZZ.jpg,http://images.amazon.com/images/P/0425101452.01.MZZZZZZZ.jpg,http://images.amazon.com/images/P/0425101452.01.LZZZZZZZ.jpg,Phantoms Dean R. Koontz Berkley Publishing Group,18,8.0,7.920286258675514
0425124347,The Bad Place,Dean R. Koontz,1994,Berkley Publishing Group,http://images.amazon.com/images/P/0425124347.01.THUMBZZZ.jpg,http://images.amazon.com/images/P/0425124347.01.MZZZZZZZ.jpg,http://images.amazon.com/images/P/0425124347.01.LZZZZZZZ.jpg,The Bad Place Dean R. Koontz Berkley Publishing Group,35,7.942857142857143,7.9085614150849
0425128164,The Voice of the Night,Dean R. Koontz,1996,Berkley Publishing Group,http://images.amazon.com/images/P/0425128164.01.THUMBZZZ.jpg,http://images.amazon.com/images/P/0425128164.01.MZZZZZZZ.jpg,http://images.amazon.com/images/P/0425128164.01.LZZZZZZZ.jpg,The Voice of the Night Dean R. Koontz Berkley Publishing Group,32,7.03125,7.345593804416723
0425132951,The House of Thunder,Dean R. Koontz,1993,Berkley Publishing Group,http://images.amazon.com/images/P/0425132951.01.THUMBZZZ.jpg,http://images.amazon.com/images/P/0425132951.01.MZZZZZZZ.jpg,http://images.amazon.com/images/P/0425132951.01.LZZZZZZZ.jpg,The House of Thunder Dean R. Koontz Berkley Publishing Group,24,7.0,7.385701768856125
0440222842,Five Days in Paris,DANIELLE STEEL,1997,Dell,http://images.amazon.com/images/P/0440222842.01.THUMBZZZ.jpg,http://images.amazon.com/images/P/0440222842.01.MZZZZZZZ.jpg,http://images.amazon.com/images/P/0440222842.01.LZZZZZZZ.jpg,Five Days in Paris DANIELLE STEEL Dell,17,7.411764705882353,7.647861562964042
0446353957,Mirror Image,Sandra Brown,1990,Warner Books,http://images.amazon.com/images/P/0446353957.01.THUMBZZZ.jpg,http://images.amazon.com/images/P/0446353957.01.MZZZZZZZ.jpg,http://images.amazon.com/images/P/0446353957.01.LZZZZZZZ.jpg,Mirror Image Sandra Brown Warner Books,19,7.7894736842105265,7.819766098196654
0446604089,The Best Laid Plans,Sidney Sheldon,1998,Warner Books,http://images.amazon.com/images/P/0446604089.01.THUMBZZZ.jpg,http://images.amazon.com/images/P/0446604089.01.MZZZZZZZ.jpg,http://images.amazon.com/images/P/0446604089.01.LZZZZZZZ.jpg,The Best Laid Plans Sidney Sheldon Warner Books,14,7.071428571428571,7.528555230284397
0515128546,Tears of the Moon (Irish Trilogy),Nora Roberts,2000,Jove Books,http://images.amazon.com/images/P/0515128546.01.THUMBZZZ.jpg,http://images.amazon.com/images/P/0515128546.01.MZZZZZZZ.jpg,http://images.amazon.com/images/P/0515128546.01.LZZZZZZZ.jpg,Tears of the Moon (Irish Trilogy) Nora Roberts Jove Books,54,7.888888888888889,7.8779848355360755
0671695126,Secrets of the Morning (Cutler),V.C. Andrews,1991,Pocket,http://images.amazon.com/images/P/0671695126.01.THUMBZZZ.jpg,http://images.amazon.com/images/P/0671695126.01.MZZZZZZZ.jpg,http://images.amazon.com/images/P/0671695126.01.LZZZZZZZ.jpg,Secrets of the Morning (Cutler) V.C. Andrews Pocket,18,7.777777777777778,7.815023100780777
0345397819,Lasher: Lives of the Mayfair Witches (Lives of the Mayfair Witches),Anne Rice,1995,Ballantine Books,http://images.amazon.com/images/P/0345397819.01.THUMBZZZ.jpg,http://images.amazon.com/images/P/0345397819.01.MZZZZZZZ.jpg,http://images.amazon.com/images/P/0345397819.01.LZZZZZZZ.jpg,Lasher: Lives of the Mayfair Witches (Lives of the Mayfair Witches) Anne Rice Ballantine Books,32,7.90625,7.884055342878261
038529929X,Hannibal,Thomas Harris,1999,Del Sol Press,http://images.amazon.com/images/P/038529929X.01.THUMBZZZ.jpg,http://images.amazon.com/images/P/038529929X.01.MZZZZZZZ.jpg,http://images.amazon.com/images/P/038529929X.01.LZZZZZZZ.jpg,Hannibal Thomas Harris Del Sol Press,34,7.323529411764706,7.5179792190679535
0671741195,The Cradle Will Fall,Mary Higgins Clark,1991,Pocket,http://images.amazon.com/images/P/0671741195.01.THUMBZZZ.jpg,http://images.amazon.com/images/P/0671741195.01.MZZZZZZZ.jpg,http://images.amazon.com/images/P/0671741195.01.LZZZZZZZ.jpg,The Cradle Will Fall Mary Higgins Clark Pocket,20,8.1,7.974271945741737
0679735771,American Psycho (Vintage Contemporaries),Bret Easton Ellis,2000,Vintage Books USA,http://images.amazon.com/images/P/0679735771.01.THUMBZZZ.jpg,http://images.amazon.com/images/P/0679735771.01.MZZZZZZZ.jpg,http://images.amazon.com/images/P/0679735771.01.LZZZZZZZ.jpg,American Psycho (Vintage Contemporaries) Bret Easton Ellis Vintage Books USA,45,7.0,7.261090428148762
0786915749,Dragons of Autumn Twilight (Dragonlance: Dragonlance Chronicles),Margaret Weis,2000,Wizards of the Coast,http://images.amazon.com/images/P/0786915749.01.THUMBZZZ.jpg,http://images.amazon.com/images/P/0786915749.01.MZZZZZZZ.jpg,http://images.amazon.com/images/P/0786915749.01.LZZZZZZZ.jpg,Dragons of Autumn Twilight (Dragonlance: Dragonlance Chronicles) Margaret Weis Wizards of the Coast,12,8.25,7.9990899321771725
0553578022,The Face of Deception,Iris Johansen,1999,Bantam Books,http://images.amazon.com/images/P/0553578022.01.THUMBZZZ.jpg,http://images.amazon.com/images/P/0553578022.01.MZZZZZZZ.jpg,http://images.amazon.com/images/P/0553578022.01.LZZZZZZZ.jpg,The Face of Deception Iris Johansen Bantam Books,36,7.833333333333333,7.838765675529812
0684195984,FROM POTTER'S FIELD,Patricia Cornwell,1995,Scribner,http://images.amazon.com/images/P/0684195984.01.THUMBZZZ.jpg,http://images.amazon.com/images/P/0684195984.01.MZZZZZZZ.jpg,http://images.amazon.com/images/P/0684195984.01.LZZZZZZZ.jpg,FROM POTTER'S FIELD Patricia Cornwell Scribner,26,7.461538461538462,7.629801691949337
0399149325,Portrait of a Killer: Jack the Ripper -- Case Closed,Patricia Cornwell,2002,G. P. Putnam's Sons,http://images.amazon.com/images/P/0399149325.01.THUMBZZZ.jpg,http://images.amazon.com/images/P/0399149325.01.MZZZZZZZ.jpg,http://images.amazon.com/images/P/0399149325.01.LZZZZZZZ.jpg,Portrait of a Killer: Jack the Ripper -- Case Closed Patricia Cornwell G. P. Putnam's Sons,38,6.552631578947368,6.999497893614992
0805019375,L Is for Lawless (Kinsey Millhone Mysteries),Sue Grafton,1995,Henry Holt & Company,http://images.amazon.com/images/P/0805019375.01.THUMBZZZ.jpg,http://images.amazon.com/images/P/0805019375.01.MZZZZZZZ.jpg,http://images.amazon.com/images/P/0805019375.01.LZZZZZZZ.jpg,L Is for Lawless (Kinsey Millhone Mysteries) Sue Grafton Henry Holt & Company,21,7.523809523809524,7.682216532430964
0380002450,Awakening,Kate Chopin,1982,Avon,http://images.amazon.com/images/P/0380002450.01.THUMBZZZ.jpg,http://images.amazon.com/images/P/0380002450.01.MZZZZZZZ.jpg,http://images.amazon.com/images/P/0380002450.01.LZZZZZZZ.jpg,Awakening Kate Chopin Avon,17,7.352941176470588,7.620834535937014
0553277537,Dandelion Wine (Grand Master Editions),RAY BRADBURY,1985,Bantam,http://images.amazon.com/images/P/0553277537.01.THUMBZZZ.jpg,http://images.amazon.com/images/P/0553277537.01.MZZZZZZZ.jpg,http://images.amazon.com/images/P/0553277537.01.LZZZZZZZ.jpg,Dandelion Wine (Grand Master Editions) RAY BRADBURY Bantam,21,8.285714285714286,8.072460434869988
080411868X,"Welcome to the World, Baby Girl!",Fannie Flagg,1999,Ballantine Books,http://images.amazon.com/images/P/080411868X.01.THUMBZZZ.jpg,http://images.amazon.com/images/P/080411868X.01.MZZZZZZZ.jpg,http://images.amazon.com/images/P/080411868X.01.LZZZZZZZ.jpg,"Welcome to the World, Baby Girl! Fannie Flagg Ballantine Books",43,7.488372093023256,7.602712346502691
1558744630,Chicken Soup for the Teenage Soul (Chicken Soup for the Soul),Jack Canfield,1997,Health Communications,http://images.amazon.com/images/P/1558744630.01.THUMBZZZ.jpg,http://images.amazon.com/images/P/1558744630.01.MZZZZZZZ.jpg,http://images.amazon.com/images/P/1558744630.01.LZZZZZZZ.jpg,Chicken Soup for the Teenage Soul (Chicken Soup for the Soul) Jack Canfield Health Communications,31,7.580645161290323,7.685703486856264
0440235502,October Sky: A Memoir,Homer Hickam,1999,Dell,http://images.amazon.com/images/P/0440235502.01.THUMBZZZ.jpg,http://images.amazon.com/images/P/0440235502.01.MZZZZZZZ.jpg,http://images.amazon.com/images/P/0440235502.01.LZZZZZZZ.jpg,October Sky: A Memoir Homer Hickam Dell,15,8.8,8.256310795133414
0671519816,Inca Gold (Clive Cussler),Clive Cussler,1995,Pocket,http://images.amazon.com/images/P/0671519816.01.THUMBZZZ.jpg,http://images.amazon.com/images/P/0671519816.01.MZZZZZZZ.jpg,http://images.amazon.com/images/P/0671519816.01.LZZZZZZZ.jpg,Inca Gold (Clive Cussler) Clive Cussler Pocket,14,8.142857142857142,7.969731700872632
0345396936,Cry to Heaven,Anne Rice,1995,Ballantine Books,http://images.amazon.com/images/P/0345396936.01.THUMBZZZ.jpg,http://images.amazon.com/images/P/0345396936.01.MZZZZZZZ.jpg,http://images.amazon.com/images/P/0345396936.01.LZZZZZZZ.jpg,Cry to Heaven Anne Rice Ballantine Books,24,7.916666666666667,7.8857017688561255
0452282128,Thirty Nothing,Lisa Jewell,2001,Plume Books,http://images.amazon.com/images/P/0452282128.01.THUMBZZZ.jpg,http://images.amazon.com/images/P/0452282128.01.MZZZZZZZ.jpg,http://images.amazon.com/images/P/0452282128.01.LZZZZZZZ.jpg,Thirty Nothing Lisa Jewell Plume Books,14,7.285714285714286,7.616790524402044
0060955775,Veronika Decides to Die,Paulo Coelho,2001,Perennial,http://images.amazon.com/images/P/0060955775.01.THUMBZZZ.jpg,http://images.amazon.com/images/P/0060955775.01.MZZZZZZZ.jpg,http://images.amazon.com/images/P/0060955775.01.LZZZZZZZ.jpg,Veronika Decides to Die Paulo Coelho Perennial,15,7.466666666666667,7.684882223704843
0140440046,Candide (Penguin Classics),Francois M. Voltaire,1990,Penguin Books,http://images.amazon.com/images/P/0140440046.01.THUMBZZZ.jpg,http://images.amazon.com/images/P/0140440046.01.MZZZZZZZ.jpg,http://images.amazon.com/images/P/0140440046.01.LZZZZZZZ.jpg,Candide (Penguin Classics) Francois M. Voltaire Penguin Books,23,7.565217391304348,7.696997158829523
0671729411,Flowers In The Attic (Dollanganger),V.C. Andrews,1990,Pocket,http://images.amazon.com/images/P/0671729411.01.THUMBZZZ.jpg,http://images.amazon.com/images/P/0671729411.01.MZZZZZZZ.jpg,http://images.amazon.com/images/P/0671729411.01.LZZZZZZZ.jpg,Flowers In The Attic (Dollanganger) V.C. Andrews Pocket,26,8.23076923076923,8.064584300644988
0316769509,Nine Stories,J.D. Salinger,1991,"Little, Brown",http://images.amazon.com/images/P/0316769509.01.THUMBZZZ.jpg,http://images.amazon.com/images/P/0316769509.01.MZZZZZZZ.jpg,http://images.amazon.com/images/P/0316769509.01.LZZZZZZZ.jpg,"Nine Stories J.D. Salinger Little, Brown",20,8.05,7.949271945741739
0553212583,Wuthering Heights,EMILY BRONTE,1983,Bantam,http://images.amazon.com/images/P/0553212583.01.THUMBZZZ.jpg,http://images.amazon.com/images/P/0553212583.01.MZZZZZZZ.jpg,http://images.amazon.com/images/P/0553212583.01.LZZZZZZZ.jpg,Wuthering Heights EMILY BRONTE Bantam,20,7.85,7.849271945741737
0553275976,The Bonfire of the Vanities,Tom Wolfe,1988,Bantam Books,http://images.amazon.com/images/P/0553275976.01.THUMBZZZ.jpg,http://images.amazon.com/images/P/0553275976.01.MZZZZZZZ.jpg,http://images.amazon.com/images/P/0553275976.01.LZZZZZZZ.jpg,The Bonfire of the Vanities Tom Wolfe Bantam Books,39,7.17948717948718,7.406286064909653
0525947299,No Second  Chance,Harlan Coben,2003,Dutton Books,http://images.amazon.com/images/P/0525947299.01.THUMBZZZ.jpg,http://images.amazon.com/images/P/0525947299.01.MZZZZZZZ.jpg,http://images.amazon.com/images/P/0525947299.01.LZZZZZZZ.jpg,No Second  Chance Harlan Coben Dutton Books,28,8.5,8.228559954784782
0451142934,Skeleton Crew,Stephen King,1986,New Amer Library,http://images.amazon.com/images/P/0451142934.01.THUMBZZZ.jpg,http://images.amazon.com/images/P/0451142934.01.MZZZZZZZ.jpg,http://images.amazon.com/images/P/0451142934.01.LZZZZZZZ.jpg,Skeleton Crew Stephen King New Amer Library,35,8.085714285714285,7.999470505993991
0440235774,Looking Back,Belva Plain,2002,Dell Publishing Company,http://images.amazon.com/images/P/0440235774.01.THUMBZZZ.jpg,http://images.amazon.com/images/P/0440235774.01.MZZZZZZZ.jpg,http://images.amazon.com/images/P/0440235774.01.LZZZZZZZ.jpg,Looking Back Belva Plain Dell Publishing Company,12,6.666666666666667,7.4053399321771725
0971263906,Saint Nick,Gary Ogden Harper,2001,Prairie Valley Films-Literary Division,http://images.amazon.com/images/P/0971263906.01.THUMBZZZ.jpg,http://images.amazon.com/images/P/0971263906.01.MZZZZZZZ.jpg,http://images.amazon.com/images/P/0971263906.01.LZZZZZZZ.jpg,Saint Nick Gary Ogden Harper Prairie Valley Films-Literary Division,12,7.5,7.7178399321771725
0345338588,"On a Pale Horse (Incarnations of Immortality, Bk. 1)",Piers Anthony,1989,Del Rey Books,http://images.amazon.com/images/P/0345338588.01.THUMBZZZ.jpg,http://images.amazon.com/images/P/0345338588.01.MZZZZZZZ.jpg,http://images.amazon.com/images/P/0345338588.01.LZZZZZZZ.jpg,"On a Pale Horse (Incarnations of Immortality, Bk. 1) Piers Anthony Del Rey Books",21,8.285714285714286,8.072460434869988
0553250531,The Valley of Horses,JEAN M. AUEL,1984,Bantam,http://images.amazon.com/images/P/0553250531.01.THUMBZZZ.jpg,http://images.amazon.com/images/P/0553250531.01.MZZZZZZZ.jpg,http://images.amazon.com/images/P/0553250531.01.LZZZZZZZ.jpg,The Valley of Horses JEAN M. AUEL Bantam,55,8.181818181818182,8.092945037728926
0553280945,The Mammoth Hunters (Earth's Children (Paperback)),JEAN M. AUEL,1986,Bantam,http://images.amazon.com/images/P/0553280945.01.THUMBZZZ.jpg,http://images.amazon.com/images/P/0553280945.01.MZZZZZZZ.jpg,http://images.amazon.com/images/P/0553280945.01.LZZZZZZZ.jpg,The Mammoth Hunters (Earth's Children (Paperback)) JEAN M. AUEL Bantam,29,7.9655172413793105,7.917773016932031
0842329269,Apollyon: The Destroyer Is Unleashed (Left Behind No. 5),Jerry Jenkins,2000,Tyndale House Publishers,http://images.amazon.com/images/P/0842329269.01.THUMBZZZ.jpg,http://images.amazon.com/images/P/0842329269.01.MZZZZZZZ.jpg,http://images.amazon.com/images/P/0842329269.01.LZZZZZZZ.jpg,Apollyon: The Destroyer Is Unleashed (Left Behind No. 5) Jerry Jenkins Tyndale House Publishers,31,8.64516129032258,8.332762310385675
0842332251,The Mark: The Beast Rules the World (Left Behind #8),Tim LaHaye,2000,Tyndale House Publishers,http://images.amazon.com/images/P/0842332251.01.THUMBZZZ.jpg,http://images.amazon.com/images/P/0842332251.01.MZZZZZZZ.jpg,http://images.amazon.com/images/P/0842332251.01.LZZZZZZZ.jpg,The Mark: The Beast Rules the World (Left Behind #8) Tim LaHaye Tyndale House Publishers,30,8.133333333333333,8.01941755659339
0425141233,Winter Prey,John Sandford,2004,Berkley Publishing Group,http://images.amazon.com/images/P/0425141233.01.THUMBZZZ.jpg,http://images.amazon.com/images/P/0425141233.01.MZZZZZZZ.jpg,http://images.amazon.com/images/P/0425141233.01.LZZZZZZZ.jpg,Winter Prey John Sandford Berkley Publishing Group,18,8.277777777777779,8.051865206043935
0449005836,The Right Hand of Evil,John Saul,2000,Ballantine Books,http://images.amazon.com/images/P/0449005836.01.THUMBZZZ.jpg,http://images.amazon.com/images/P/0449005836.01.MZZZZZZZ.jpg,http://images.amazon.com/images/P/0449005836.01.LZZZZZZZ.jpg,The Right Hand of Evil John Saul Ballantine Books,17,7.0588235294117645,7.485699400801879
0517122707,A Confederacy of Dunces,John Kennedy Toole,1995,Outlet Books Company,http://images.amazon.com/images/P/0517122707.01.THUMBZZZ.jpg,http://images.amazon.com/images/P/0517122707.01.MZZZZZZZ.jpg,http://images.amazon.com/images/P/0517122707.01.LZZZZZZZ.jpg,A Confederacy of Dunces John Kennedy Toole Outlet Books Company,23,8.043478260869565,7.952811112317896
0786866586,Shopgirl : A Novella,Steve Martin,2000,Hyperion Press,http://images.amazon.com/images/P/0786866586.01.THUMBZZZ.jpg,http://images.amazon.com/images/P/0786866586.01.MZZZZZZZ.jpg,http://images.amazon.com/images/P/0786866586.01.LZZZZZZZ.jpg,Shopgirl : A Novella Steve Martin Hyperion Press,25,6.56,7.1326861739926555
0786884592,"Life Strategies: Doing What Works, Doing What Matters",Phillip C. McGraw,2000,Hyperion,http://images.amazon.com/images/P/0786884592.01.THUMBZZZ.jpg,http://images.amazon.com/images/P/0786884592.01.MZZZZZZZ.jpg,http://images.amazon.com/images/P/0786884592.01.LZZZZZZZ.jpg,"Life Strategies: Doing What Works, Doing What Matters Phillip C. McGraw Hyperion",19,7.526315789473684,7.691560969991526
0156628708,Mrs Dalloway,Virginia Woolf,1990,Harvest Books,http://images.amazon.com/images/P/0156628708.01.THUMBZZZ.jpg,http://images.amazon.com/images/P/0156628708.01.MZZZZZZZ.jpg,http://images.amazon.com/images/P/0156628708.01.LZZZZZZZ.jpg,Mrs Dalloway Virginia Woolf Harvest Books,31,7.161290322580645,7.430801526071951
0061044431,The Salaryman's Wife (Children of Violence Series),Sujata Massey,2000,HarperTorch,http://images.amazon.com/images/P/0061044431.01.THUMBZZZ.jpg,http://images.amazon.com/images/P/0061044431.01.MZZZZZZZ.jpg,http://images.amazon.com/images/P/0061044431.01.LZZZZZZZ.jpg,The Salaryman's Wife (Children of Violence Series) Sujata Massey HarperTorch,14,7.714285714285714,7.793261112637339
0590371258,Out of the Dust (Apple Signature Edition),Karen Hesse,1999,Scholastic,http://images.amazon.com/images/P/0590371258.01.THUMBZZZ.jpg,http://images.amazon.com/images/P/0590371258.01.MZZZZZZZ.jpg,http://images.amazon.com/images/P/0590371258.01.LZZZZZZZ.jpg,Out of the Dust (Apple Signature Edition) Karen Hesse Scholastic,8,8.0,7.891817065345339
051510566X,The Cat Who Lived High,Lilian Jackson Braun,1991,Jove Books,http://images.amazon.com/images/P/051510566X.01.THUMBZZZ.jpg,http://images.amazon.com/images/P/051510566X.01.MZZZZZZZ.jpg,http://images.amazon.com/images/P/051510566X.01.LZZZZZZZ.jpg,The Cat Who Lived High Lilian Jackson Braun Jove Books,18,6.611111111111111,7.262391521833408
0441005764,"Mossflower (Redwall, Book 2)",Brian Jacques,1998,Ace Books,http://images.amazon.com/images/P/0441005764.01.THUMBZZZ.jpg,http://images.amazon.com/images/P/0441005764.01.MZZZZZZZ.jpg,http://images.amazon.com/images/P/0441005764.01.LZZZZZZZ.jpg,"Mossflower (Redwall, Book 2) Brian Jacques Ace Books",16,6.875,7.41585771749082
0446515078,Scarlett: The Sequel to Margaret Mitchell's Gone With the Wind,Alexandra Ripley,1991,Warner Books Inc,http://images.amazon.com/images/P/0446515078.01.THUMBZZZ.jpg,http://images.amazon.com/images/P/0446515078.01.MZZZZZZZ.jpg,http://images.amazon.com/images/P/0446515078.01.LZZZZZZZ.jpg,Scarlett: The Sequel to Margaret Mitchell's Gone With the Wind Alexandra Ripley Warner Books Inc,20,7.0,7.424271945741738
0451190491,The Two Dead Girls (Green Mile Series),Stephen King,1996,Signet Book,http://images.amazon.com/images/P/0451190491.01.THUMBZZZ.jpg,http://images.amazon.com/images/P/0451190491.01.MZZZZZZZ.jpg,http://images.amazon.com/images/P/0451190491.01.LZZZZZZZ.jpg,The Two Dead Girls (Green Mile Series) Stephen King Signet Book,34,8.617647058823529,8.332794033882768
0451190564,The Green Mile: Night Journey (Green Mile Series),Stephen King,1996,Signet Book,http://images.amazon.com/images/P/0451190564.01.THUMBZZZ.jpg,http://images.amazon.com/images/P/0451190564.01.MZZZZZZZ.jpg,http://images.amazon.com/images/P/0451190564.01.LZZZZZZZ.jpg,The Green Mile: Night Journey (Green Mile Series) Stephen King Signet Book,27,8.518518518518519,8.23342293254616
0375507493,What Should I Do with My Life?,PO BRONSON,2002,Random House,http://images.amazon.com/images/P/0375507493.01.THUMBZZZ.jpg,http://images.amazon.com/images/P/0375507493.01.MZZZZZZZ.jpg,http://images.amazon.com/images/P/0375507493.01.LZZZZZZZ.jpg,What Should I Do with My Life? PO BRONSON Random House,13,7.153846153846154,7.5748750857475615
0385319037,Animal Husbandry,Laura Zigman,2001,Delta,http://images.amazon.com/images/P/0385319037.01.THUMBZZZ.jpg,http://images.amazon.com/images/P/0385319037.01.MZZZZZZZ.jpg,http://images.amazon.com/images/P/0385319037.01.LZZZZZZZ.jpg,Animal Husbandry Laura Zigman Delta,14,7.642857142857143,7.7638493479314565
0440343194,Illusions,Richard Bach,1981,Bantam Doubleday Dell,http://images.amazon.com/images/P/0440343194.01.THUMBZZZ.jpg,http://images.amazon.com/images/P/0440343194.01.MZZZZZZZ.jpg,http://images.amazon.com/images/P/0440343194.01.LZZZZZZZ.jpg,Illusions Richard Bach Bantam Doubleday Dell,17,9.176470588235293,8.458672373774853
0446519081,The Tenth Insight : Holding the Vision,James Redfield,1996,Warner Books,http://images.amazon.com/images/P/0446519081.01.THUMBZZZ.jpg,http://images.amazon.com/images/P/0446519081.01.MZZZZZZZ.jpg,http://images.amazon.com/images/P/0446519081.01.LZZZZZZZ.jpg,The Tenth Insight : Holding the Vision James Redfield Warner Books,19,6.368421052631579,7.127458405888961
006109868X,Pigs in Heaven,Barbara Kingsolver,1999,Perennial,http://images.amazon.com/images/P/006109868X.01.THUMBZZZ.jpg,http://images.amazon.com/images/P/006109868X.01.MZZZZZZZ.jpg,http://images.amazon.com/images/P/006109868X.01.LZZZZZZZ.jpg,Pigs in Heaven Barbara Kingsolver Perennial,18,8.222222222222221,8.02554941657025
0671776975,A RIVER RUNS THROUGH IT AND OTHER STORIES : AND OTHER STORIES,Norman Maclean,1992,Pocket,http://images.amazon.com/images/P/0671776975.01.THUMBZZZ.jpg,http://images.amazon.com/images/P/0671776975.01.MZZZZZZZ.jpg,http://images.amazon.com/images/P/0671776975.01.LZZZZZZZ.jpg,A RIVER RUNS THROUGH IT AND OTHER STORIES : AND OTHER STORIES Norman Maclean Pocket,15,8.4,8.084882223704843
0679426140,"Welcome to the World, Baby Girl! : A Novel",FANNIE FLAGG,1998,Random House,http://images.amazon.com/images/P/0679426140.01.THUMBZZZ.jpg,http://images.amazon.com/images/P/0679426140.01.MZZZZZZZ.jpg,http://images.amazon.com/images/P/0679426140.01.LZZZZZZZ.jpg,"Welcome to the World, Baby Girl! : A Novel FANNIE FLAGG Random House",14,8.214285714285714,7.9991434655785145
0821769278,Plain Jane,Fern Michaels,2002,Zebra Books,http://images.amazon.com/images/P/0821769278.01.THUMBZZZ.jpg,http://images.amazon.com/images/P/0821769278.01.MZZZZZZZ.jpg,http://images.amazon.com/images/P/0821769278.01.LZZZZZZZ.jpg,Plain Jane Fern Michaels Zebra Books,13,6.6923076923076925,7.393056903929379
0140276904,Jemima J,Jane Green,0,Penguin Putnam~trade,http://images.amazon.com/images/P/0140276904.01.THUMBZZZ.jpg,http://images.amazon.com/images/P/0140276904.01.MZZZZZZZ.jpg,http://images.amazon.com/images/P/0140276904.01.LZZZZZZZ.jpg,Jemima J Jane Green Penguin Putnam~trade,19,6.578947368421052,7.2300225084530645
0140620222,Pride and Prejudice (Penguin Popular Classics),Jane Austen,1994,Penguin Books Ltd,http://images.amazon.com/images/P/0140620222.01.THUMBZZZ.jpg,http://images.amazon.com/images/P/0140620222.01.MZZZZZZZ.jpg,http://images.amazon.com/images/P/0140620222.01.LZZZZZZZ.jpg,Pride and Prejudice (Penguin Popular Classics) Jane Austen Penguin Books Ltd,18,8.944444444444445,8.367654679728144
0140053204,Travels With Charley: In Search of America,John Steinbeck,1980,Penguin Books,http://images.amazon.com/images/P/0140053204.01.THUMBZZZ.jpg,http://images.amazon.com/images/P/0140053204.01.MZZZZZZZ.jpg,http://images.amazon.com/images/P/0140053204.01.LZZZZZZZ.jpg,Travels With Charley: In Search of America John Steinbeck Penguin Books,21,8.238095238095237,8.048070190967548
0140374248,James and the Giant Peach,Roald Dahl,2000,Penguin USA (Paper),http://images.amazon.com/images/P/0140374248.01.THUMBZZZ.jpg,http://images.amazon.com/images/P/0140374248.01.MZZZZZZZ.jpg,http://images.amazon.com/images/P/0140374248.01.LZZZZZZZ.jpg,James and the Giant Peach Roald Dahl Penguin USA (Paper),17,8.588235294117647,8.188402103504583
0842373195,"Let's Roll: Ordinary People, Extraordinary Courage",Lisa Beamer,2002,Tyndale House Publishers,http://images.amazon.com/images/P/0842373195.01.THUMBZZZ.jpg,http://images.amazon.com/images/P/0842373195.01.MZZZZZZZ.jpg,http://images.amazon.com/images/P/0842373195.01.LZZZZZZZ.jpg,"Let's Roll: Ordinary People, Extraordinary Courage Lisa Beamer Tyndale House Publishers",12,7.333333333333333,7.6553399321771725
0451155750,The Dead Zone,Stephen King,2004,Signet Book,http://images.amazon.com/images/P/0451155750.01.THUMBZZZ.jpg,http://images.amazon.com/images/P/0451155750.01.MZZZZZZZ.jpg,http://images.amazon.com/images/P/0451155750.01.LZZZZZZZ.jpg,The Dead Zone Stephen King Signet Book,28,7.714285714285714,7.770226621451448
0064410129,"The Carnivorous Carnival (A Series of Unfortunate Events, Book 9)",Lemony Snicket,2002,HarperCollins,http://images.amazon.com/images/P/0064410129.01.THUMBZZZ.jpg,http://images.amazon.com/images/P/0064410129.01.MZZZZZZZ.jpg,http://images.amazon.com/images/P/0064410129.01.LZZZZZZZ.jpg,"The Carnivorous Carnival (A Series of Unfortunate Events, Book 9) Lemony Snicket HarperCollins",12,8.5,8.092839932177172
0020442203,"Lion, the Witch and the Wardrobe",C.S. Lewis,1970,MacMillan Publishing Company.,http://images.amazon.com/images/P/0020442203.01.THUMBZZZ.jpg,http://images.amazon.com/images/P/0020442203.01.MZZZZZZZ.jpg,http://images.amazon.com/images/P/0020442203.01.LZZZZZZZ.jpg,"Lion, the Witch and the Wardrobe C.S. Lewis MacMillan Publishing Company.",17,8.705882352941176,8.242456157558635
0140481346,Death of A Salesman,Arthur Miller,1998,Penguin USA (Paper),http://images.amazon.com/images/P/0140481346.01.THUMBZZZ.jpg,http://images.amazon.com/images/P/0140481346.01.MZZZZZZZ.jpg,http://images.amazon.com/images/P/0140481346.01.LZZZZZZZ.jpg,Death of A Salesman Arthur Miller Penguin USA (Paper),17,6.0588235294117645,7.0262399413424195
0140481389,The Crucible: A Play in Four Acts (Penguin Plays),Arthur Miller,1976,Penguin Books,http://images.amazon.com/images/P/0140481389.01.THUMBZZZ.jpg,http://images.amazon.com/images/P/0140481389.01.MZZZZZZZ.jpg,http://images.amazon.com/images/P/0140481389.01.LZZZZZZZ.jpg,The Crucible: A Play in Four Acts (Penguin Plays) Arthur Miller Penguin Books,20,8.0,7.924271945741738
0385418493,How the Irish Saved Civilization: The Untold Story of Ireland's Heroic Role from the Fall of Rome to the Rise of Medieval Europe (Hinges of History),Thomas Cahill,1996,Anchor,http://images.amazon.com/images/P/0385418493.01.THUMBZZZ.jpg,http://images.amazon.com/images/P/0385418493.01.MZZZZZZZ.jpg,http://images.amazon.com/images/P/0385418493.01.LZZZZZZZ.jpg,How the Irish Saved Civilization: The Untold Story of Ireland's Heroic Role from the Fall of Rome to the Rise of Medieval Europe (Hinges of History) Thomas Cahill Anchor,22,8.136363636363637,7.999306614992131
0441001971,Circus of the Damned (Anita Blake Vampire Hunter (Paperback)),Laurell K. Hamilton,1995,Ace Books,http://images.amazon.com/images/P/0441001971.01.THUMBZZZ.jpg,http://images.amazon.com/images/P/0441001971.01.MZZZZZZZ.jpg,http://images.amazon.com/images/P/0441001971.01.LZZZZZZZ.jpg,Circus of the Damned (Anita Blake Vampire Hunter (Paperback)) Laurell K. Hamilton Ace Books,26,8.384615384615385,8.15154082238412
0441003745,Bloody Bones (Anita Blake Vampire Hunter (Paperback)),Laurell K. Hamilton,2001,ACE Charter,http://images.amazon.com/images/P/0441003745.01.THUMBZZZ.jpg,http://images.amazon.com/images/P/0441003745.01.MZZZZZZZ.jpg,http://images.amazon.com/images/P/0441003745.01.LZZZZZZZ.jpg,Bloody Bones (Anita Blake Vampire Hunter (Paperback)) Laurell K. Hamilton ACE Charter,24,8.416666666666666,8.158429041583396
0441010512,Club Dead (Southern Vampire Mysteries),Charlaine Harris,2003,Ace Books,http://images.amazon.com/images/P/0441010512.01.THUMBZZZ.jpg,http://images.amazon.com/images/P/0441010512.01.MZZZZZZZ.jpg,http://images.amazon.com/images/P/0441010512.01.LZZZZZZZ.jpg,Club Dead (Southern Vampire Mysteries) Charlaine Harris Ace Books,23,8.26086956521739,8.069090182085336
0452262143,"The Drawing of the Three (The Dark Tower, Book 2)",Stephen King,1989,Plume Books,http://images.amazon.com/images/P/0452262143.01.THUMBZZZ.jpg,http://images.amazon.com/images/P/0452262143.01.MZZZZZZZ.jpg,http://images.amazon.com/images/P/0452262143.01.LZZZZZZZ.jpg,"The Drawing of the Three (The Dark Tower, Book 2) Stephen King Plume Books",21,8.333333333333334,8.096850678772427
0515102636,Morning Glory,LaVyrle Spencer,1990,Jove Books,http://images.amazon.com/images/P/0515102636.01.THUMBZZZ.jpg,http://images.amazon.com/images/P/0515102636.01.MZZZZZZZ.jpg,http://images.amazon.com/images/P/0515102636.01.LZZZZZZZ.jpg,Morning Glory LaVyrle Spencer Jove Books,24,8.666666666666666,8.294792677947033
055321330X,The Awakening,Kate Chopin,1985,Bantam,http://images.amazon.com/images/P/055321330X.01.THUMBZZZ.jpg,http://images.amazon.com/images/P/055321330X.01.MZZZZZZZ.jpg,http://images.amazon.com/images/P/055321330X.01.LZZZZZZZ.jpg,The Awakening Kate Chopin Bantam,19,7.368421052631579,7.614637893068449
0670839531,Needful Things: The Last Castle Rock Story,Stephen King,1991,Viking Books,http://images.amazon.com/images/P/0670839531.01.THUMBZZZ.jpg,http://images.amazon.com/images/P/0670839531.01.MZZZZZZZ.jpg,http://images.amazon.com/images/P/0670839531.01.LZZZZZZZ.jpg,Needful Things: The Last Castle Rock Story Stephen King Viking Books,30,7.766666666666667,7.79941755659339
0670855030,Insomnia,Stephen King,1994,Viking Books,http://images.amazon.com/images/P/0670855030.01.THUMBZZZ.jpg,http://images.amazon.com/images/P/0670855030.01.MZZZZZZZ.jpg,http://images.amazon.com/images/P/0670855030.01.LZZZZZZZ.jpg,Insomnia Stephen King Viking Books,25,8.52,8.221575062881545
0805063889,Nickel and Dimed: On (Not) Getting By in America,Barbara Ehrenreich,2001,Metropolitan Books,http://images.amazon.com/images/P/0805063889.01.THUMBZZZ.jpg,http://images.amazon.com/images/P/0805063889.01.MZZZZZZZ.jpg,http://images.amazon.com/images/P/0805063889.01.LZZZZZZZ.jpg,Nickel and Dimed: On (Not) Getting By in America Barbara Ehrenreich Metropolitan Books,27,8.444444444444445,8.1908697410568
042510107X,Red Storm Rising,Tom Clancy,1997,Berkley Publishing Group,http://images.amazon.com/images/P/042510107X.01.THUMBZZZ.jpg,http://images.amazon.com/images/P/042510107X.01.MZZZZZZZ.jpg,http://images.amazon.com/images/P/042510107X.01.LZZZZZZZ.jpg,Red Storm Rising Tom Clancy Berkley Publishing Group,39,7.6923076923076925,7.745269115757111
0345339703,"The Fellowship of the Ring (The Lord of the Rings, Part 1)",J.R.R. TOLKIEN,1986,Del Rey,http://images.amazon.com/images/P/0345339703.01.THUMBZZZ.jpg,http://images.amazon.com/images/P/0345339703.01.MZZZZZZZ.jpg,http://images.amazon.com/images/P/0345339703.01.LZZZZZZZ.jpg,"The Fellowship of the Ring (The Lord of the Rings, Part 1) J.R.R. TOLKIEN Del Rey",93,9.021505376344086,8.813901573713888
0375701214,The Diving Bell and the Butterfly : A Memoir of Life in Death,JEAN-DOMINIQUE BAUBY,1998,Vintage,http://images.amazon.com/images/P/0375701214.01.THUMBZZZ.jpg,http://images.amazon.com/images/P/0375701214.01.MZZZZZZZ.jpg,http://images.amazon.com/images/P/0375701214.01.LZZZZZZZ.jpg,The Diving Bell and the Butterfly : A Memoir of Life in Death JEAN-DOMINIQUE BAUBY Vintage,14,8.857142857142858,8.263849347931457
0380703882,Communion : A True Story,Whitley Strieber,1988,Avon,http://images.amazon.com/images/P/0380703882.01.THUMBZZZ.jpg,http://images.amazon.com/images/P/0380703882.01.MZZZZZZZ.jpg,http://images.amazon.com/images/P/0380703882.01.LZZZZZZZ.jpg,Communion : A True Story Whitley Strieber Avon,18,7.0,7.446602048149197
0399141065,Contagion,Robin Cook,1995,Putnam Pub Group,http://images.amazon.com/images/P/0399141065.01.THUMBZZZ.jpg,http://images.amazon.com/images/P/0399141065.01.MZZZZZZZ.jpg,http://images.amazon.com/images/P/0399141065.01.LZZZZZZZ.jpg,Contagion Robin Cook Putnam Pub Group,11,8.272727272727273,7.999060575150629
0425172996,Vector,Robin Cook,2000,Berkley Publishing Group,http://images.amazon.com/images/P/0425172996.01.THUMBZZZ.jpg,http://images.amazon.com/images/P/0425172996.01.MZZZZZZZ.jpg,http://images.amazon.com/images/P/0425172996.01.LZZZZZZZ.jpg,Vector Robin Cook Berkley Publishing Group,19,7.526315789473684,7.691560969991526
0425179885,The Devil's Code,John Sandford,2004,Berkley Publishing Group,http://images.amazon.com/images/P/0425179885.01.THUMBZZZ.jpg,http://images.amazon.com/images/P/0425179885.01.MZZZZZZZ.jpg,http://images.amazon.com/images/P/0425179885.01.LZZZZZZZ.jpg,The Devil's Code John Sandford Berkley Publishing Group,31,6.967741935483871,7.313154467248422
0440217547,Accident,Danielle Steel,1995,Dell,http://images.amazon.com/images/P/0440217547.01.THUMBZZZ.jpg,http://images.amazon.com/images/P/0440217547.01.MZZZZZZZ.jpg,http://images.amazon.com/images/P/0440217547.01.LZZZZZZZ.jpg,Accident Danielle Steel Dell,24,7.0,7.385701768856125
0451161343,Thinner,Stephen King,1994,Signet Book,http://images.amazon.com/images/P/0451161343.01.THUMBZZZ.jpg,http://images.amazon.com/images/P/0451161343.01.MZZZZZZZ.jpg,http://images.amazon.com/images/P/0451161343.01.LZZZZZZZ.jpg,Thinner Stephen King Signet Book,23,7.608695652173913,7.720252972783012
0451169514,It,Stephen King,1997,Signet Book,http://images.amazon.com/images/P/0451169514.01.THUMBZZZ.jpg,http://images.amazon.com/images/P/0451169514.01.MZZZZZZZ.jpg,http://images.amazon.com/images/P/0451169514.01.LZZZZZZZ.jpg,It Stephen King Signet Book,32,8.1875,8.057132265955183
0515120898,The Pull of the Moon,Elizabeth Berg,1997,Jove Books,http://images.amazon.com/images/P/0515120898.01.THUMBZZZ.jpg,http://images.amazon.com/images/P/0515120898.01.MZZZZZZZ.jpg,http://images.amazon.com/images/P/0515120898.01.LZZZZZZZ.jpg,The Pull of the Moon Elizabeth Berg Jove Books,18,8.11111111111111,7.972917837622882
0553285920,Silent Partner (Alex Delaware Novels (Paperback)),Jonathan Kellerman,1990,Bantam Books,http://images.amazon.com/images/P/0553285920.01.THUMBZZZ.jpg,http://images.amazon.com/images/P/0553285920.01.MZZZZZZZ.jpg,http://images.amazon.com/images/P/0553285920.01.LZZZZZZZ.jpg,Silent Partner (Alex Delaware Novels (Paperback)) Jonathan Kellerman Bantam Books,15,7.733333333333333,7.799167937990557
0553295977,Carnal Innocence,Nora Roberts,1992,Bantam Books,http://images.amazon.com/images/P/0553295977.01.THUMBZZZ.jpg,http://images.amazon.com/images/P/0553295977.01.MZZZZZZZ.jpg,http://images.amazon.com/images/P/0553295977.01.LZZZZZZZ.jpg,Carnal Innocence Nora Roberts Bantam Books,23,8.08695652173913,7.976066926271384
0553563521,Devil's Waltz (Alex Delaware Novels (Paperback)),Jonathan Kellerman,1993,Bantam Books,http://images.amazon.com/images/P/0553563521.01.THUMBZZZ.jpg,http://images.amazon.com/images/P/0553563521.01.MZZZZZZZ.jpg,http://images.amazon.com/images/P/0553563521.01.LZZZZZZZ.jpg,Devil's Waltz (Alex Delaware Novels (Paperback)) Jonathan Kellerman Bantam Books,20,8.05,7.949271945741739
0553568701,Bad Love (Alex Delaware Novels (Paperback)),Jonathan Kellerman,1994,Bantam Books,http://images.amazon.com/images/P/0553568701.01.THUMBZZZ.jpg,http://images.amazon.com/images/P/0553568701.01.MZZZZZZZ.jpg,http://images.amazon.com/images/P/0553568701.01.LZZZZZZZ.jpg,Bad Love (Alex Delaware Novels (Paperback)) Jonathan Kellerman Bantam Books,19,7.684210526315789,7.768484046914603
0553572326,Survival of the Fittest: An Alex Delaware Novel,Jonathan Kellerman,1998,Bantam,http://images.amazon.com/images/P/0553572326.01.THUMBZZZ.jpg,http://images.amazon.com/images/P/0553572326.01.MZZZZZZZ.jpg,http://images.amazon.com/images/P/0553572326.01.LZZZZZZZ.jpg,Survival of the Fittest: An Alex Delaware Novel Jonathan Kellerman Bantam,27,7.962962962962963,7.9142739963759485
0671039741,Salem's Lot,Stephen King,1999,Pocket,http://images.amazon.com/images/P/0671039741.01.THUMBZZZ.jpg,http://images.amazon.com/images/P/0671039741.01.MZZZZZZZ.jpg,http://images.amazon.com/images/P/0671039741.01.LZZZZZZZ.jpg,Salem's Lot Stephen King Pocket,22,8.409090909090908,8.142163757849273
067169507X,SEAT OF THE SOUL,Gary Zukav,1990,Free Press,http://images.amazon.com/images/P/067169507X.01.THUMBZZZ.jpg,http://images.amazon.com/images/P/067169507X.01.MZZZZZZZ.jpg,http://images.amazon.com/images/P/067169507X.01.LZZZZZZZ.jpg,SEAT OF THE SOUL Gary Zukav Free Press,22,7.863636363636363,7.8564494721349885
0740704818,The Blue Day Book,Bradley Trevor Greive,2000,Andrews McMeel Publishing,http://images.amazon.com/images/P/0740704818.01.THUMBZZZ.jpg,http://images.amazon.com/images/P/0740704818.01.MZZZZZZZ.jpg,http://images.amazon.com/images/P/0740704818.01.LZZZZZZZ.jpg,The Blue Day Book Bradley Trevor Greive Andrews McMeel Publishing,21,9.0,8.438314093406573
0767905938,A Year by the Sea: Thoughts of an Unfinished Woman,Joan Anderson,2000,Broadway Books,http://images.amazon.com/images/P/0767905938.01.THUMBZZZ.jpg,http://images.amazon.com/images/P/0767905938.01.MZZZZZZZ.jpg,http://images.amazon.com/images/P/0767905938.01.LZZZZZZZ.jpg,A Year by the Sea: Thoughts of an Unfinished Woman Joan Anderson Broadway Books,13,7.846153846153846,7.847602358474834
0786889020,Don't Stand Too Close to a Naked Man,Tim Allen,1995,Hyperion,http://images.amazon.com/images/P/0786889020.01.THUMBZZZ.jpg,http://images.amazon.com/images/P/0786889020.01.MZZZZZZZ.jpg,http://images.amazon.com/images/P/0786889020.01.LZZZZZZZ.jpg,Don't Stand Too Close to a Naked Man Tim Allen Hyperion,23,6.913043478260869,7.348159949527197
155874424X,Chicken Soup for the Soul at Work (Chicken Soup for the Soul Series (Paper)),Jack Canfield,1996,Health Communications,http://images.amazon.com/images/P/155874424X.01.THUMBZZZ.jpg,http://images.amazon.com/images/P/155874424X.01.MZZZZZZZ.jpg,http://images.amazon.com/images/P/155874424X.01.LZZZZZZZ.jpg,Chicken Soup for the Soul at Work (Chicken Soup for the Soul Series (Paper)) Jack Canfield Health Communications,14,8.357142857142858,8.05796699499028
1573221112,The Art of Happiness: A Handbook for Living,Dalai Lama,1998,Penguin Putnam,http://images.amazon.com/images/P/1573221112.01.THUMBZZZ.jpg,http://images.amazon.com/images/P/1573221112.01.MZZZZZZZ.jpg,http://images.amazon.com/images/P/1573221112.01.LZZZZZZZ.jpg,The Art of Happiness: A Handbook for Living Dalai Lama Penguin Putnam,17,8.235294117647058,8.02623994134242
0449911446,Before Women Had Wings (Ballantine Reader's Circle),Connie May Fowler,1997,Ballantine Books,http://images.amazon.com/images/P/0449911446.01.THUMBZZZ.jpg,http://images.amazon.com/images/P/0449911446.01.MZZZZZZZ.jpg,http://images.amazon.com/images/P/0449911446.01.LZZZZZZZ.jpg,Before Women Had Wings (Ballantine Reader's Circle) Connie May Fowler Ballantine Books,17,8.235294117647058,8.02623994134242
0440224837,The Long Road Home,Danielle Steel,1999,Dell Publishing Company,http://images.amazon.com/images/P/0440224837.01.THUMBZZZ.jpg,http://images.amazon.com/images/P/0440224837.01.MZZZZZZZ.jpg,http://images.amazon.com/images/P/0440224837.01.LZZZZZZZ.jpg,The Long Road Home Danielle Steel Dell Publishing Company,15,7.8,7.827739366561985
0399150439,Naked Prey,John Sandford,2003,Putnam Publishing Group,http://images.amazon.com/images/P/0399150439.01.THUMBZZZ.jpg,http://images.amazon.com/images/P/0399150439.01.MZZZZZZZ.jpg,http://images.amazon.com/images/P/0399150439.01.LZZZZZZZ.jpg,Naked Prey John Sandford Putnam Publishing Group,18,8.555555555555555,8.183444153412356
0385323638,Pink Slip,RITA CIRESI,1999,Delta,http://images.amazon.com/images/P/0385323638.01.THUMBZZZ.jpg,http://images.amazon.com/images/P/0385323638.01.MZZZZZZZ.jpg,http://images.amazon.com/images/P/0385323638.01.LZZZZZZZ.jpg,Pink Slip RITA CIRESI Delta,15,6.933333333333334,7.456310795133414
0767905202,Mr. Maybe,Jane Green,2002,Broadway Books,http://images.amazon.com/images/P/0767905202.01.THUMBZZZ.jpg,http://images.amazon.com/images/P/0767905202.01.MZZZZZZZ.jpg,http://images.amazon.com/images/P/0767905202.01.LZZZZZZZ.jpg,Mr. Maybe Jane Green Broadway Books,25,7.68,7.754908396214878
0312244266,Winter Solstice,Rosamunde Pilcher,2000,Thomas Dunne Books,http://images.amazon.com/images/P/0312244266.01.THUMBZZZ.jpg,http://images.amazon.com/images/P/0312244266.01.MZZZZZZZ.jpg,http://images.amazon.com/images/P/0312244266.01.LZZZZZZZ.jpg,Winter Solstice Rosamunde Pilcher Thomas Dunne Books,20,7.35,7.599271945741737
0375726349,The Human Stain : A Novel,PHILIP ROTH,2001,Vintage,http://images.amazon.com/images/P/0375726349.01.THUMBZZZ.jpg,http://images.amazon.com/images/P/0375726349.01.MZZZZZZZ.jpg,http://images.amazon.com/images/P/0375726349.01.LZZZZZZZ.jpg,The Human Stain : A Novel PHILIP ROTH Vintage,17,7.588235294117647,7.728942644045123
0312422156,Middlesex: A Novel,Jeffrey Eugenides,2003,Picador,http://images.amazon.com/images/P/0312422156.01.THUMBZZZ.jpg,http://images.amazon.com/images/P/0312422156.01.MZZZZZZZ.jpg,http://images.amazon.com/images/P/0312422156.01.LZZZZZZZ.jpg,Middlesex: A Novel Jeffrey Eugenides Picador,45,8.4,8.230321197379531
0553377884,Skinny Legs and All,Tom Robbins,1995,Bantam,http://images.amazon.com/images/P/0553377884.01.THUMBZZZ.jpg,http://images.amazon.com/images/P/0553377884.01.MZZZZZZZ.jpg,http://images.amazon.com/images/P/0553377884.01.LZZZZZZZ.jpg,Skinny Legs and All Tom Robbins Bantam,15,8.733333333333333,8.227739366561986
0380752859,For Love of Evil : Book Six of Incarnations of Immortality (Incarnations of Immortality (Paperback)),Piers Anthony,1990,Eos,http://images.amazon.com/images/P/0380752859.01.THUMBZZZ.jpg,http://images.amazon.com/images/P/0380752859.01.MZZZZZZZ.jpg,http://images.amazon.com/images/P/0380752859.01.LZZZZZZZ.jpg,For Love of Evil : Book Six of Incarnations of Immortality (Incarnations of Immortality (Paperback)) Piers Anthony Eos,18,7.444444444444445,7.657128363938671
039915079X,The Teeth of the Tiger,Tom Clancy,2003,G. P. Putnam's Sons,http://images.amazon.com/images/P/039915079X.01.THUMBZZZ.jpg,http://images.amazon.com/images/P/039915079X.01.MZZZZZZZ.jpg,http://images.amazon.com/images/P/039915079X.01.LZZZZZZZ.jpg,The Teeth of the Tiger Tom Clancy G. P. Putnam's Sons,15,7.2,7.570596509419128
0399147284,Chosen Prey,John Sandford,2001,G. P. Putnam's Sons,http://images.amazon.com/images/P/0399147284.01.THUMBZZZ.jpg,http://images.amazon.com/images/P/0399147284.01.MZZZZZZZ.jpg,http://images.amazon.com/images/P/0399147284.01.LZZZZZZZ.jpg,Chosen Prey John Sandford G. P. Putnam's Sons,16,7.8125,7.832524384157486
0425184226,The Sum of All Fears,Tom Clancy,2002,Berkley Publishing Group,http://images.amazon.com/images/P/0425184226.01.THUMBZZZ.jpg,http://images.amazon.com/images/P/0425184226.01.MZZZZZZZ.jpg,http://images.amazon.com/images/P/0425184226.01.LZZZZZZZ.jpg,The Sum of All Fears Tom Clancy Berkley Publishing Group,24,7.583333333333333,7.703883587037943
0671039725,Carrie,Stephen King,2002,Pocket,http://images.amazon.com/images/P/0671039725.01.THUMBZZZ.jpg,http://images.amazon.com/images/P/0671039725.01.MZZZZZZZ.jpg,http://images.amazon.com/images/P/0671039725.01.LZZZZZZZ.jpg,Carrie Stephen King Pocket,21,8.333333333333334,8.096850678772427
0842332278,The Remnant: On the Brink of Armageddon (Left Behind No. 10),Tim LaHaye,2002,Tyndale House Publishers,http://images.amazon.com/images/P/0842332278.01.THUMBZZZ.jpg,http://images.amazon.com/images/P/0842332278.01.MZZZZZZZ.jpg,http://images.amazon.com/images/P/0842332278.01.LZZZZZZZ.jpg,The Remnant: On the Brink of Armageddon (Left Behind No. 10) Tim LaHaye Tyndale House Publishers,17,8.117647058823529,7.972185887288366
0891075275,Piercing the Darkness,Frank E. Peretti,1989,Crossway Books,http://images.amazon.com/images/P/0891075275.01.THUMBZZZ.jpg,http://images.amazon.com/images/P/0891075275.01.MZZZZZZZ.jpg,http://images.amazon.com/images/P/0891075275.01.LZZZZZZZ.jpg,Piercing the Darkness Frank E. Peretti Crossway Books,17,8.941176470588236,8.350564265666744
1551668998,Beach House,Mary Alice Monroe,2002,Mira,http://images.amazon.com/images/P/1551668998.01.THUMBZZZ.jpg,http://images.amazon.com/images/P/1551668998.01.MZZZZZZZ.jpg,http://images.amazon.com/images/P/1551668998.01.LZZZZZZZ.jpg,Beach House Mary Alice Monroe Mira,21,8.380952380952381,8.121240922674867
0380788624,Cryptonomicon,Neal Stephenson,2000,Perennial,http://images.amazon.com/images/P/0380788624.01.THUMBZZZ.jpg,http://images.amazon.com/images/P/0380788624.01.MZZZZZZZ.jpg,http://images.amazon.com/images/P/0380788624.01.LZZZZZZZ.jpg,Cryptonomicon Neal Stephenson Perennial,16,8.6875,8.221413273046375
0553271636,D Is for Deadbeat (Kinsey Millhone Mysteries (Paperback)),Sue Grafton,1988,Bantam,http://images.amazon.com/images/P/0553271636.01.THUMBZZZ.jpg,http://images.amazon.com/images/P/0553271636.01.MZZZZZZZ.jpg,http://images.amazon.com/images/P/0553271636.01.LZZZZZZZ.jpg,D Is for Deadbeat (Kinsey Millhone Mysteries (Paperback)) Sue Grafton Bantam,52,7.923076923076923,7.902373303189854
0684195976,BODY FARM,Patricia Cornwell,1994,Scribner,http://images.amazon.com/images/P/0684195976.01.THUMBZZZ.jpg,http://images.amazon.com/images/P/0684195976.01.MZZZZZZZ.jpg,http://images.amazon.com/images/P/0684195976.01.LZZZZZZZ.jpg,BODY FARM Patricia Cornwell Scribner,18,7.944444444444445,7.893970469201829
0399145990,The River King,Alice Hoffman,2000,Putnam Publishing Group,http://images.amazon.com/images/P/0399145990.01.THUMBZZZ.jpg,http://images.amazon.com/images/P/0399145990.01.MZZZZZZZ.jpg,http://images.amazon.com/images/P/0399145990.01.LZZZZZZZ.jpg,The River King Alice Hoffman Putnam Publishing Group,17,7.823529411764706,7.837050752153231
0064407683,"The Wide Window (A Series of Unfortunate Events, Book 3)",Lemony Snicket,2000,HarperCollins,http://images.amazon.com/images/P/0064407683.01.THUMBZZZ.jpg,http://images.amazon.com/images/P/0064407683.01.MZZZZZZZ.jpg,http://images.amazon.com/images/P/0064407683.01.LZZZZZZZ.jpg,"The Wide Window (A Series of Unfortunate Events, Book 3) Lemony Snicket HarperCollins",28,8.392857142857142,8.166059954784782
0671822209,WLD ACCORDNG GARP,John Irving,1979,Pocket,http://images.amazon.com/images/P/0671822209.01.THUMBZZZ.jpg,http://images.amazon.com/images/P/0671822209.01.MZZZZZZZ.jpg,http://images.amazon.com/images/P/0671822209.01.LZZZZZZZ.jpg,WLD ACCORDNG GARP John Irving Pocket,14,8.428571428571429,8.087378759696161
0749309423,The Silence of the Lambs,Thomas Harris,1991,Mandarin,http://images.amazon.com/images/P/0749309423.01.THUMBZZZ.jpg,http://images.amazon.com/images/P/0749309423.01.MZZZZZZZ.jpg,http://images.amazon.com/images/P/0749309423.01.LZZZZZZZ.jpg,The Silence of the Lambs Thomas Harris Mandarin,10,8.2,7.96569592765565
044661162X,Chasing the Dime,Michael Connelly,2003,Warner Books,http://images.amazon.com/images/P/044661162X.01.THUMBZZZ.jpg,http://images.amazon.com/images/P/044661162X.01.MZZZZZZZ.jpg,http://images.amazon.com/images/P/044661162X.01.LZZZZZZZ.jpg,Chasing the Dime Michael Connelly Warner Books,21,7.0476190476190474,7.438314093406573
0446604275,Primary Colors: A Novel of Politics,Anonymous,1996,Warner Books,http://images.amazon.com/images/P/0446604275.01.THUMBZZZ.jpg,http://images.amazon.com/images/P/0446604275.01.MZZZZZZZ.jpg,http://images.amazon.com/images/P/0446604275.01.LZZZZZZZ.jpg,Primary Colors: A Novel of Politics Anonymous Warner Books,13,7.076923076923077,7.544572055444531
0671027646,The Christmas Box Collection : The Christmas Box Timepiece The Letter,Richard Paul Evans,1998,Pocket,http://images.amazon.com/images/P/0671027646.01.THUMBZZZ.jpg,http://images.amazon.com/images/P/0671027646.01.MZZZZZZZ.jpg,http://images.amazon.com/images/P/0671027646.01.LZZZZZZZ.jpg,The Christmas Box Collection : The Christmas Box Timepiece The Letter Richard Paul Evans Pocket,18,7.833333333333333,7.841338890254461
0425171396,"Hidden Agendas (Tom Clancy's Net Force, No. 2)",Tom Clancy,1999,Berkley Publishing Group,http://images.amazon.com/images/P/0425171396.01.THUMBZZZ.jpg,http://images.amazon.com/images/P/0425171396.01.MZZZZZZZ.jpg,http://images.amazon.com/images/P/0425171396.01.LZZZZZZZ.jpg,"Hidden Agendas (Tom Clancy's Net Force, No. 2) Tom Clancy Berkley Publishing Group",9,6.888888888888889,7.550719925161018
0345446666,Death in Holy Orders : An Adam Dalgliesh Mystery,P.D. JAMES,2002,Fawcett,http://images.amazon.com/images/P/0345446666.01.THUMBZZZ.jpg,http://images.amazon.com/images/P/0345446666.01.MZZZZZZZ.jpg,http://images.amazon.com/images/P/0345446666.01.LZZZZZZZ.jpg,Death in Holy Orders : An Adam Dalgliesh Mystery P.D. JAMES Fawcett,19,8.105263157894736,7.973612252042807
044900371X,The Orchid Thief (Ballantine Reader's Circle),Susan Orlean,2000,Ballantine Books,http://images.amazon.com/images/P/044900371X.01.THUMBZZZ.jpg,http://images.amazon.com/images/P/044900371X.01.MZZZZZZZ.jpg,http://images.amazon.com/images/P/044900371X.01.LZZZZZZZ.jpg,The Orchid Thief (Ballantine Reader's Circle) Susan Orlean Ballantine Books,26,7.961538461538462,7.912410387601511
1400030382,The Piano Tuner : A Novel,DANIEL MASON,2003,Vintage,http://images.amazon.com/images/P/1400030382.01.THUMBZZZ.jpg,http://images.amazon.com/images/P/1400030382.01.MZZZZZZZ.jpg,http://images.amazon.com/images/P/1400030382.01.LZZZZZZZ.jpg,The Piano Tuner : A Novel DANIEL MASON Vintage,14,8.428571428571429,8.087378759696161
0425109720,Patriot Games (Jack Ryan Novels),Tom Clancy,1992,Berkley Publishing Group,http://images.amazon.com/images/P/0425109720.01.THUMBZZZ.jpg,http://images.amazon.com/images/P/0425109720.01.MZZZZZZZ.jpg,http://images.amazon.com/images/P/0425109720.01.LZZZZZZZ.jpg,Patriot Games (Jack Ryan Novels) Tom Clancy Berkley Publishing Group,36,8.11111111111111,8.017337104101241
0380789884,Pearl Cove (Donovan),Elizabeth Lowell,2000,Avon,http://images.amazon.com/images/P/0380789884.01.THUMBZZZ.jpg,http://images.amazon.com/images/P/0380789884.01.MZZZZZZZ.jpg,http://images.amazon.com/images/P/0380789884.01.LZZZZZZZ.jpg,Pearl Cove (Donovan) Elizabeth Lowell Avon,14,7.642857142857143,7.7638493479314565
0553287737,The Bourne Ultimatum,Robert Ludlum,1991,Bantam Books,http://images.amazon.com/images/P/0553287737.01.THUMBZZZ.jpg,http://images.amazon.com/images/P/0553287737.01.MZZZZZZZ.jpg,http://images.amazon.com/images/P/0553287737.01.LZZZZZZZ.jpg,The Bourne Ultimatum Robert Ludlum Bantam Books,19,7.842105263157895,7.8454071238376795
0425083837,The Hunt for Red October,Tom Clancy,1985,Berkley Publishing Group,http://images.amazon.com/images/P/0425083837.01.THUMBZZZ.jpg,http://images.amazon.com/images/P/0425083837.01.MZZZZZZZ.jpg,http://images.amazon.com/images/P/0425083837.01.LZZZZZZZ.jpg,The Hunt for Red October Tom Clancy Berkley Publishing Group,40,8.55,8.316181297161158
0679419454,Disclosure,Michael Crichton,1994,Alfred A. Knopf,http://images.amazon.com/images/P/0679419454.01.THUMBZZZ.jpg,http://images.amazon.com/images/P/0679419454.01.MZZZZZZZ.jpg,http://images.amazon.com/images/P/0679419454.01.LZZZZZZZ.jpg,Disclosure Michael Crichton Alfred A. Knopf,17,7.764705882352941,7.810023725126204
0345402871,Airframe,Michael Crichton,1997,Ballantine Books,http://images.amazon.com/images/P/0345402871.01.THUMBZZZ.jpg,http://images.amazon.com/images/P/0345402871.01.MZZZZZZZ.jpg,http://images.amazon.com/images/P/0345402871.01.LZZZZZZZ.jpg,Airframe Michael Crichton Ballantine Books,51,7.705882352941177,7.7460687018263314
0553579983,And Then You Die,Iris Johansen,1998,Bantam,http://images.amazon.com/images/P/0553579983.01.THUMBZZZ.jpg,http://images.amazon.com/images/P/0553579983.01.MZZZZZZZ.jpg,http://images.amazon.com/images/P/0553579983.01.LZZZZZZZ.jpg,And Then You Die Iris Johansen Bantam,25,7.8,7.821575062881545
0671016776,Gravity : A Novel of Medical Suspense,Tess Gerritsen,2000,Pocket,http://images.amazon.com/images/P/0671016776.01.THUMBZZZ.jpg,http://images.amazon.com/images/P/0671016776.01.MZZZZZZZ.jpg,http://images.amazon.com/images/P/0671016776.01.LZZZZZZZ.jpg,Gravity : A Novel of Medical Suspense Tess Gerritsen Pocket,14,7.5,7.705025818519691
0399149848,Birthright,Nora Roberts,2003,Putnam Publishing Group,http://images.amazon.com/images/P/0399149848.01.THUMBZZZ.jpg,http://images.amazon.com/images/P/0399149848.01.MZZZZZZZ.jpg,http://images.amazon.com/images/P/0399149848.01.LZZZZZZZ.jpg,Birthright Nora Roberts Putnam Publishing Group,21,8.380952380952381,8.121240922674867
0670031909,Lost in a Good Book: A Thursday Next Novel,Jasper Fforde,2003,Viking Books,http://images.amazon.com/images/P/0670031909.01.THUMBZZZ.jpg,http://images.amazon.com/images/P/0670031909.01.MZZZZZZZ.jpg,http://images.amazon.com/images/P/0670031909.01.LZZZZZZZ.jpg,Lost in a Good Book: A Thursday Next Novel Jasper Fforde Viking Books,23,8.130434782608695,7.999322740224873
0425182886,Pot Shot,Robert B. Parker,2002,Berkley Publishing Group,http://images.amazon.com/images/P/0425182886.01.THUMBZZZ.jpg,http://images.amazon.com/images/P/0425182886.01.MZZZZZZZ.jpg,http://images.amazon.com/images/P/0425182886.01.LZZZZZZZ.jpg,Pot Shot Robert B. Parker Berkley Publishing Group,13,7.538461538461538,7.726390237262713
0446609617,Standoff,Sandra Brown,2001,Warner Vision,http://images.amazon.com/images/P/0446609617.01.THUMBZZZ.jpg,http://images.amazon.com/images/P/0446609617.01.MZZZZZZZ.jpg,http://images.amazon.com/images/P/0446609617.01.LZZZZZZZ.jpg,Standoff Sandra Brown Warner Vision,19,7.631578947368421,7.742843021273577
0061096113,Mistaken Identity,Lisa Scottoline,2000,HarperTorch,http://images.amazon.com/images/P/0061096113.01.THUMBZZZ.jpg,http://images.amazon.com/images/P/0061096113.01.MZZZZZZZ.jpg,http://images.amazon.com/images/P/0061096113.01.LZZZZZZZ.jpg,Mistaken Identity Lisa Scottoline HarperTorch,19,7.105263157894737,7.486432764863321
0671038443,The Devil's Teardrop,Jeffery Deaver,2000,Pocket,http://images.amazon.com/images/P/0671038443.01.THUMBZZZ.jpg,http://images.amazon.com/images/P/0671038443.01.MZZZZZZZ.jpg,http://images.amazon.com/images/P/0671038443.01.LZZZZZZZ.jpg,The Devil's Teardrop Jeffery Deaver Pocket,26,7.8076923076923075,7.8254538658623805
0393312836,A Clockwork Orange (Norton Paperback Fiction),Anthony Burgess,1986,W. W. Norton & Company,http://images.amazon.com/images/P/0393312836.01.THUMBZZZ.jpg,http://images.amazon.com/images/P/0393312836.01.MZZZZZZZ.jpg,http://images.amazon.com/images/P/0393312836.01.LZZZZZZZ.jpg,A Clockwork Orange (Norton Paperback Fiction) Anthony Burgess W. W. Norton & Company,23,8.391304347826088,8.138857623945803
0380817691,Stalker: A Peter Decker and Rina Lazarus Novel,Faye Kellerman,2001,Avon,http://images.amazon.com/images/P/0380817691.01.THUMBZZZ.jpg,http://images.amazon.com/images/P/0380817691.01.MZZZZZZZ.jpg,http://images.amazon.com/images/P/0380817691.01.LZZZZZZZ.jpg,Stalker: A Peter Decker and Rina Lazarus Novel Faye Kellerman Avon,25,7.92,7.888241729548211
0425145638,Fatal Cure,Robin Cook,1997,Berkley Publishing Group,http://images.amazon.com/images/P/0425145638.01.THUMBZZZ.jpg,http://images.amazon.com/images/P/0425145638.01.MZZZZZZZ.jpg,http://images.amazon.com/images/P/0425145638.01.LZZZZZZZ.jpg,Fatal Cure Robin Cook Berkley Publishing Group,16,7.625,7.7491910508241535
0671028367,Deadly Decisions,Kathy Reichs,2001,Pocket Books,http://images.amazon.com/images/P/0671028367.01.THUMBZZZ.jpg,http://images.amazon.com/images/P/0671028367.01.MZZZZZZZ.jpg,http://images.amazon.com/images/P/0671028367.01.LZZZZZZZ.jpg,Deadly Decisions Kathy Reichs Pocket Books,24,7.041666666666667,7.408429041583398
0786889616,Parallel Lies,Ridley Pearson,2002,Hyperion Press,http://images.amazon.com/images/P/0786889616.01.THUMBZZZ.jpg,http://images.amazon.com/images/P/0786889616.01.MZZZZZZZ.jpg,http://images.amazon.com/images/P/0786889616.01.LZZZZZZZ.jpg,Parallel Lies Ridley Pearson Hyperion Press,17,6.9411764705882355,7.431645346747826
0446530239,If Looks Could Kill,Kate White,2002,Warner Books,http://images.amazon.com/images/P/0446530239.01.THUMBZZZ.jpg,http://images.amazon.com/images/P/0446530239.01.MZZZZZZZ.jpg,http://images.amazon.com/images/P/0446530239.01.LZZZZZZZ.jpg,If Looks Could Kill Kate White Warner Books,16,7.0,7.471413273046375
038000917X,Rebecca,Daphne du Maurier,1982,Avon Books,http://images.amazon.com/images/P/038000917X.01.THUMBZZZ.jpg,http://images.amazon.com/images/P/038000917X.01.MZZZZZZZ.jpg,http://images.amazon.com/images/P/038000917X.01.LZZZZZZZ.jpg,Rebecca Daphne du Maurier Avon Books,16,8.0625,7.943635495268597
0440495962,The Witch of Blackbird Pond (Yearling Newbery),ELIZABETH GEORGE SPEARE,1987,Yearling,http://images.amazon.com/images/P/0440495962.01.THUMBZZZ.jpg,http://images.amazon.com/images/P/0440495962.01.MZZZZZZZ.jpg,http://images.amazon.com/images/P/0440495962.01.LZZZZZZZ.jpg,The Witch of Blackbird Pond (Yearling Newbery) ELIZABETH GEORGE SPEARE Yearling,14,7.857142857142857,7.852084642049103
0886773520,"Magic's Pawn (The Last Herald-Mage Series, Book 1)",Mercedes Lackey,1994,Daw Books,http://images.amazon.com/images/P/0886773520.01.THUMBZZZ.jpg,http://images.amazon.com/images/P/0886773520.01.MZZZZZZZ.jpg,http://images.amazon.com/images/P/0886773520.01.LZZZZZZZ.jpg,"Magic's Pawn (The Last Herald-Mage Series, Book 1) Mercedes Lackey Daw Books",18,8.444444444444445,8.130812574464986
0451186362,Rose Madder,Stephen King,2004,Signet Book,http://images.amazon.com/images/P/0451186362.01.THUMBZZZ.jpg,http://images.amazon.com/images/P/0451186362.01.MZZZZZZZ.jpg,http://images.amazon.com/images/P/0451186362.01.LZZZZZZZ.jpg,Rose Madder Stephen King Signet Book,33,7.636363636363637,7.716431657163575
0812548094,"Stone of Tears (Sword of Truth, Book 2)",Terry Goodkind,1996,Tor Fantasy,http://images.amazon.com/images/P/0812548094.01.THUMBZZZ.jpg,http://images.amazon.com/images/P/0812548094.01.MZZZZZZZ.jpg,http://images.amazon.com/images/P/0812548094.01.LZZZZZZZ.jpg,"Stone of Tears (Sword of Truth, Book 2) Terry Goodkind Tor Fantasy",19,8.526315789473685,8.178740457171013
0812551478,"Blood of the Fold (Sword of Truth, Book 3)",Terry Goodkind,1997,Tor Fantasy,http://images.amazon.com/images/P/0812551478.01.THUMBZZZ.jpg,http://images.amazon.com/images/P/0812551478.01.MZZZZZZZ.jpg,http://images.amazon.com/images/P/0812551478.01.LZZZZZZZ.jpg,"Blood of the Fold (Sword of Truth, Book 3) Terry Goodkind Tor Fantasy",19,8.631578947368421,8.230022508453064
0812551486,"Temple of the Winds (Sword of Truth, Book 4)",Terry Goodkind,1998,Tor Fantasy,http://images.amazon.com/images/P/0812551486.01.THUMBZZZ.jpg,http://images.amazon.com/images/P/0812551486.01.MZZZZZZZ.jpg,http://images.amazon.com/images/P/0812551486.01.LZZZZZZZ.jpg,"Temple of the Winds (Sword of Truth, Book 4) Terry Goodkind Tor Fantasy",13,8.23076923076923,7.9991175099899845
0670858692,Rose Madder,Stephen King,1995,Viking Books,http://images.amazon.com/images/P/0670858692.01.THUMBZZZ.jpg,http://images.amazon.com/images/P/0670858692.01.MZZZZZZZ.jpg,http://images.amazon.com/images/P/0670858692.01.LZZZZZZZ.jpg,Rose Madder Stephen King Viking Books,27,7.592592592592593,7.7015080389291395
0060168013,Pigs in Heaven,Barbara Kingsolver,1993,Harpercollins,http://images.amazon.com/images/P/0060168013.01.THUMBZZZ.jpg,http://images.amazon.com/images/P/0060168013.01.MZZZZZZZ.jpg,http://images.amazon.com/images/P/0060168013.01.LZZZZZZZ.jpg,Pigs in Heaven Barbara Kingsolver Harpercollins,10,8.1,7.932362594322317
0345440765,The World Below (Ballantine Reader's Circle),SUE MILLER,2002,Ballantine Books,http://images.amazon.com/images/P/0345440765.01.THUMBZZZ.jpg,http://images.amazon.com/images/P/0345440765.01.MZZZZZZZ.jpg,http://images.amazon.com/images/P/0345440765.01.LZZZZZZZ.jpg,The World Below (Ballantine Reader's Circle) SUE MILLER Ballantine Books,14,7.357142857142857,7.646202289107927
0425113884,Mortal Fear,Robin Cook,1989,Berkley Publishing Group,http://images.amazon.com/images/P/0425113884.01.THUMBZZZ.jpg,http://images.amazon.com/images/P/0425113884.01.MZZZZZZZ.jpg,http://images.amazon.com/images/P/0425113884.01.LZZZZZZZ.jpg,Mortal Fear Robin Cook Berkley Publishing Group,18,7.666666666666667,7.762391521833408
0399147128,The Villa,Nora Roberts,2001,Putnam Publishing Group,http://images.amazon.com/images/P/0399147128.01.THUMBZZZ.jpg,http://images.amazon.com/images/P/0399147128.01.MZZZZZZZ.jpg,http://images.amazon.com/images/P/0399147128.01.LZZZZZZZ.jpg,The Villa Nora Roberts Putnam Publishing Group,15,7.733333333333333,7.799167937990557
0553800973,Body of Lies,IRIS JOHANSEN,2002,Bantam,http://images.amazon.com/images/P/0553800973.01.THUMBZZZ.jpg,http://images.amazon.com/images/P/0553800973.01.MZZZZZZZ.jpg,http://images.amazon.com/images/P/0553800973.01.LZZZZZZZ.jpg,Body of Lies IRIS JOHANSEN Bantam,13,7.153846153846154,7.5748750857475615
0345333926,Ringworld,Larry Niven,1990,Del Rey Books,http://images.amazon.com/images/P/0345333926.01.THUMBZZZ.jpg,http://images.amazon.com/images/P/0345333926.01.MZZZZZZZ.jpg,http://images.amazon.com/images/P/0345333926.01.LZZZZZZZ.jpg,Ringworld Larry Niven Del Rey Books,20,8.4,8.124271945741738
044661095X,Killing Time,Caleb Carr,2002,Warner Books,http://images.amazon.com/images/P/044661095X.01.THUMBZZZ.jpg,http://images.amazon.com/images/P/044661095X.01.MZZZZZZZ.jpg,http://images.amazon.com/images/P/044661095X.01.LZZZZZZZ.jpg,Killing Time Caleb Carr Warner Books,17,5.705882352941177,6.864077779180258
0553576089,In the Presence of the Enemy,ELIZABETH GEORGE,1997,Bantam,http://images.amazon.com/images/P/0553576089.01.THUMBZZZ.jpg,http://images.amazon.com/images/P/0553576089.01.MZZZZZZZ.jpg,http://images.amazon.com/images/P/0553576089.01.LZZZZZZZ.jpg,In the Presence of the Enemy ELIZABETH GEORGE Bantam,20,8.2,8.024271945741738
0060830956,Brave New World,Aldous Huxley,1984,HarperCollins Publishers,http://images.amazon.com/images/P/0060830956.01.THUMBZZZ.jpg,http://images.amazon.com/images/P/0060830956.01.MZZZZZZZ.jpg,http://images.amazon.com/images/P/0060830956.01.LZZZZZZZ.jpg,Brave New World Aldous Huxley HarperCollins Publishers,16,8.5625,8.16585771749082
0061093335,"Nora, Nora: A Novel",Anne Rivers Siddons,2001,HarperTorch,http://images.amazon.com/images/P/0061093335.01.THUMBZZZ.jpg,http://images.amazon.com/images/P/0061093335.01.MZZZZZZZ.jpg,http://images.amazon.com/images/P/0061093335.01.LZZZZZZZ.jpg,"Nora, Nora: A Novel Anne Rivers Siddons HarperTorch",12,7.0,7.5303399321771725
0425158632,Executive Orders (Jack Ryan Novels),Tom Clancy,1997,Berkley Publishing Group,http://images.amazon.com/images/P/0425158632.01.THUMBZZZ.jpg,http://images.amazon.com/images/P/0425158632.01.MZZZZZZZ.jpg,http://images.amazon.com/images/P/0425158632.01.LZZZZZZZ.jpg,Executive Orders (Jack Ryan Novels) Tom Clancy Berkley Publishing Group,22,7.7727272727272725,7.808830424515941
0385720955,The Blind Assassin,Margaret Atwood,2001,Anchor Books/Doubleday,http://images.amazon.com/images/P/0385720955.01.THUMBZZZ.jpg,http://images.amazon.com/images/P/0385720955.01.MZZZZZZZ.jpg,http://images.amazon.com/images/P/0385720955.01.LZZZZZZZ.jpg,The Blind Assassin Margaret Atwood Anchor Books/Doubleday,40,7.25,7.449514630494491
0375502025,The Greatest Generation,TOM BROKAW,1998,Random House,http://images.amazon.com/images/P/0375502025.01.THUMBZZZ.jpg,http://images.amazon.com/images/P/0375502025.01.MZZZZZZZ.jpg,http://images.amazon.com/images/P/0375502025.01.LZZZZZZZ.jpg,The Greatest Generation TOM BROKAW Random House,16,7.6875,7.77696882860193
0767913000,Fourplay: A Novel,Jane Moore,2002,Broadway Books,http://images.amazon.com/images/P/0767913000.01.THUMBZZZ.jpg,http://images.amazon.com/images/P/0767913000.01.MZZZZZZZ.jpg,http://images.amazon.com/images/P/0767913000.01.LZZZZZZZ.jpg,Fourplay: A Novel Jane Moore Broadway Books,16,7.5625,7.721413273046375
0671868691,Bitter Harvest,Ann Rule,1999,Pocket,http://images.amazon.com/images/P/0671868691.01.THUMBZZZ.jpg,http://images.amazon.com/images/P/0671868691.01.MZZZZZZZ.jpg,http://images.amazon.com/images/P/0671868691.01.LZZZZZZZ.jpg,Bitter Harvest Ann Rule Pocket,19,8.0,7.922330200760756
0515134279,The Straw Men,Michael Marshall,2002,Jove Books,http://images.amazon.com/images/P/0515134279.01.THUMBZZZ.jpg,http://images.amazon.com/images/P/0515134279.01.MZZZZZZZ.jpg,http://images.amazon.com/images/P/0515134279.01.LZZZZZZZ.jpg,The Straw Men Michael Marshall Jove Books,14,7.714285714285714,7.793261112637339
0425185710,Valhalla Rising (Dirk Pitt Adventures (Paperback)),Clive Cussler,2002,Berkley Publishing Group,http://images.amazon.com/images/P/0425185710.01.THUMBZZZ.jpg,http://images.amazon.com/images/P/0425185710.01.MZZZZZZZ.jpg,http://images.amazon.com/images/P/0425185710.01.LZZZZZZZ.jpg,Valhalla Rising (Dirk Pitt Adventures (Paperback)) Clive Cussler Berkley Publishing Group,28,7.25,7.499393288118116
0440223202,Evening Class,Maeve Binchy,1998,Dell Publishing Company,http://images.amazon.com/images/P/0440223202.01.THUMBZZZ.jpg,http://images.amazon.com/images/P/0440223202.01.MZZZZZZZ.jpg,http://images.amazon.com/images/P/0440223202.01.LZZZZZZZ.jpg,Evening Class Maeve Binchy Dell Publishing Company,37,8.35135135135135,8.174927681222272
0446394521,Daisy Fay and the Miracle Man,Fannie Flagg,1992,Warner Books,http://images.amazon.com/images/P/0446394521.01.THUMBZZZ.jpg,http://images.amazon.com/images/P/0446394521.01.MZZZZZZZ.jpg,http://images.amazon.com/images/P/0446394521.01.LZZZZZZZ.jpg,Daisy Fay and the Miracle Man Fannie Flagg Warner Books,49,7.489795918367347,7.593780838111153
0140119906,Love in the Time of Cholera (Penguin Great Books of the 20th Century),Gabriel Garcia Marquez,1994,Penguin Books,http://images.amazon.com/images/P/0140119906.01.THUMBZZZ.jpg,http://images.amazon.com/images/P/0140119906.01.MZZZZZZZ.jpg,http://images.amazon.com/images/P/0140119906.01.LZZZZZZZ.jpg,Love in the Time of Cholera (Penguin Great Books of the 20th Century) Gabriel Garcia Marquez Penguin Books,42,8.023809523809524,7.967272223059185
0060932813,Waiting: The True Confessions of a Waitress,Debra Ginsberg,2001,Perennial,http://images.amazon.com/images/P/0060932813.01.THUMBZZZ.jpg,http://images.amazon.com/images/P/0060932813.01.MZZZZZZZ.jpg,http://images.amazon.com/images/P/0060932813.01.LZZZZZZZ.jpg,Waiting: The True Confessions of a Waitress Debra Ginsberg Perennial,15,7.8,7.827739366561985
0842329293,The Indwelling: The Beast Takes Possession (Left Behind No. 7),Tim Lahaye,2001,Tyndale House Publishers,http://images.amazon.com/images/P/0842329293.01.THUMBZZZ.jpg,http://images.amazon.com/images/P/0842329293.01.MZZZZZZZ.jpg,http://images.amazon.com/images/P/0842329293.01.LZZZZZZZ.jpg,The Indwelling: The Beast Takes Possession (Left Behind No. 7) Tim Lahaye Tyndale House Publishers,16,8.4375,8.110302161935264
0345391810,The Restaurant at the End of the Universe (Hitchhiker's Trilogy (Paperback)),Douglas Adams,1995,Ballantine Books,http://images.amazon.com/images/P/0345391810.01.THUMBZZZ.jpg,http://images.amazon.com/images/P/0345391810.01.MZZZZZZZ.jpg,http://images.amazon.com/images/P/0345391810.01.LZZZZZZZ.jpg,The Restaurant at the End of the Universe (Hitchhiker's Trilogy (Paperback)) Douglas Adams Ballantine Books,24,8.208333333333334,8.044792677947035
0425174271,Certain Prey,John Sandford,2000,Berkley Publishing Group,http://images.amazon.com/images/P/0425174271.01.THUMBZZZ.jpg,http://images.amazon.com/images/P/0425174271.01.MZZZZZZZ.jpg,http://images.amazon.com/images/P/0425174271.01.LZZZZZZZ.jpg,Certain Prey John Sandford Berkley Publishing Group,26,7.653846153846154,7.7384973441232505
0553573209,Firefly Beach,Luanne Rice,2001,Bantam Books,http://images.amazon.com/images/P/0553573209.01.THUMBZZZ.jpg,http://images.amazon.com/images/P/0553573209.01.MZZZZZZZ.jpg,http://images.amazon.com/images/P/0553573209.01.LZZZZZZZ.jpg,Firefly Beach Luanne Rice Bantam Books,17,6.823529411764706,7.377591292693771
0553096060,Sein Language,JERRY SEINFELD,1993,Bantam,http://images.amazon.com/images/P/0553096060.01.THUMBZZZ.jpg,http://images.amazon.com/images/P/0553096060.01.MZZZZZZZ.jpg,http://images.amazon.com/images/P/0553096060.01.LZZZZZZZ.jpg,Sein Language JERRY SEINFELD Bantam,17,7.294117647058823,7.593807508909988
0310205719,The Purpose-Driven Life: What on Earth Am I Here For?,Rick Warren,2002,Zondervan Publishing Company,http://images.amazon.com/images/P/0310205719.01.THUMBZZZ.jpg,http://images.amazon.com/images/P/0310205719.01.MZZZZZZZ.jpg,http://images.amazon.com/images/P/0310205719.01.LZZZZZZZ.jpg,The Purpose-Driven Life: What on Earth Am I Here For? Rick Warren Zondervan Publishing Company,19,8.210526315789474,8.02489430332486
0060931418,Their Eyes Were Watching God,Zora Neale Hurston,1998,Perennial,http://images.amazon.com/images/P/0060931418.01.THUMBZZZ.jpg,http://images.amazon.com/images/P/0060931418.01.MZZZZZZZ.jpg,http://images.amazon.com/images/P/0060931418.01.LZZZZZZZ.jpg,Their Eyes Were Watching God Zora Neale Hurston Perennial,18,8.166666666666666,7.999233627096565
0061030430,Long Time No See,Susan Isaacs,2002,HarperTorch,http://images.amazon.com/images/P/0061030430.01.THUMBZZZ.jpg,http://images.amazon.com/images/P/0061030430.01.MZZZZZZZ.jpg,http://images.amazon.com/images/P/0061030430.01.LZZZZZZZ.jpg,Long Time No See Susan Isaacs HarperTorch,11,6.454545454545454,7.353899284828049
0345434803,"The Vampire Armand (The Vampire Chronicles, Book 6)",Anne Rice,2000,Ballantine Books,http://images.amazon.com/images/P/0345434803.01.THUMBZZZ.jpg,http://images.amazon.com/images/P/0345434803.01.MZZZZZZZ.jpg,http://images.amazon.com/images/P/0345434803.01.LZZZZZZZ.jpg,"The Vampire Armand (The Vampire Chronicles, Book 6) Anne Rice Ballantine Books",21,7.142857142857143,7.487094581211451
0441005241,"Burnt Offerings (Anita Blake, Vampire Hunter)",Laurell K. Hamilton,2001,Ace Books,http://images.amazon.com/images/P/0441005241.01.THUMBZZZ.jpg,http://images.amazon.com/images/P/0441005241.01.MZZZZZZZ.jpg,http://images.amazon.com/images/P/0441005241.01.LZZZZZZZ.jpg,"Burnt Offerings (Anita Blake, Vampire Hunter) Laurell K. Hamilton Ace Books",25,8.24,8.06601950732599
0451173139,Night over Water,Ken Follett,1992,Signet Book,http://images.amazon.com/images/P/0451173139.01.THUMBZZZ.jpg,http://images.amazon.com/images/P/0451173139.01.MZZZZZZZ.jpg,http://images.amazon.com/images/P/0451173139.01.LZZZZZZZ.jpg,Night over Water Ken Follett Signet Book,18,7.222222222222222,7.551865206043935
0451180232,Nightmares & Dreamscapes,Stephen King,2004,Signet Book,http://images.amazon.com/images/P/0451180232.01.THUMBZZZ.jpg,http://images.amazon.com/images/P/0451180232.01.MZZZZZZZ.jpg,http://images.amazon.com/images/P/0451180232.01.LZZZZZZZ.jpg,Nightmares & Dreamscapes Stephen King Signet Book,43,8.093023255813954,8.015410759201103
0451190572,The Green Mile: Coffey on the Mile (Green Mile Series),Stephen King,1996,Signet Book,http://images.amazon.com/images/P/0451190572.01.THUMBZZZ.jpg,http://images.amazon.com/images/P/0451190572.01.MZZZZZZZ.jpg,http://images.amazon.com/images/P/0451190572.01.LZZZZZZZ.jpg,The Green Mile: Coffey on the Mile (Green Mile Series) Stephen King Signet Book,23,8.521739130434783,8.208625065806268
0671034057,Now You See Her,Linda Howard,1999,Pocket Books,http://images.amazon.com/images/P/0671034057.01.THUMBZZZ.jpg,http://images.amazon.com/images/P/0671034057.01.MZZZZZZZ.jpg,http://images.amazon.com/images/P/0671034057.01.LZZZZZZZ.jpg,Now You See Her Linda Howard Pocket Books,15,7.333333333333333,7.627739366561985
0345404114,Sleepers,Lorenzo Carcaterra,1996,Ballantine Books,http://images.amazon.com/images/P/0345404114.01.THUMBZZZ.jpg,http://images.amazon.com/images/P/0345404114.01.MZZZZZZZ.jpg,http://images.amazon.com/images/P/0345404114.01.LZZZZZZZ.jpg,Sleepers Lorenzo Carcaterra Ballantine Books,26,7.0,7.368932126731946
0440217490,A Dangerous Fortune,Ken Follett,1994,Island,http://images.amazon.com/images/P/0440217490.01.THUMBZZZ.jpg,http://images.amazon.com/images/P/0440217490.01.MZZZZZZZ.jpg,http://images.amazon.com/images/P/0440217490.01.LZZZZZZZ.jpg,A Dangerous Fortune Ken Follett Island,20,7.9,7.874271945741738
0552996181,Behind the Scenes at the Museum,Kate Atkinson,1996,Black Swan,http://images.amazon.com/images/P/0552996181.01.THUMBZZZ.jpg,http://images.amazon.com/images/P/0552996181.01.MZZZZZZZ.jpg,http://images.amazon.com/images/P/0552996181.01.LZZZZZZZ.jpg,Behind the Scenes at the Museum Kate Atkinson Black Swan,20,7.35,7.599271945741737
0684801469,Farewell To Arms,Ernest Hemingway,1995,Scribner,http://images.amazon.com/images/P/0684801469.01.THUMBZZZ.jpg,http://images.amazon.com/images/P/0684801469.01.MZZZZZZZ.jpg,http://images.amazon.com/images/P/0684801469.01.LZZZZZZZ.jpg,Farewell To Arms Ernest Hemingway Scribner,11,8.454545454545455,8.063576704182887
0743422910,The Constant Gardener,John le Carre,2001,Pocket,http://images.amazon.com/images/P/0743422910.01.THUMBZZZ.jpg,http://images.amazon.com/images/P/0743422910.01.MZZZZZZZ.jpg,http://images.amazon.com/images/P/0743422910.01.LZZZZZZZ.jpg,The Constant Gardener John le Carre Pocket,17,7.117647058823529,7.512726427828906
0515130044,The Attorney,Steve Martini,2001,Jove Books,http://images.amazon.com/images/P/0515130044.01.THUMBZZZ.jpg,http://images.amazon.com/images/P/0515130044.01.MZZZZZZZ.jpg,http://images.amazon.com/images/P/0515130044.01.LZZZZZZZ.jpg,The Attorney Steve Martini Jove Books,22,7.590909090909091,7.713592329277846
080411918X,A Patchwork Planet,ANNE TYLER,2001,Ballantine Books,http://images.amazon.com/images/P/080411918X.01.THUMBZZZ.jpg,http://images.amazon.com/images/P/080411918X.01.MZZZZZZZ.jpg,http://images.amazon.com/images/P/080411918X.01.LZZZZZZZ.jpg,A Patchwork Planet ANNE TYLER Ballantine Books,20,7.1,7.474271945741737
0060927569,High Tide in Tucson : Essays from Now or Never,Barbara Kingsolver,1996,Perennial,http://images.amazon.com/images/P/0060927569.01.THUMBZZZ.jpg,http://images.amazon.com/images/P/0060927569.01.MZZZZZZZ.jpg,http://images.amazon.com/images/P/0060927569.01.LZZZZZZZ.jpg,High Tide in Tucson : Essays from Now or Never Barbara Kingsolver Perennial,17,8.176470588235293,7.999212914315393
0446525804,Last Man Standing,David Baldacci,2001,Warner Books,http://images.amazon.com/images/P/0446525804.01.THUMBZZZ.jpg,http://images.amazon.com/images/P/0446525804.01.MZZZZZZZ.jpg,http://images.amazon.com/images/P/0446525804.01.LZZZZZZZ.jpg,Last Man Standing David Baldacci Warner Books,16,7.4375,7.66585771749082
0553278592,Sweet Revenge,NORA ROBERTS,1997,Bantam,http://images.amazon.com/images/P/0553278592.01.THUMBZZZ.jpg,http://images.amazon.com/images/P/0553278592.01.MZZZZZZZ.jpg,http://images.amazon.com/images/P/0553278592.01.LZZZZZZZ.jpg,Sweet Revenge NORA ROBERTS Bantam,18,7.666666666666667,7.762391521833408
0670813028,It,Stephen King,1986,Viking Books,http://images.amazon.com/images/P/0670813028.01.THUMBZZZ.jpg,http://images.amazon.com/images/P/0670813028.01.MZZZZZZZ.jpg,http://images.amazon.com/images/P/0670813028.01.LZZZZZZZ.jpg,It Stephen King Viking Books,18,8.277777777777779,8.051865206043935
0670813648,Misery,Stephen King,1990,Viking Books,http://images.amazon.com/images/P/0670813648.01.THUMBZZZ.jpg,http://images.amazon.com/images/P/0670813648.01.MZZZZZZZ.jpg,http://images.amazon.com/images/P/0670813648.01.LZZZZZZZ.jpg,Misery Stephen King Viking Books,17,8.470588235294118,8.134348049450528
0061092614,Finding Moon,Tony Hillerman,1996,HarperTorch,http://images.amazon.com/images/P/0061092614.01.THUMBZZZ.jpg,http://images.amazon.com/images/P/0061092614.01.MZZZZZZZ.jpg,http://images.amazon.com/images/P/0061092614.01.LZZZZZZZ.jpg,Finding Moon Tony Hillerman HarperTorch,15,8.066666666666666,7.942025080847699
0345442822,Angry Housewives Eating Bon Bons (Ballantine Reader's Circle),LORNA LANDVIK,2004,Ballantine Books,http://images.amazon.com/images/P/0345442822.01.THUMBZZZ.jpg,http://images.amazon.com/images/P/0345442822.01.MZZZZZZZ.jpg,http://images.amazon.com/images/P/0345442822.01.LZZZZZZZ.jpg,Angry Housewives Eating Bon Bons (Ballantine Reader's Circle) LORNA LANDVIK Ballantine Books,17,7.882352941176471,7.864077779180258
157322930X,High Maintenance,Jennifer Belle,2002,Riverhead Books,http://images.amazon.com/images/P/157322930X.01.THUMBZZZ.jpg,http://images.amazon.com/images/P/157322930X.01.MZZZZZZZ.jpg,http://images.amazon.com/images/P/157322930X.01.LZZZZZZZ.jpg,High Maintenance Jennifer Belle Riverhead Books,18,6.444444444444445,7.183444153412355
2253150711,Stupeur Et Tremblements,Amelie Nothomb,2001,Distribooks,http://images.amazon.com/images/P/2253150711.01.THUMBZZZ.jpg,http://images.amazon.com/images/P/2253150711.01.MZZZZZZZ.jpg,http://images.amazon.com/images/P/2253150711.01.LZZZZZZZ.jpg,Stupeur Et Tremblements Amelie Nothomb Distribooks,4,7.75,7.832119909569563
0399146113,It's Not About the Bike: My Journey Back to Life,Lance Armstrong,2000,Penguin Putnam,http://images.amazon.com/images/P/0399146113.01.THUMBZZZ.jpg,http://images.amazon.com/images/P/0399146113.01.MZZZZZZZ.jpg,http://images.amazon.com/images/P/0399146113.01.LZZZZZZZ.jpg,It's Not About the Bike: My Journey Back to Life Lance Armstrong Penguin Putnam,7,8.285714285714286,7.961884364061834
0679419462,The Lost World: A Novel,Michael Crichton,1995,Alfred A. Knopf,http://images.amazon.com/images/P/0679419462.01.THUMBZZZ.jpg,http://images.amazon.com/images/P/0679419462.01.MZZZZZZZ.jpg,http://images.amazon.com/images/P/0679419462.01.LZZZZZZZ.jpg,The Lost World: A Novel Michael Crichton Alfred A. Knopf,28,7.5,7.645226621451448
0684863472,A Heartbreaking Work Of Staggering Genius : A Memoir Based on a True Story,Dave Eggers,2000,Simon & Schuster,http://images.amazon.com/images/P/0684863472.01.THUMBZZZ.jpg,http://images.amazon.com/images/P/0684863472.01.MZZZZZZZ.jpg,http://images.amazon.com/images/P/0684863472.01.LZZZZZZZ.jpg,A Heartbreaking Work Of Staggering Genius : A Memoir Based on a True Story Dave Eggers Simon & Schuster,16,6.8125,7.388079939713042
0345452534,The Murder Book,JONATHAN KELLERMAN,2002,Ballantine Books,http://images.amazon.com/images/P/0345452534.01.THUMBZZZ.jpg,http://images.amazon.com/images/P/0345452534.01.MZZZZZZZ.jpg,http://images.amazon.com/images/P/0345452534.01.LZZZZZZZ.jpg,The Murder Book JONATHAN KELLERMAN Ballantine Books,24,8.125,7.999338132492489
0425164349,Timequake,Kurt Vonnegut,1998,Berkley Publishing Group,http://images.amazon.com/images/P/0425164349.01.THUMBZZZ.jpg,http://images.amazon.com/images/P/0425164349.01.MZZZZZZZ.jpg,http://images.amazon.com/images/P/0425164349.01.LZZZZZZZ.jpg,Timequake Kurt Vonnegut Berkley Publishing Group,15,7.733333333333333,7.799167937990557
0316602051,The Jester,James Patterson,2003,"Little, Brown",http://images.amazon.com/images/P/0316602051.01.THUMBZZZ.jpg,http://images.amazon.com/images/P/0316602051.01.MZZZZZZZ.jpg,http://images.amazon.com/images/P/0316602051.01.LZZZZZZZ.jpg,"The Jester James Patterson Little, Brown",29,7.655172413793103,7.734099547544276
0373825013,"Whirlwind (Tyler, Book 1)",Nancy Martin,1992,Harlequin,http://images.amazon.com/images/P/0373825013.01.THUMBZZZ.jpg,http://images.amazon.com/images/P/0373825013.01.MZZZZZZZ.jpg,http://images.amazon.com/images/P/0373825013.01.LZZZZZZZ.jpg,"Whirlwind (Tyler, Book 1) Nancy Martin Harlequin",17,6.705882352941177,7.323537238639718
0399149392,Chesapeake Blue (Quinn Brothers (Hardcover)),Nora Roberts,2002,Putnam Publishing Group,http://images.amazon.com/images/P/0399149392.01.THUMBZZZ.jpg,http://images.amazon.com/images/P/0399149392.01.MZZZZZZZ.jpg,http://images.amazon.com/images/P/0399149392.01.LZZZZZZZ.jpg,Chesapeake Blue (Quinn Brothers (Hardcover)) Nora Roberts Putnam Publishing Group,17,8.352941176470589,8.080293995396474
1551668912,Thursday'S At Eight,Debbie Macomber,2002,Mira,http://images.amazon.com/images/P/1551668912.01.THUMBZZZ.jpg,http://images.amazon.com/images/P/1551668912.01.MZZZZZZZ.jpg,http://images.amazon.com/images/P/1551668912.01.LZZZZZZZ.jpg,Thursday'S At Eight Debbie Macomber Mira,16,8.125,7.971413273046375
0671027581,Open Season,Linda Howard,2002,Pocket,http://images.amazon.com/images/P/0671027581.01.THUMBZZZ.jpg,http://images.amazon.com/images/P/0671027581.01.MZZZZZZZ.jpg,http://images.amazon.com/images/P/0671027581.01.LZZZZZZZ.jpg,Open Season Linda Howard Pocket,30,7.0,7.339417556593391
0684815451,SILENT NIGHT : The Story of the World War I Christmas Truce,Mary Higgins Clark,1995,Simon & Schuster,http://images.amazon.com/images/P/0684815451.01.THUMBZZZ.jpg,http://images.amazon.com/images/P/0684815451.01.MZZZZZZZ.jpg,http://images.amazon.com/images/P/0684815451.01.LZZZZZZZ.jpg,SILENT NIGHT : The Story of the World War I Christmas Truce Mary Higgins Clark Simon & Schuster,15,7.666666666666667,7.7705965094191285
0425162788,Politika (Tom Clancy's Power Plays (Paperback)),Tom Clancy,1999,Berkley Publishing Group,http://images.amazon.com/images/P/0425162788.01.THUMBZZZ.jpg,http://images.amazon.com/images/P/0425162788.01.MZZZZZZZ.jpg,http://images.amazon.com/images/P/0425162788.01.LZZZZZZZ.jpg,Politika (Tom Clancy's Power Plays (Paperback)) Tom Clancy Berkley Publishing Group,15,6.333333333333333,7.199167937990557
0373243286,"Irish Rebel (Special Edition, 1328)",Nora Roberts,2000,Silhouette,http://images.amazon.com/images/P/0373243286.01.THUMBZZZ.jpg,http://images.amazon.com/images/P/0373243286.01.MZZZZZZZ.jpg,http://images.amazon.com/images/P/0373243286.01.LZZZZZZZ.jpg,"Irish Rebel (Special Edition, 1328) Nora Roberts Silhouette",18,7.388888888888889,7.630812574464987
0373484895,Captive Star,Nora Roberts,2001,Silhouette,http://images.amazon.com/images/P/0373484895.01.THUMBZZZ.jpg,http://images.amazon.com/images/P/0373484895.01.MZZZZZZZ.jpg,http://images.amazon.com/images/P/0373484895.01.LZZZZZZZ.jpg,Captive Star Nora Roberts Silhouette,13,6.769230769230769,7.42335993423241
039914739X,Isle of Dogs,Patricia Daniels Cornwell,2001,Putnam Publishing Group,http://images.amazon.com/images/P/039914739X.01.THUMBZZZ.jpg,http://images.amazon.com/images/P/039914739X.01.MZZZZZZZ.jpg,http://images.amazon.com/images/P/039914739X.01.LZZZZZZZ.jpg,Isle of Dogs Patricia Daniels Cornwell Putnam Publishing Group,17,5.176470588235294,6.620834535937014
0553583980,True Blue,Luanne Rice,2002,Bantam Books,http://images.amazon.com/images/P/0553583980.01.THUMBZZZ.jpg,http://images.amazon.com/images/P/0553583980.01.MZZZZZZZ.jpg,http://images.amazon.com/images/P/0553583980.01.LZZZZZZZ.jpg,True Blue Luanne Rice Bantam Books,18,7.555555555555555,7.7097599428860395
0440224853,The Ghost,Danielle Steel,1998,Dell Publishing Company,http://images.amazon.com/images/P/0440224853.01.THUMBZZZ.jpg,http://images.amazon.com/images/P/0440224853.01.MZZZZZZZ.jpg,http://images.amazon.com/images/P/0440224853.01.LZZZZZZZ.jpg,The Ghost Danielle Steel Dell Publishing Company,16,7.625,7.7491910508241535
0393050939,Stiff: The Curious Lives of Human Cadavers,Mary Roach,2003,W. W. Norton & Company,http://images.amazon.com/images/P/0393050939.01.THUMBZZZ.jpg,http://images.amazon.com/images/P/0393050939.01.MZZZZZZZ.jpg,http://images.amazon.com/images/P/0393050939.01.LZZZZZZZ.jpg,Stiff: The Curious Lives of Human Cadavers Mary Roach W. W. Norton & Company,19,9.0,8.409509687940243
0671727796,The Color Purple,Alice Walker,1990,Pocket,http://images.amazon.com/images/P/0671727796.01.THUMBZZZ.jpg,http://images.amazon.com/images/P/0671727796.01.MZZZZZZZ.jpg,http://images.amazon.com/images/P/0671727796.01.LZZZZZZZ.jpg,The Color Purple Alice Walker Pocket,39,8.538461538461538,8.304591149655415
0679441018,Memnoch the Devil : The Vampire Chronicles (Vampire Chronicles),ANNE RICE,1995,Knopf,http://images.amazon.com/images/P/0679441018.01.THUMBZZZ.jpg,http://images.amazon.com/images/P/0679441018.01.MZZZZZZZ.jpg,http://images.amazon.com/images/P/0679441018.01.LZZZZZZZ.jpg,Memnoch the Devil : The Vampire Chronicles (Vampire Chronicles) ANNE RICE Knopf,26,7.1923076923076925,7.477627778905859
0446611913,Up Country,Nelson DeMille,2003,Warner Vision,http://images.amazon.com/images/P/0446611913.01.THUMBZZZ.jpg,http://images.amazon.com/images/P/0446611913.01.MZZZZZZZ.jpg,http://images.amazon.com/images/P/0446611913.01.LZZZZZZZ.jpg,Up Country Nelson DeMille Warner Vision,17,8.294117647058824,8.053266968369448
0156012197,The Little Prince,Antoine de Saint-ExupÃ©ry,2000,Harvest Books,http://images.amazon.com/images/P/0156012197.01.THUMBZZZ.jpg,http://images.amazon.com/images/P/0156012197.01.MZZZZZZZ.jpg,http://images.amazon.com/images/P/0156012197.01.LZZZZZZZ.jpg,The Little Prince Antoine de Saint-ExupÃ©ry Harvest Books,19,9.368421052631579,8.588996867427422
0312925883,Not Without My Daughter,Betty Mahmoody,1993,St. Martin's Press,http://images.amazon.com/images/P/0312925883.01.THUMBZZZ.jpg,http://images.amazon.com/images/P/0312925883.01.MZZZZZZZ.jpg,http://images.amazon.com/images/P/0312925883.01.LZZZZZZZ.jpg,Not Without My Daughter Betty Mahmoody St. Martin's Press,16,8.25,8.02696882860193
0425104346,Darkfall,Dean R. Koontz,1996,Berkley Publishing Group,http://images.amazon.com/images/P/0425104346.01.THUMBZZZ.jpg,http://images.amazon.com/images/P/0425104346.01.MZZZZZZZ.jpg,http://images.amazon.com/images/P/0425104346.01.LZZZZZZZ.jpg,Darkfall Dean R. Koontz Berkley Publishing Group,18,8.11111111111111,7.972917837622882
0425119920,Strangers,Dean R. Koontz,1996,Berkley Publishing Group,http://images.amazon.com/images/P/0425119920.01.THUMBZZZ.jpg,http://images.amazon.com/images/P/0425119920.01.MZZZZZZZ.jpg,http://images.amazon.com/images/P/0425119920.01.LZZZZZZZ.jpg,Strangers Dean R. Koontz Berkley Publishing Group,17,8.0,7.9181318332343125
0061030635,Wild Justice,Phillip Margolin,2001,HarperTorch,http://images.amazon.com/images/P/0061030635.01.THUMBZZZ.jpg,http://images.amazon.com/images/P/0061030635.01.MZZZZZZZ.jpg,http://images.amazon.com/images/P/0061030635.01.LZZZZZZZ.jpg,Wild Justice Phillip Margolin HarperTorch,16,7.8125,7.832524384157486
0140345353,The Devil's Arithmetic,Jane Yolen,1990,Puffin Books,http://images.amazon.com/images/P/0140345353.01.THUMBZZZ.jpg,http://images.amazon.com/images/P/0140345353.01.MZZZZZZZ.jpg,http://images.amazon.com/images/P/0140345353.01.LZZZZZZZ.jpg,The Devil's Arithmetic Jane Yolen Puffin Books,7,8.0,7.88781028998776
0451160525,"The Gunslinger (The Dark Tower, Book 1)",Stephen King,1994,New American Library,http://images.amazon.com/images/P/0451160525.01.THUMBZZZ.jpg,http://images.amazon.com/images/P/0451160525.01.MZZZZZZZ.jpg,http://images.amazon.com/images/P/0451160525.01.LZZZZZZZ.jpg,"The Gunslinger (The Dark Tower, Book 1) Stephen King New American Library",50,8.24,8.128155397566708
0385337116,The Rule of Four,Ian Caldwell,2004,Dial Books,http://images.amazon.com/images/P/0385337116.01.THUMBZZZ.jpg,http://images.amazon.com/images/P/0385337116.01.MZZZZZZZ.jpg,http://images.amazon.com/images/P/0385337116.01.LZZZZZZZ.jpg,The Rule of Four Ian Caldwell Dial Books,24,7.416666666666667,7.612974496128852
0345452569,A Cold Heart (Alex Delaware Novels (Paperback)),JONATHAN KELLERMAN,2003,Ballantine Books,http://images.amazon.com/images/P/0345452569.01.THUMBZZZ.jpg,http://images.amazon.com/images/P/0345452569.01.MZZZZZZZ.jpg,http://images.amazon.com/images/P/0345452569.01.LZZZZZZZ.jpg,A Cold Heart (Alex Delaware Novels (Paperback)) JONATHAN KELLERMAN Ballantine Books,22,7.818181818181818,7.832639948325465
0380714752,The True Confessions of Charlotte Doyle (rack),Avi,1992,HarperTrophy,http://images.amazon.com/images/P/0380714752.01.THUMBZZZ.jpg,http://images.amazon.com/images/P/0380714752.01.MZZZZZZZ.jpg,http://images.amazon.com/images/P/0380714752.01.LZZZZZZZ.jpg,The True Confessions of Charlotte Doyle (rack) Avi HarperTrophy,20,8.1,7.974271945741737
1558744592,A 4th Course of Chicken Soup for the Soul: 101 More Stories to Open the Heart and Rekindle the Spirit,Jack Canfield,1997,Health Communications,http://images.amazon.com/images/P/1558744592.01.THUMBZZZ.jpg,http://images.amazon.com/images/P/1558744592.01.MZZZZZZZ.jpg,http://images.amazon.com/images/P/1558744592.01.LZZZZZZZ.jpg,A 4th Course of Chicken Soup for the Soul: 101 More Stories to Open the Heart and Rekindle the Spirit Jack Canfield Health Communications,16,8.125,7.971413273046375
0743237196,Fall on Your Knees,Ann-Marie MacDonald,2002,Simon & Schuster,http://images.amazon.com/images/P/0743237196.01.THUMBZZZ.jpg,http://images.amazon.com/images/P/0743237196.01.MZZZZZZZ.jpg,http://images.amazon.com/images/P/0743237196.01.LZZZZZZZ.jpg,Fall on Your Knees Ann-Marie MacDonald Simon & Schuster,13,8.461538461538462,8.090026600899076
0385509510,Under the Banner of Heaven : A Story of Violent Faith,JON KRAKAUER,2003,Doubleday,http://images.amazon.com/images/P/0385509510.01.THUMBZZZ.jpg,http://images.amazon.com/images/P/0385509510.01.MZZZZZZZ.jpg,http://images.amazon.com/images/P/0385509510.01.LZZZZZZZ.jpg,Under the Banner of Heaven : A Story of Violent Faith JON KRAKAUER Doubleday,27,8.11111111111111,7.999380379354671
0373218486,Going Home: Unfinished Business/ Island of Flowers/ Mind Over Matter,Nora Roberts,2002,Silhouette,http://images.amazon.com/images/P/0373218486.01.THUMBZZZ.jpg,http://images.amazon.com/images/P/0373218486.01.MZZZZZZZ.jpg,http://images.amazon.com/images/P/0373218486.01.LZZZZZZZ.jpg,Going Home: Unfinished Business/ Island of Flowers/ Mind Over Matter Nora Roberts Silhouette,18,6.666666666666667,7.288707311307093
0515118656,The Cove,Catherine Coulter,1996,Jove Books,http://images.amazon.com/images/P/0515118656.01.THUMBZZZ.jpg,http://images.amazon.com/images/P/0515118656.01.MZZZZZZZ.jpg,http://images.amazon.com/images/P/0515118656.01.LZZZZZZZ.jpg,The Cove Catherine Coulter Jove Books,22,7.454545454545454,7.642163757849274
0425155943,Contagion,Robin Cook,1998,Berkley Publishing Group,http://images.amazon.com/images/P/0425155943.01.THUMBZZZ.jpg,http://images.amazon.com/images/P/0425155943.01.MZZZZZZZ.jpg,http://images.amazon.com/images/P/0425155943.01.LZZZZZZZ.jpg,Contagion Robin Cook Berkley Publishing Group,13,7.769230769230769,7.817299328171804
0449002411,The Presence,John Saul,1998,Ballantine Books,http://images.amazon.com/images/P/0449002411.01.THUMBZZZ.jpg,http://images.amazon.com/images/P/0449002411.01.MZZZZZZZ.jpg,http://images.amazon.com/images/P/0449002411.01.LZZZZZZZ.jpg,The Presence John Saul Ballantine Books,21,7.238095238095238,7.535875069016329
0553584375,No One to Trust,IRIS JOHANSEN,2003,Bantam,http://images.amazon.com/images/P/0553584375.01.THUMBZZZ.jpg,http://images.amazon.com/images/P/0553584375.01.MZZZZZZZ.jpg,http://images.amazon.com/images/P/0553584375.01.LZZZZZZZ.jpg,No One to Trust IRIS JOHANSEN Bantam,17,8.352941176470589,8.080293995396474
0679459626,Flesh and Blood,Jonathan Kellerman,2001,Random House,http://images.amazon.com/images/P/0679459626.01.THUMBZZZ.jpg,http://images.amazon.com/images/P/0679459626.01.MZZZZZZZ.jpg,http://images.amazon.com/images/P/0679459626.01.LZZZZZZZ.jpg,Flesh and Blood Jonathan Kellerman Random House,21,7.714285714285714,7.77977750804072
0425191184,Red Rabbit,Tom Clancy,2003,Berkley Publishing Group,http://images.amazon.com/images/P/0425191184.01.THUMBZZZ.jpg,http://images.amazon.com/images/P/0425191184.01.MZZZZZZZ.jpg,http://images.amazon.com/images/P/0425191184.01.LZZZZZZZ.jpg,Red Rabbit Tom Clancy Berkley Publishing Group,22,6.954545454545454,7.380258995944512
0446610100,Wish You Well,David Baldacci,2001,Warner Books,http://images.amazon.com/images/P/0446610100.01.THUMBZZZ.jpg,http://images.amazon.com/images/P/0446610100.01.MZZZZZZZ.jpg,http://images.amazon.com/images/P/0446610100.01.LZZZZZZZ.jpg,Wish You Well David Baldacci Warner Books,35,8.114285714285714,8.01765232417581
0679771476,The Law of Similars,CHRIS BOHJALIAN,2000,Vintage,http://images.amazon.com/images/P/0679771476.01.THUMBZZZ.jpg,http://images.amazon.com/images/P/0679771476.01.MZZZZZZZ.jpg,http://images.amazon.com/images/P/0679771476.01.LZZZZZZZ.jpg,The Law of Similars CHRIS BOHJALIAN Vintage,13,7.0,7.5142690251415
0060256656,The Giving Tree,Shel Silverstein,1964,HarperCollins Publishers,http://images.amazon.com/images/P/0060256656.01.THUMBZZZ.jpg,http://images.amazon.com/images/P/0060256656.01.MZZZZZZZ.jpg,http://images.amazon.com/images/P/0060256656.01.LZZZZZZZ.jpg,The Giving Tree Shel Silverstein HarperCollins Publishers,15,9.8,8.684882223704843
0440183057,Stillwatch,MARY HIGGINS CLARK,1986,Dell,http://images.amazon.com/images/P/0440183057.01.THUMBZZZ.jpg,http://images.amazon.com/images/P/0440183057.01.MZZZZZZZ.jpg,http://images.amazon.com/images/P/0440183057.01.LZZZZZZZ.jpg,Stillwatch MARY HIGGINS CLARK Dell,12,7.833333333333333,7.8428399321771725
0375506276,The Fourth Hand,JOHN IRVING,2001,Random House,http://images.amazon.com/images/P/0375506276.01.THUMBZZZ.jpg,http://images.amazon.com/images/P/0375506276.01.MZZZZZZZ.jpg,http://images.amazon.com/images/P/0375506276.01.LZZZZZZZ.jpg,The Fourth Hand JOHN IRVING Random House,17,7.470588235294118,7.674888589991069
0452281679,Simply Divine,Wendy Holden,2000,Plume Books,http://images.amazon.com/images/P/0452281679.01.THUMBZZZ.jpg,http://images.amazon.com/images/P/0452281679.01.MZZZZZZZ.jpg,http://images.amazon.com/images/P/0452281679.01.LZZZZZZZ.jpg,Simply Divine Wendy Holden Plume Books,11,7.545454545454546,7.740996059021597
0140092323,Lake Wobegon days,Garrison Keillor,1986,Penguin Books,http://images.amazon.com/images/P/0140092323.01.THUMBZZZ.jpg,http://images.amazon.com/images/P/0140092323.01.MZZZZZZZ.jpg,http://images.amazon.com/images/P/0140092323.01.LZZZZZZZ.jpg,Lake Wobegon days Garrison Keillor Penguin Books,16,7.0,7.471413273046375
037570910X,The Feast of Love (Vintage Contemporaries (Paperback)),Charles Baxter,2001,Vintage Books USA,http://images.amazon.com/images/P/037570910X.01.THUMBZZZ.jpg,http://images.amazon.com/images/P/037570910X.01.MZZZZZZZ.jpg,http://images.amazon.com/images/P/037570910X.01.LZZZZZZZ.jpg,The Feast of Love (Vintage Contemporaries (Paperback)) Charles Baxter Vintage Books USA,14,7.714285714285714,7.793261112637339
0142003727,Revenge of the Middle-Aged Woman,Elizabeth Buchan,2003,Penguin USA (Paper),http://images.amazon.com/images/P/0142003727.01.THUMBZZZ.jpg,http://images.amazon.com/images/P/0142003727.01.MZZZZZZZ.jpg,http://images.amazon.com/images/P/0142003727.01.LZZZZZZZ.jpg,Revenge of the Middle-Aged Woman Elizabeth Buchan Penguin USA (Paper),22,8.0,7.92787804356356
042515601X,Acts of War (Tom Clancy's Op Center (Paperback)),Tom Clancy,1997,Berkley Publishing Group,http://images.amazon.com/images/P/042515601X.01.THUMBZZZ.jpg,http://images.amazon.com/images/P/042515601X.01.MZZZZZZZ.jpg,http://images.amazon.com/images/P/042515601X.01.LZZZZZZZ.jpg,Acts of War (Tom Clancy's Op Center (Paperback)) Tom Clancy Berkley Publishing Group,15,7.0,7.484882223704843
0375725849,Perfume: The Story of a Murderer (Vintage International),Patrick Suskind,2001,Vintage Books USA,http://images.amazon.com/images/P/0375725849.01.THUMBZZZ.jpg,http://images.amazon.com/images/P/0375725849.01.MZZZZZZZ.jpg,http://images.amazon.com/images/P/0375725849.01.LZZZZZZZ.jpg,Perfume: The Story of a Murderer (Vintage International) Patrick Suskind Vintage Books USA,24,8.625,8.272065405219761
0440202043,Shell Seekers,Rosamunde Pilcher,1996,Dell,http://images.amazon.com/images/P/0440202043.01.THUMBZZZ.jpg,http://images.amazon.com/images/P/0440202043.01.MZZZZZZZ.jpg,http://images.amazon.com/images/P/0440202043.01.LZZZZZZZ.jpg,Shell Seekers Rosamunde Pilcher Dell,24,8.5,8.203883587037943
0140186409,The Grapes of Wrath (20th Century Classics),John Steinbeck,1992,Penguin Books,http://images.amazon.com/images/P/0140186409.01.THUMBZZZ.jpg,http://images.amazon.com/images/P/0140186409.01.MZZZZZZZ.jpg,http://images.amazon.com/images/P/0140186409.01.LZZZZZZZ.jpg,The Grapes of Wrath (20th Century Classics) John Steinbeck Penguin Books,22,8.227272727272727,8.046925662611178
0140386335,The Neverending Story,Michael Ende,1996,Puffin Books,http://images.amazon.com/images/P/0140386335.01.THUMBZZZ.jpg,http://images.amazon.com/images/P/0140386335.01.MZZZZZZZ.jpg,http://images.amazon.com/images/P/0140386335.01.LZZZZZZZ.jpg,The Neverending Story Michael Ende Puffin Books,18,9.0,8.393970469201829
0449910237,Moo,Jane Smiley,1996,Ballantine Books,http://images.amazon.com/images/P/0449910237.01.THUMBZZZ.jpg,http://images.amazon.com/images/P/0449910237.01.MZZZZZZZ.jpg,http://images.amazon.com/images/P/0449910237.01.LZZZZZZZ.jpg,Moo Jane Smiley Ballantine Books,16,7.0,7.471413273046375
0553260960,"The Mammoth Hunters (Auel, Jean M. , Earth's Children.)",Jean M. Auel,1986,Bantam Books,http://images.amazon.com/images/P/0553260960.01.THUMBZZZ.jpg,http://images.amazon.com/images/P/0553260960.01.MZZZZZZZ.jpg,http://images.amazon.com/images/P/0553260960.01.LZZZZZZZ.jpg,"The Mammoth Hunters (Auel, Jean M. , Earth's Children.) Jean M. Auel Bantam Books",17,7.529411764705882,7.701915617018096
0805059555,"\O\"" Is for Outlaw""",Sue Grafton,1999,Henry Holt & Company,http://images.amazon.com/images/P/0805059555.01.THUMBZZZ.jpg,http://images.amazon.com/images/P/0805059555.01.MZZZZZZZ.jpg,http://images.amazon.com/images/P/0805059555.01.LZZZZZZZ.jpg,"\O\"" Is for Outlaw"" Sue Grafton Henry Holt & Company",30,7.6,7.69941755659339
0399148701,Red Rabbit,Tom Clancy,2002,Putnam Publishing Group,http://images.amazon.com/images/P/0399148701.01.THUMBZZZ.jpg,http://images.amazon.com/images/P/0399148701.01.MZZZZZZZ.jpg,http://images.amazon.com/images/P/0399148701.01.LZZZZZZZ.jpg,Red Rabbit Tom Clancy Putnam Publishing Group,14,6.285714285714286,7.205025818519691
0515119644,The Judge,Steven Paul Martini,1996,Jove Books,http://images.amazon.com/images/P/0515119644.01.THUMBZZZ.jpg,http://images.amazon.com/images/P/0515119644.01.MZZZZZZZ.jpg,http://images.amazon.com/images/P/0515119644.01.LZZZZZZZ.jpg,The Judge Steven Paul Martini Jove Books,18,7.055555555555555,7.472917837622882
0446608262,The Lion's Game,Nelson DeMille,2000,Warner Books,http://images.amazon.com/images/P/0446608262.01.THUMBZZZ.jpg,http://images.amazon.com/images/P/0446608262.01.MZZZZZZZ.jpg,http://images.amazon.com/images/P/0446608262.01.LZZZZZZZ.jpg,The Lion's Game Nelson DeMille Warner Books,24,8.208333333333334,8.044792677947035
0345368932,All the Weyrs of Pern (Dragonriders of Pern (Paperback)),Anne McCaffrey,1992,Del Rey Books,http://images.amazon.com/images/P/0345368932.01.THUMBZZZ.jpg,http://images.amazon.com/images/P/0345368932.01.MZZZZZZZ.jpg,http://images.amazon.com/images/P/0345368932.01.LZZZZZZZ.jpg,All the Weyrs of Pern (Dragonriders of Pern (Paperback)) Anne McCaffrey Del Rey Books,20,8.15,7.999271945741738
0345404769,Silent Witness,RICHARD NORTH PATTERSON,1997,Ballantine Books,http://images.amazon.com/images/P/0345404769.01.THUMBZZZ.jpg,http://images.amazon.com/images/P/0345404769.01.MZZZZZZZ.jpg,http://images.amazon.com/images/P/0345404769.01.LZZZZZZZ.jpg,Silent Witness RICHARD NORTH PATTERSON Ballantine Books,15,7.6,7.7420250808477
0373484429,Reflections And Dreams,Nora Roberts,2001,Silhouette,http://images.amazon.com/images/P/0373484429.01.THUMBZZZ.jpg,http://images.amazon.com/images/P/0373484429.01.MZZZZZZZ.jpg,http://images.amazon.com/images/P/0373484429.01.LZZZZZZZ.jpg,Reflections And Dreams Nora Roberts Silhouette,19,7.7368421052631575,7.794125072555628
0441102670,"Chapterhouse Dune (Dune Chronicles, Book 6)",Frank Herbert,1996,ACE Charter,http://images.amazon.com/images/P/0441102670.01.THUMBZZZ.jpg,http://images.amazon.com/images/P/0441102670.01.MZZZZZZZ.jpg,http://images.amazon.com/images/P/0441102670.01.LZZZZZZZ.jpg,"Chapterhouse Dune (Dune Chronicles, Book 6) Frank Herbert ACE Charter",20,8.15,7.999271945741738
0385336810,Can You Keep a Secret?,Sophie Kinsella,2004,Dial Books,http://images.amazon.com/images/P/0385336810.01.THUMBZZZ.jpg,http://images.amazon.com/images/P/0385336810.01.MZZZZZZZ.jpg,http://images.amazon.com/images/P/0385336810.01.LZZZZZZZ.jpg,Can You Keep a Secret? Sophie Kinsella Dial Books,23,8.347826086956522,8.115601809992313
0399146253,The Last Precinct,Patricia Daniels Cornwell,2000,Putnam Publishing Group,http://images.amazon.com/images/P/0399146253.01.THUMBZZZ.jpg,http://images.amazon.com/images/P/0399146253.01.MZZZZZZZ.jpg,http://images.amazon.com/images/P/0399146253.01.LZZZZZZZ.jpg,The Last Precinct Patricia Daniels Cornwell Putnam Publishing Group,26,7.846153846153846,7.847192996297163
0553572202,Self-Defense (Alex Delaware Novels (Paperback)),Jonathan Kellerman,1995,Bantam Books,http://images.amazon.com/images/P/0553572202.01.THUMBZZZ.jpg,http://images.amazon.com/images/P/0553572202.01.MZZZZZZZ.jpg,http://images.amazon.com/images/P/0553572202.01.LZZZZZZZ.jpg,Self-Defense (Alex Delaware Novels (Paperback)) Jonathan Kellerman Bantam Books,19,7.684210526315789,7.768484046914603
0679459618,Dr. Death: A Novel,Jonathan Kellerman,2000,Random House Trade,http://images.amazon.com/images/P/0679459618.01.THUMBZZZ.jpg,http://images.amazon.com/images/P/0679459618.01.MZZZZZZZ.jpg,http://images.amazon.com/images/P/0679459618.01.LZZZZZZZ.jpg,Dr. Death: A Novel Jonathan Kellerman Random House Trade,26,7.653846153846154,7.7384973441232505
055358099X,Cloud Nine,Luanne Rice,2000,Bantam Books,http://images.amazon.com/images/P/055358099X.01.THUMBZZZ.jpg,http://images.amazon.com/images/P/055358099X.01.MZZZZZZZ.jpg,http://images.amazon.com/images/P/055358099X.01.LZZZZZZZ.jpg,Cloud Nine Luanne Rice Bantam Books,18,6.833333333333333,7.367654679728145
0380816547,Island of the Sequined Love Nun,Christopher Moore,2000,Perennial,http://images.amazon.com/images/P/0380816547.01.THUMBZZZ.jpg,http://images.amazon.com/images/P/0380816547.01.MZZZZZZZ.jpg,http://images.amazon.com/images/P/0380816547.01.LZZZZZZZ.jpg,Island of the Sequined Love Nun Christopher Moore Perennial,16,7.8125,7.832524384157486
0679721037,Hiroshima,John Hersey,1989,Vintage Books USA,http://images.amazon.com/images/P/0679721037.01.THUMBZZZ.jpg,http://images.amazon.com/images/P/0679721037.01.MZZZZZZZ.jpg,http://images.amazon.com/images/P/0679721037.01.LZZZZZZZ.jpg,Hiroshima John Hersey Vintage Books USA,18,8.555555555555555,8.183444153412356
0812971043,The Dante Club : A Novel,MATTHEW PEARL,2004,Random House Trade Paperbacks,http://images.amazon.com/images/P/0812971043.01.THUMBZZZ.jpg,http://images.amazon.com/images/P/0812971043.01.MZZZZZZZ.jpg,http://images.amazon.com/images/P/0812971043.01.LZZZZZZZ.jpg,The Dante Club : A Novel MATTHEW PEARL Random House Trade Paperbacks,18,7.055555555555555,7.472917837622882
0525941908,The Regulators,Richard Bachman,1996,Dutton Books,http://images.amazon.com/images/P/0525941908.01.THUMBZZZ.jpg,http://images.amazon.com/images/P/0525941908.01.MZZZZZZZ.jpg,http://images.amazon.com/images/P/0525941908.01.LZZZZZZZ.jpg,The Regulators Richard Bachman Dutton Books,26,7.115384615384615,7.4341495180362935
0515119784,Range of Motion,Elizabeth Berg,1996,Jove Books,http://images.amazon.com/images/P/0515119784.01.THUMBZZZ.jpg,http://images.amazon.com/images/P/0515119784.01.MZZZZZZZ.jpg,http://images.amazon.com/images/P/0515119784.01.LZZZZZZZ.jpg,Range of Motion Elizabeth Berg Jove Books,18,7.722222222222222,7.788707311307093
0451192036,Black Like Me,John Howard Griffin,1996,Signet Book,http://images.amazon.com/images/P/0451192036.01.THUMBZZZ.jpg,http://images.amazon.com/images/P/0451192036.01.MZZZZZZZ.jpg,http://images.amazon.com/images/P/0451192036.01.LZZZZZZZ.jpg,Black Like Me John Howard Griffin Signet Book,16,8.125,7.971413273046375
1860492592,Alias Grace,Margaret Atwood,0,Virago Press Limited,http://images.amazon.com/images/P/1860492592.01.THUMBZZZ.jpg,http://images.amazon.com/images/P/1860492592.01.MZZZZZZZ.jpg,http://images.amazon.com/images/P/1860492592.01.LZZZZZZZ.jpg,Alias Grace Margaret Atwood Virago Press Limited,7,8.428571428571429,7.998921401098871
0451167538,Different Seasons (Signet),Stephen King,2004,Signet Book,http://images.amazon.com/images/P/0451167538.01.THUMBZZZ.jpg,http://images.amazon.com/images/P/0451167538.01.MZZZZZZZ.jpg,http://images.amazon.com/images/P/0451167538.01.LZZZZZZZ.jpg,Different Seasons (Signet) Stephen King Signet Book,19,8.157894736842104,7.999253277683833
0812509250,Xenocide (Ender Wiggins Saga (Paperback)),Orson Scott Card,1992,Tor Books,http://images.amazon.com/images/P/0812509250.01.THUMBZZZ.jpg,http://images.amazon.com/images/P/0812509250.01.MZZZZZZZ.jpg,http://images.amazon.com/images/P/0812509250.01.LZZZZZZZ.jpg,Xenocide (Ender Wiggins Saga (Paperback)) Orson Scott Card Tor Books,21,7.571428571428571,7.706606776333403
0804102988,Sarum: The Novel of England,Edward Rutherford,1992,Ivy Books,http://images.amazon.com/images/P/0804102988.01.THUMBZZZ.jpg,http://images.amazon.com/images/P/0804102988.01.MZZZZZZZ.jpg,http://images.amazon.com/images/P/0804102988.01.LZZZZZZZ.jpg,Sarum: The Novel of England Edward Rutherford Ivy Books,20,8.4,8.124271945741738
0140430016,Wuthering Heights (Penguin Classics),Emily Bronte,1985,Penguin USA,http://images.amazon.com/images/P/0140430016.01.THUMBZZZ.jpg,http://images.amazon.com/images/P/0140430016.01.MZZZZZZZ.jpg,http://images.amazon.com/images/P/0140430016.01.LZZZZZZZ.jpg,Wuthering Heights (Penguin Classics) Emily Bronte Penguin USA,11,7.636363636363637,7.773254123537726
0312978367,The Prometheus Deception,Robert Ludlum,2001,St. Martin's Press,http://images.amazon.com/images/P/0312978367.01.THUMBZZZ.jpg,http://images.amazon.com/images/P/0312978367.01.MZZZZZZZ.jpg,http://images.amazon.com/images/P/0312978367.01.LZZZZZZZ.jpg,The Prometheus Deception Robert Ludlum St. Martin's Press,15,7.866666666666666,7.856310795133414
0446603929,See How They Run,James Patterson,1997,Warner Books,http://images.amazon.com/images/P/0446603929.01.THUMBZZZ.jpg,http://images.amazon.com/images/P/0446603929.01.MZZZZZZZ.jpg,http://images.amazon.com/images/P/0446603929.01.LZZZZZZZ.jpg,See How They Run James Patterson Warner Books,29,6.689655172413793,7.162670976115704
0553148001,The Clan of the Cave Bear : a novel,Jean M. Auel,1981,Bantam Books,http://images.amazon.com/images/P/0553148001.01.THUMBZZZ.jpg,http://images.amazon.com/images/P/0553148001.01.MZZZZZZZ.jpg,http://images.amazon.com/images/P/0553148001.01.LZZZZZZZ.jpg,The Clan of the Cave Bear : a novel Jean M. Auel Bantam Books,14,9.142857142857142,8.381496406754986
0451190556,The Green Mile: The Bad Death of Eduard Delacroix (Green Mile Series),Stephen King,1996,Signet Book,http://images.amazon.com/images/P/0451190556.01.THUMBZZZ.jpg,http://images.amazon.com/images/P/0451190556.01.MZZZZZZZ.jpg,http://images.amazon.com/images/P/0451190556.01.LZZZZZZZ.jpg,The Green Mile: The Bad Death of Eduard Delacroix (Green Mile Series) Stephen King Signet Book,24,8.375,8.135701768856125
0451173317,"The Waste Lands (The Dark Tower, Book 3)",Stephen King,1997,Signet Book,http://images.amazon.com/images/P/0451173317.01.THUMBZZZ.jpg,http://images.amazon.com/images/P/0451173317.01.MZZZZZZZ.jpg,http://images.amazon.com/images/P/0451173317.01.LZZZZZZZ.jpg,"The Waste Lands (The Dark Tower, Book 3) Stephen King Signet Book",25,8.44,8.1771306184371
067169071X,EVERYTHING SHE EVER WANTED,Ann Rule,1993,Pocket,http://images.amazon.com/images/P/067169071X.01.THUMBZZZ.jpg,http://images.amazon.com/images/P/067169071X.01.MZZZZZZZ.jpg,http://images.amazon.com/images/P/067169071X.01.LZZZZZZZ.jpg,EVERYTHING SHE EVER WANTED Ann Rule Pocket,17,7.470588235294118,7.674888589991069
0061020702,The Light Fantastic (Discworld Novels (Paperback)),Terry Pratchett,2000,HarperTorch,http://images.amazon.com/images/P/0061020702.01.THUMBZZZ.jpg,http://images.amazon.com/images/P/0061020702.01.MZZZZZZZ.jpg,http://images.amazon.com/images/P/0061020702.01.LZZZZZZZ.jpg,The Light Fantastic (Discworld Novels (Paperback)) Terry Pratchett HarperTorch,18,8.166666666666666,7.999233627096565
0061030597,Moment of Truth,Lisa Scottoline,2001,HarperTorch,http://images.amazon.com/images/P/0061030597.01.THUMBZZZ.jpg,http://images.amazon.com/images/P/0061030597.01.MZZZZZZZ.jpg,http://images.amazon.com/images/P/0061030597.01.LZZZZZZZ.jpg,Moment of Truth Lisa Scottoline HarperTorch,17,7.235294117647059,7.566780481882961
0553268937,The Water Is Wide,PAT CONROY,1987,Bantam,http://images.amazon.com/images/P/0553268937.01.THUMBZZZ.jpg,http://images.amazon.com/images/P/0553268937.01.MZZZZZZZ.jpg,http://images.amazon.com/images/P/0553268937.01.LZZZZZZZ.jpg,The Water Is Wide PAT CONROY Bantam,12,8.083333333333334,7.9365899321771725
0440213282,No Greater Love,Danielle Steel,1992,Dell,http://images.amazon.com/images/P/0440213282.01.THUMBZZZ.jpg,http://images.amazon.com/images/P/0440213282.01.MZZZZZZZ.jpg,http://images.amazon.com/images/P/0440213282.01.LZZZZZZZ.jpg,No Greater Love Danielle Steel Dell,18,8.166666666666666,7.999233627096565
0515133639,The Absence of Nectar,Kathy Hepinstall,2002,Jove Books,http://images.amazon.com/images/P/0515133639.01.THUMBZZZ.jpg,http://images.amazon.com/images/P/0515133639.01.MZZZZZZZ.jpg,http://images.amazon.com/images/P/0515133639.01.LZZZZZZZ.jpg,The Absence of Nectar Kathy Hepinstall Jove Books,16,8.0625,7.943635495268597
0553283685,Hyperion,DAN SIMMONS,1990,Bantam,http://images.amazon.com/images/P/0553283685.01.THUMBZZZ.jpg,http://images.amazon.com/images/P/0553283685.01.MZZZZZZZ.jpg,http://images.amazon.com/images/P/0553283685.01.LZZZZZZZ.jpg,Hyperion DAN SIMMONS Bantam,20,8.3,8.074271945741739
0425192733,Portrait of a Killer: Jack the Ripper-- Case Closed (Berkley True Crime),Patricia Cornwell,2003,Berkley Publishing Group,http://images.amazon.com/images/P/0425192733.01.THUMBZZZ.jpg,http://images.amazon.com/images/P/0425192733.01.MZZZZZZZ.jpg,http://images.amazon.com/images/P/0425192733.01.LZZZZZZZ.jpg,Portrait of a Killer: Jack the Ripper-- Case Closed (Berkley True Crime) Patricia Cornwell Berkley Publishing Group,25,6.2,6.932686173992655
3257229534,Der Vorleser,Bernhard Schlink,1999,Diogenes Verlag AG,http://images.amazon.com/images/P/3257229534.01.THUMBZZZ.jpg,http://images.amazon.com/images/P/3257229534.01.MZZZZZZZ.jpg,http://images.amazon.com/images/P/3257229534.01.LZZZZZZZ.jpg,Der Vorleser Bernhard Schlink Diogenes Verlag AG,5,8.4,7.958835113186781
3404118960,Die SÃ?Â¤ulen der Erde. Roman.,Ken Follett,1992,LÃ?Â¼bbe,http://images.amazon.com/images/P/3404118960.01.THUMBZZZ.jpg,http://images.amazon.com/images/P/3404118960.01.MZZZZZZZ.jpg,http://images.amazon.com/images/P/3404118960.01.LZZZZZZZ.jpg,Die SÃ?Â¤ulen der Erde. Roman. Ken Follett LÃ?Â¼bbe,8,9.5,8.320388493916768
3423204206,Die falsche FÃ?Â¤hrte.,Henning Mankell,2001,Dtv,http://images.amazon.com/images/P/3423204206.01.THUMBZZZ.jpg,http://images.amazon.com/images/P/3423204206.01.MZZZZZZZ.jpg,http://images.amazon.com/images/P/3423204206.01.LZZZZZZZ.jpg,Die falsche FÃ?Â¤hrte. Henning Mankell Dtv,12,7.833333333333333,7.8428399321771725
3257228007,Das Parfum: Die Geschichte Eines Morders,Patrick Suskind,1994,Distribooks Inc,http://images.amazon.com/images/P/3257228007.01.THUMBZZZ.jpg,http://images.amazon.com/images/P/3257228007.01.MZZZZZZZ.jpg,http://images.amazon.com/images/P/3257228007.01.LZZZZZZZ.jpg,Das Parfum: Die Geschichte Eines Morders Patrick Suskind Distribooks Inc,8,7.25,7.677531351059625
0425097609,Whispers,Dean R. Koontz,1997,Berkley Publishing Group,http://images.amazon.com/images/P/0425097609.01.THUMBZZZ.jpg,http://images.amazon.com/images/P/0425097609.01.MZZZZZZZ.jpg,http://images.amazon.com/images/P/0425097609.01.LZZZZZZZ.jpg,Whispers Dean R. Koontz Berkley Publishing Group,16,7.6875,7.77696882860193
0553106643,Fear Nothing,DEAN KOONTZ,1998,Bantam,http://images.amazon.com/images/P/0553106643.01.THUMBZZZ.jpg,http://images.amazon.com/images/P/0553106643.01.MZZZZZZZ.jpg,http://images.amazon.com/images/P/0553106643.01.LZZZZZZZ.jpg,Fear Nothing DEAN KOONTZ Bantam,14,8.071428571428571,7.94031993616675
1551666839,Dead Run,Erica Spindler,2003,Mira,http://images.amazon.com/images/P/1551666839.01.THUMBZZZ.jpg,http://images.amazon.com/images/P/1551666839.01.MZZZZZZZ.jpg,http://images.amazon.com/images/P/1551666839.01.LZZZZZZZ.jpg,Dead Run Erica Spindler Mira,20,7.65,7.749271945741738
0425126064,Shadow Prey,John Sandford,2004,Berkley Publishing Group,http://images.amazon.com/images/P/0425126064.01.THUMBZZZ.jpg,http://images.amazon.com/images/P/0425126064.01.MZZZZZZZ.jpg,http://images.amazon.com/images/P/0425126064.01.LZZZZZZZ.jpg,Shadow Prey John Sandford Berkley Publishing Group,18,7.611111111111111,7.736075732359724
0425135020,The Empress File,John Sandford,2001,Berkley Publishing Group,http://images.amazon.com/images/P/0425135020.01.THUMBZZZ.jpg,http://images.amazon.com/images/P/0425135020.01.MZZZZZZZ.jpg,http://images.amazon.com/images/P/0425135020.01.LZZZZZZZ.jpg,The Empress File John Sandford Berkley Publishing Group,15,7.066666666666666,7.513453652276271
0446530077,Find Me,Rosie O'Donnell,2002,Warner Books,http://images.amazon.com/images/P/0446530077.01.THUMBZZZ.jpg,http://images.amazon.com/images/P/0446530077.01.MZZZZZZZ.jpg,http://images.amazon.com/images/P/0446530077.01.LZZZZZZZ.jpg,Find Me Rosie O'Donnell Warner Books,25,7.0,7.3771306184371
0553566040,Missing Joseph,Elizabeth George,1994,Bantam Books,http://images.amazon.com/images/P/0553566040.01.THUMBZZZ.jpg,http://images.amazon.com/images/P/0553566040.01.MZZZZZZZ.jpg,http://images.amazon.com/images/P/0553566040.01.LZZZZZZZ.jpg,Missing Joseph Elizabeth George Bantam Books,17,8.235294117647058,8.02623994134242
0446670111,Einstein's Dreams,Alan Lightman,1994,Warner Books,http://images.amazon.com/images/P/0446670111.01.THUMBZZZ.jpg,http://images.amazon.com/images/P/0446670111.01.MZZZZZZZ.jpg,http://images.amazon.com/images/P/0446670111.01.LZZZZZZZ.jpg,Einstein's Dreams Alan Lightman Warner Books,31,7.774193548387097,7.803350545679795
0425171493,Framed in Lace (Needlecraft Mysteries),Monica Ferris,1999,Prime Crime,http://images.amazon.com/images/P/0425171493.01.THUMBZZZ.jpg,http://images.amazon.com/images/P/0425171493.01.MZZZZZZZ.jpg,http://images.amazon.com/images/P/0425171493.01.LZZZZZZZ.jpg,Framed in Lace (Needlecraft Mysteries) Monica Ferris Prime Crime,12,7.5,7.7178399321771725
0609807900,Sloppy Firsts : A Novel,Megan McCafferty,2001,Three Rivers Press,http://images.amazon.com/images/P/0609807900.01.THUMBZZZ.jpg,http://images.amazon.com/images/P/0609807900.01.MZZZZZZZ.jpg,http://images.amazon.com/images/P/0609807900.01.LZZZZZZZ.jpg,Sloppy Firsts : A Novel Megan McCafferty Three Rivers Press,21,8.428571428571429,8.145631166577306
0679731725,The Remains of the Day (Vintage International),Kazuo Ishiguro,1993,Vintage Books USA,http://images.amazon.com/images/P/0679731725.01.THUMBZZZ.jpg,http://images.amazon.com/images/P/0679731725.01.MZZZZZZZ.jpg,http://images.amazon.com/images/P/0679731725.01.LZZZZZZZ.jpg,The Remains of the Day (Vintage International) Kazuo Ishiguro Vintage Books USA,26,7.961538461538462,7.912410387601511
044990928X,Operating Instructions: A Journal of My Son's First Year,Anne Lamott,1994,Ballantine Books,http://images.amazon.com/images/P/044990928X.01.THUMBZZZ.jpg,http://images.amazon.com/images/P/044990928X.01.MZZZZZZZ.jpg,http://images.amazon.com/images/P/044990928X.01.LZZZZZZZ.jpg,Operating Instructions: A Journal of My Son's First Year Anne Lamott Ballantine Books,13,8.846153846153847,8.241541752414228
1551667509,Haunted,Heather Graham,2003,Mira,http://images.amazon.com/images/P/1551667509.01.THUMBZZZ.jpg,http://images.amazon.com/images/P/1551667509.01.MZZZZZZZ.jpg,http://images.amazon.com/images/P/1551667509.01.LZZZZZZZ.jpg,Haunted Heather Graham Mira,18,6.777777777777778,7.341338890254461
1400033543,You Shall Know Our Velocity,DAVE EGGERS,2003,Vintage,http://images.amazon.com/images/P/1400033543.01.THUMBZZZ.jpg,http://images.amazon.com/images/P/1400033543.01.MZZZZZZZ.jpg,http://images.amazon.com/images/P/1400033543.01.LZZZZZZZ.jpg,You Shall Know Our Velocity DAVE EGGERS Vintage,16,7.875,7.860302161935264
0140620338,Picture of Dorian Gray,Oscar Wilde,0,Penguin Putnam~mass,http://images.amazon.com/images/P/0140620338.01.THUMBZZZ.jpg,http://images.amazon.com/images/P/0140620338.01.MZZZZZZZ.jpg,http://images.amazon.com/images/P/0140620338.01.LZZZZZZZ.jpg,Picture of Dorian Gray Oscar Wilde Penguin Putnam~mass,10,8.2,7.96569592765565
0440404193,"Are You There God?  It's Me, Margaret",JUDY BLUME,1971,Yearling,http://images.amazon.com/images/P/0440404193.01.THUMBZZZ.jpg,http://images.amazon.com/images/P/0440404193.01.MZZZZZZZ.jpg,http://images.amazon.com/images/P/0440404193.01.LZZZZZZZ.jpg,"Are You There God?  It's Me, Margaret JUDY BLUME Yearling",20,8.7,8.274271945741738
006440630X,The Midwife's Apprentice (Trophy Newbery),Karen Cushman,1996,HarperTrophy,http://images.amazon.com/images/P/006440630X.01.THUMBZZZ.jpg,http://images.amazon.com/images/P/006440630X.01.MZZZZZZZ.jpg,http://images.amazon.com/images/P/006440630X.01.LZZZZZZZ.jpg,The Midwife's Apprentice (Trophy Newbery) Karen Cushman HarperTrophy,12,7.25,7.6240899321771725
0449221180,Native Tongue,Carl Hiaasen,1992,Fawcett Books,http://images.amazon.com/images/P/0449221180.01.THUMBZZZ.jpg,http://images.amazon.com/images/P/0449221180.01.MZZZZZZZ.jpg,http://images.amazon.com/images/P/0449221180.01.LZZZZZZZ.jpg,Native Tongue Carl Hiaasen Fawcett Books,11,8.636363636363637,8.128092833215145
0345422589,"Running With the Demon (The Word and the Void Trilogy, Book 1)",Terry Brooks,1998,Del Rey Books,http://images.amazon.com/images/P/0345422589.01.THUMBZZZ.jpg,http://images.amazon.com/images/P/0345422589.01.MZZZZZZZ.jpg,http://images.amazon.com/images/P/0345422589.01.LZZZZZZZ.jpg,"Running With the Demon (The Word and the Void Trilogy, Book 1) Terry Brooks Del Rey Books",10,7.4,7.699029260988984
0743424425,The Shining,Stephen King,2001,Pocket,http://images.amazon.com/images/P/0743424425.01.THUMBZZZ.jpg,http://images.amazon.com/images/P/0743424425.01.MZZZZZZZ.jpg,http://images.amazon.com/images/P/0743424425.01.LZZZZZZZ.jpg,The Shining Stephen King Pocket,20,8.1,7.974271945741737
0886777631,"City of Golden Shadow (Otherland, Volume 1)",Tad Williams,1998,Daw Books,http://images.amazon.com/images/P/0886777631.01.THUMBZZZ.jpg,http://images.amazon.com/images/P/0886777631.01.MZZZZZZZ.jpg,http://images.amazon.com/images/P/0886777631.01.LZZZZZZZ.jpg,"City of Golden Shadow (Otherland, Volume 1) Tad Williams Daw Books",12,8.166666666666666,7.9678399321771725
0836218221,The Authoritative Calvin and Hobbes (Calvin and Hobbes),Bill Watterson,1990,Andrews McMeel Publishing,http://images.amazon.com/images/P/0836218221.01.THUMBZZZ.jpg,http://images.amazon.com/images/P/0836218221.01.MZZZZZZZ.jpg,http://images.amazon.com/images/P/0836218221.01.LZZZZZZZ.jpg,The Authoritative Calvin and Hobbes (Calvin and Hobbes) Bill Watterson Andrews McMeel Publishing,18,9.555555555555555,8.657128363938671
0553294385,"I, Robot",ISAAC ASIMOV,1991,Spectra,http://images.amazon.com/images/P/0553294385.01.THUMBZZZ.jpg,http://images.amazon.com/images/P/0553294385.01.MZZZZZZZ.jpg,http://images.amazon.com/images/P/0553294385.01.LZZZZZZZ.jpg,"I, Robot ISAAC ASIMOV Spectra",15,8.333333333333334,8.056310795133415
0812565959,Shadow of the Hegemon (Ender Wiggins Saga (Paperback)),Orson Scott Card,2001,Tor Books,http://images.amazon.com/images/P/0812565959.01.THUMBZZZ.jpg,http://images.amazon.com/images/P/0812565959.01.MZZZZZZZ.jpg,http://images.amazon.com/images/P/0812565959.01.LZZZZZZZ.jpg,Shadow of the Hegemon (Ender Wiggins Saga (Paperback)) Orson Scott Card Tor Books,13,8.461538461538462,8.090026600899076
8445071416,El Hobbit,J. R. R. Tolkien,1991,Minotauro,http://images.amazon.com/images/P/8445071416.01.THUMBZZZ.jpg,http://images.amazon.com/images/P/8445071416.01.MZZZZZZZ.jpg,http://images.amazon.com/images/P/8445071416.01.LZZZZZZZ.jpg,El Hobbit J. R. R. Tolkien Minotauro,6,8.5,7.998879916525751
3596150655,Generation Golf. Eine Inspektion,Florian Illies,2002,Distribooks,http://images.amazon.com/images/P/3596150655.01.THUMBZZZ.jpg,http://images.amazon.com/images/P/3596150655.01.MZZZZZZZ.jpg,http://images.amazon.com/images/P/3596150655.01.LZZZZZZZ.jpg,Generation Golf. Eine Inspektion Florian Illies Distribooks,4,7.5,7.790453242902896
0441783589,Starship Troopers,Robert A. Heinlein,1987,Ace Books,http://images.amazon.com/images/P/0441783589.01.THUMBZZZ.jpg,http://images.amazon.com/images/P/0441783589.01.MZZZZZZZ.jpg,http://images.amazon.com/images/P/0441783589.01.LZZZZZZZ.jpg,Starship Troopers Robert A. Heinlein Ace Books,17,7.823529411764706,7.837050752153231
8495618605,El Codigo Da Vinci / The Da Vinci Code,Dan Brown,2003,Ediciones Urano,http://images.amazon.com/images/P/8495618605.01.THUMBZZZ.jpg,http://images.amazon.com/images/P/8495618605.01.MZZZZZZZ.jpg,http://images.amazon.com/images/P/8495618605.01.LZZZZZZZ.jpg,El Codigo Da Vinci / The Da Vinci Code Dan Brown Ediciones Urano,1,3.0,7.617660849031882
0553582801,The Man Who Ate the 747,Ben Sherwood,2002,Bantam Books,http://images.amazon.com/images/P/0553582801.01.THUMBZZZ.jpg,http://images.amazon.com/images/P/0553582801.01.MZZZZZZZ.jpg,http://images.amazon.com/images/P/0553582801.01.LZZZZZZZ.jpg,The Man Who Ate the 747 Ben Sherwood Bantam Books,13,7.461538461538462,7.696087206959683
0517580497,Plains of Passage (Earth's Children),Jean M. Auel,1990,Random House Inc,http://images.amazon.com/images/P/0517580497.01.THUMBZZZ.jpg,http://images.amazon.com/images/P/0517580497.01.MZZZZZZZ.jpg,http://images.amazon.com/images/P/0517580497.01.LZZZZZZZ.jpg,Plains of Passage (Earth's Children) Jean M. Auel Random House Inc,13,7.6923076923076925,7.7869962978687735
0060083948,Tishomingo Blues,Elmore Leonard,2002,HarperTorch,http://images.amazon.com/images/P/0060083948.01.THUMBZZZ.jpg,http://images.amazon.com/images/P/0060083948.01.MZZZZZZZ.jpg,http://images.amazon.com/images/P/0060083948.01.LZZZZZZZ.jpg,Tishomingo Blues Elmore Leonard HarperTorch,11,6.7272727272727275,7.4506734783764355
0312971125,Crazy for You,Jennifer Crusie,2000,St. Martin's Press,http://images.amazon.com/images/P/0312971125.01.THUMBZZZ.jpg,http://images.amazon.com/images/P/0312971125.01.MZZZZZZZ.jpg,http://images.amazon.com/images/P/0312971125.01.LZZZZZZZ.jpg,Crazy for You Jennifer Crusie St. Martin's Press,20,7.45,7.649271945741738
0688163173,Shutter Island: A Novel,Dennis Lehane,2003,William Morrow,http://images.amazon.com/images/P/0688163173.01.THUMBZZZ.jpg,http://images.amazon.com/images/P/0688163173.01.MZZZZZZZ.jpg,http://images.amazon.com/images/P/0688163173.01.LZZZZZZZ.jpg,Shutter Island: A Novel Dennis Lehane William Morrow,16,8.75,8.249191050824153
0553213172,Anne of the Island,Lucy Maud Montgomery,1983,Bantam Classics,http://images.amazon.com/images/P/0553213172.01.THUMBZZZ.jpg,http://images.amazon.com/images/P/0553213172.01.MZZZZZZZ.jpg,http://images.amazon.com/images/P/0553213172.01.LZZZZZZZ.jpg,Anne of the Island Lucy Maud Montgomery Bantam Classics,23,8.869565217391305,8.394671577434174
0345450728,Distant Shores,Kristin Hannah,2003,Ballantine Books,http://images.amazon.com/images/P/0345450728.01.THUMBZZZ.jpg,http://images.amazon.com/images/P/0345450728.01.MZZZZZZZ.jpg,http://images.amazon.com/images/P/0345450728.01.LZZZZZZZ.jpg,Distant Shores Kristin Hannah Ballantine Books,13,7.538461538461538,7.726390237262713
0451186923,The Deep End of the Ocean,Jacquelyn Mitchard,1997,New Amer Library,http://images.amazon.com/images/P/0451186923.01.THUMBZZZ.jpg,http://images.amazon.com/images/P/0451186923.01.MZZZZZZZ.jpg,http://images.amazon.com/images/P/0451186923.01.LZZZZZZZ.jpg,The Deep End of the Ocean Jacquelyn Mitchard New Amer Library,15,8.4,8.084882223704843
0140042393,The Grapes of Wrath,John Steinbeck,1976,Penguin USA,http://images.amazon.com/images/P/0140042393.01.THUMBZZZ.jpg,http://images.amazon.com/images/P/0140042393.01.MZZZZZZZ.jpg,http://images.amazon.com/images/P/0140042393.01.LZZZZZZZ.jpg,The Grapes of Wrath John Steinbeck Penguin USA,18,9.0,8.393970469201829
0345413865,Billy Straight : A Novel,JONATHAN KELLERMAN,1999,Ballantine Books,http://images.amazon.com/images/P/0345413865.01.THUMBZZZ.jpg,http://images.amazon.com/images/P/0345413865.01.MZZZZZZZ.jpg,http://images.amazon.com/images/P/0345413865.01.LZZZZZZZ.jpg,Billy Straight : A Novel JONATHAN KELLERMAN Ballantine Books,21,7.380952380952381,7.6090458007236474
0425161722,Net Force,Tom Clancy,1999,Berkley Publishing Group,http://images.amazon.com/images/P/0425161722.01.THUMBZZZ.jpg,http://images.amazon.com/images/P/0425161722.01.MZZZZZZZ.jpg,http://images.amazon.com/images/P/0425161722.01.LZZZZZZZ.jpg,Net Force Tom Clancy Berkley Publishing Group,17,6.235294117647059,7.107321022423501
0553277243,Time Flies,BILL COSBY,1988,Bantam,http://images.amazon.com/images/P/0553277243.01.THUMBZZZ.jpg,http://images.amazon.com/images/P/0553277243.01.MZZZZZZZ.jpg,http://images.amazon.com/images/P/0553277243.01.LZZZZZZZ.jpg,Time Flies BILL COSBY Bantam,14,7.857142857142857,7.852084642049103
0060008776,Pagan Babies,Elmore Leonard,2002,HarperTorch,http://images.amazon.com/images/P/0060008776.01.THUMBZZZ.jpg,http://images.amazon.com/images/P/0060008776.01.MZZZZZZZ.jpg,http://images.amazon.com/images/P/0060008776.01.LZZZZZZZ.jpg,Pagan Babies Elmore Leonard HarperTorch,11,7.2727272727272725,7.6442218654732095
0671028383,Grave Secrets,Kathy Reichs,2003,Pocket Star,http://images.amazon.com/images/P/0671028383.01.THUMBZZZ.jpg,http://images.amazon.com/images/P/0671028383.01.MZZZZZZZ.jpg,http://images.amazon.com/images/P/0671028383.01.LZZZZZZZ.jpg,Grave Secrets Kathy Reichs Pocket Star,20,7.35,7.599271945741737
0743247612,The Funny Thing Is...,Ellen DeGeneres,2003,Simon & Schuster,http://images.amazon.com/images/P/0743247612.01.THUMBZZZ.jpg,http://images.amazon.com/images/P/0743247612.01.MZZZZZZZ.jpg,http://images.amazon.com/images/P/0743247612.01.LZZZZZZZ.jpg,The Funny Thing Is... Ellen DeGeneres Simon & Schuster,13,7.461538461538462,7.696087206959683
0515125628,The Target,Catherine Coulter,1999,Jove Books,http://images.amazon.com/images/P/0515125628.01.THUMBZZZ.jpg,http://images.amazon.com/images/P/0515125628.01.MZZZZZZZ.jpg,http://images.amazon.com/images/P/0515125628.01.LZZZZZZZ.jpg,The Target Catherine Coulter Jove Books,16,7.75,7.804746606379709
0316789976,The Weight of Water : A Novel Tag - Author of Resistance and Strange Fits of Passion,Anita Shreve,1997,"Little, Brown",http://images.amazon.com/images/P/0316789976.01.THUMBZZZ.jpg,http://images.amazon.com/images/P/0316789976.01.MZZZZZZZ.jpg,http://images.amazon.com/images/P/0316789976.01.LZZZZZZZ.jpg,"The Weight of Water : A Novel Tag - Author of Resistance and Strange Fits of Passion Anita Shreve Little, Brown",17,7.294117647058823,7.593807508909988
067168390X,Lonesome Dove,Larry McMurtry,1988,Pocket,http://images.amazon.com/images/P/067168390X.01.THUMBZZZ.jpg,http://images.amazon.com/images/P/067168390X.01.MZZZZZZZ.jpg,http://images.amazon.com/images/P/067168390X.01.LZZZZZZZ.jpg,Lonesome Dove Larry McMurtry Pocket,22,9.227272727272727,8.570735186420702
0140282033,Chocolat,Joanne Harris,2000,Penguin Books,http://images.amazon.com/images/P/0140282033.01.THUMBZZZ.jpg,http://images.amazon.com/images/P/0140282033.01.MZZZZZZZ.jpg,http://images.amazon.com/images/P/0140282033.01.LZZZZZZZ.jpg,Chocolat Joanne Harris Penguin Books,19,8.210526315789474,8.02489430332486
1579546463,"The South Beach Diet: The Delicious, Doctor-Designed, Foolproof Plan for Fast and Healthy Weight Loss",Arthur Agatston,2003,Rodale Books,http://images.amazon.com/images/P/1579546463.01.THUMBZZZ.jpg,http://images.amazon.com/images/P/1579546463.01.MZZZZZZZ.jpg,http://images.amazon.com/images/P/1579546463.01.LZZZZZZZ.jpg,"The South Beach Diet: The Delicious, Doctor-Designed, Foolproof Plan for Fast and Healthy Weight Loss Arthur Agatston Rodale Books",16,7.875,7.860302161935264
0804117683,Moo,Jane Smiley,1998,Ivy Books,http://images.amazon.com/images/P/0804117683.01.THUMBZZZ.jpg,http://images.amazon.com/images/P/0804117683.01.MZZZZZZZ.jpg,http://images.amazon.com/images/P/0804117683.01.LZZZZZZZ.jpg,Moo Jane Smiley Ivy Books,18,5.888888888888889,6.920286258675514
0440418321,"The Golden Compass (His Dark Materials, Book 1)",PHILIP PULLMAN,2001,Yearling,http://images.amazon.com/images/P/0440418321.01.THUMBZZZ.jpg,http://images.amazon.com/images/P/0440418321.01.MZZZZZZZ.jpg,http://images.amazon.com/images/P/0440418321.01.LZZZZZZZ.jpg,"The Golden Compass (His Dark Materials, Book 1) PHILIP PULLMAN Yearling",14,9.0,8.322672877343221
0553287893,Rendezvous with Rama,Arthur C. Clarke,1990,Bantam,http://images.amazon.com/images/P/0553287893.01.THUMBZZZ.jpg,http://images.amazon.com/images/P/0553287893.01.MZZZZZZZ.jpg,http://images.amazon.com/images/P/0553287893.01.LZZZZZZZ.jpg,Rendezvous with Rama Arthur C. Clarke Bantam,13,8.384615384615385,8.059723570596047
0446610178,The Sky Is Falling,Sidney Sheldon,2001,Warner Books,http://images.amazon.com/images/P/0446610178.01.THUMBZZZ.jpg,http://images.amazon.com/images/P/0446610178.01.MZZZZZZZ.jpg,http://images.amazon.com/images/P/0446610178.01.LZZZZZZZ.jpg,The Sky Is Falling Sidney Sheldon Warner Books,13,7.0,7.5142690251415
0671027662,Coast Road: A Novel,Barbara Delinsky,1999,Pocket Books,http://images.amazon.com/images/P/0671027662.01.THUMBZZZ.jpg,http://images.amazon.com/images/P/0671027662.01.MZZZZZZZ.jpg,http://images.amazon.com/images/P/0671027662.01.LZZZZZZZ.jpg,Coast Road: A Novel Barbara Delinsky Pocket Books,23,7.869565217391305,7.859787856503942
039914563X,The Bear and the Dragon,Tom Clancy,2000,G. P. Putnam's Sons,http://images.amazon.com/images/P/039914563X.01.THUMBZZZ.jpg,http://images.amazon.com/images/P/039914563X.01.MZZZZZZZ.jpg,http://images.amazon.com/images/P/039914563X.01.LZZZZZZZ.jpg,The Bear and the Dragon Tom Clancy G. P. Putnam's Sons,15,7.733333333333333,7.799167937990557
0446525774,Saving Faith,David Baldacci,1999,Warner Books,http://images.amazon.com/images/P/0446525774.01.THUMBZZZ.jpg,http://images.amazon.com/images/P/0446525774.01.MZZZZZZZ.jpg,http://images.amazon.com/images/P/0446525774.01.LZZZZZZZ.jpg,Saving Faith David Baldacci Warner Books,6,8.166666666666666,7.921956839602673
0399145672,Big Trouble,Dave Barry,1999,Putnam Publishing Group,http://images.amazon.com/images/P/0399145672.01.THUMBZZZ.jpg,http://images.amazon.com/images/P/0399145672.01.MZZZZZZZ.jpg,http://images.amazon.com/images/P/0399145672.01.LZZZZZZZ.jpg,Big Trouble Dave Barry Putnam Publishing Group,17,7.647058823529412,7.75596967107215
0425150984,Glory in Death,J. D. Robb,2004,Berkley Publishing Group,http://images.amazon.com/images/P/0425150984.01.THUMBZZZ.jpg,http://images.amazon.com/images/P/0425150984.01.MZZZZZZZ.jpg,http://images.amazon.com/images/P/0425150984.01.LZZZZZZZ.jpg,Glory in Death J. D. Robb Berkley Publishing Group,19,8.368421052631579,8.101817380247937
0345335511,"Pawn of Prophecy (The Belgariad, Book 1)",David Eddings,1990,Del Rey Books,http://images.amazon.com/images/P/0345335511.01.THUMBZZZ.jpg,http://images.amazon.com/images/P/0345335511.01.MZZZZZZZ.jpg,http://images.amazon.com/images/P/0345335511.01.LZZZZZZZ.jpg,"Pawn of Prophecy (The Belgariad, Book 1) David Eddings Del Rey Books",17,8.0,7.9181318332343125
0553099558,My Point - And I Do Have One,Ellen Degeneres,1995,Bantam,http://images.amazon.com/images/P/0553099558.01.THUMBZZZ.jpg,http://images.amazon.com/images/P/0553099558.01.MZZZZZZZ.jpg,http://images.amazon.com/images/P/0553099558.01.LZZZZZZZ.jpg,My Point - And I Do Have One Ellen Degeneres Bantam,13,7.769230769230769,7.817299328171804
0345303067,2010: Odyssey Two,Arthur C. Clarke,1984,Del Rey Books,http://images.amazon.com/images/P/0345303067.01.THUMBZZZ.jpg,http://images.amazon.com/images/P/0345303067.01.MZZZZZZZ.jpg,http://images.amazon.com/images/P/0345303067.01.LZZZZZZZ.jpg,2010: Odyssey Two Arthur C. Clarke Del Rey Books,19,7.7894736842105265,7.819766098196654
0590112899,"The Subtle Knife (His Dark Materials, Book 2)",Philip Pullman,1998,Scholastic Point,http://images.amazon.com/images/P/0590112899.01.THUMBZZZ.jpg,http://images.amazon.com/images/P/0590112899.01.MZZZZZZZ.jpg,http://images.amazon.com/images/P/0590112899.01.LZZZZZZZ.jpg,"The Subtle Knife (His Dark Materials, Book 2) Philip Pullman Scholastic Point",13,8.76923076923077,8.211238722111197
1880418568,"Wolves of the Calla (The Dark Tower, Book 5)",Stephen King,2003,Donald M. Grant/Scribner,http://images.amazon.com/images/P/1880418568.01.THUMBZZZ.jpg,http://images.amazon.com/images/P/1880418568.01.MZZZZZZZ.jpg,http://images.amazon.com/images/P/1880418568.01.LZZZZZZZ.jpg,"Wolves of the Calla (The Dark Tower, Book 5) Stephen King Donald M. Grant/Scribner",18,9.11111111111111,8.446602048149197
0679760806,The Master and Margarita,Mikhail Bulgakov,1996,Vintage Books USA,http://images.amazon.com/images/P/0679760806.01.THUMBZZZ.jpg,http://images.amazon.com/images/P/0679760806.01.MZZZZZZZ.jpg,http://images.amazon.com/images/P/0679760806.01.LZZZZZZZ.jpg,The Master and Margarita Mikhail Bulgakov Vintage Books USA,11,8.181818181818182,7.9668025106345
0380716542,Birds of Prey: A Novel of Suspense,J.A. Jance,2002,Avon,http://images.amazon.com/images/P/0380716542.01.THUMBZZZ.jpg,http://images.amazon.com/images/P/0380716542.01.MZZZZZZZ.jpg,http://images.amazon.com/images/P/0380716542.01.LZZZZZZZ.jpg,Birds of Prey: A Novel of Suspense J.A. Jance Avon,13,7.076923076923077,7.544572055444531
0440901588,A Swiftly Tilting Planet,Madeleine L'Engle,1979,Laure Leaf,http://images.amazon.com/images/P/0440901588.01.THUMBZZZ.jpg,http://images.amazon.com/images/P/0440901588.01.MZZZZZZZ.jpg,http://images.amazon.com/images/P/0440901588.01.LZZZZZZZ.jpg,A Swiftly Tilting Planet Madeleine L'Engle Laure Leaf,16,8.9375,8.332524384157486
0345422406,Merrick (Vampire/Witches Chronicles),Anne Rice,2001,Ballantine Books,http://images.amazon.com/images/P/0345422406.01.THUMBZZZ.jpg,http://images.amazon.com/images/P/0345422406.01.MZZZZZZZ.jpg,http://images.amazon.com/images/P/0345422406.01.LZZZZZZZ.jpg,Merrick (Vampire/Witches Chronicles) Anne Rice Ballantine Books,15,6.533333333333333,7.284882223704843
0552999458,Dead Famous,Ben Elton,2002,"Black Swan Books, Limited",http://images.amazon.com/images/P/0552999458.01.THUMBZZZ.jpg,http://images.amazon.com/images/P/0552999458.01.MZZZZZZZ.jpg,http://images.amazon.com/images/P/0552999458.01.LZZZZZZZ.jpg,"Dead Famous Ben Elton Black Swan Books, Limited",11,8.0,7.902286381602242
0515124893,Homeport,Nora Roberts,1999,Jove Books,http://images.amazon.com/images/P/0515124893.01.THUMBZZZ.jpg,http://images.amazon.com/images/P/0515124893.01.MZZZZZZZ.jpg,http://images.amazon.com/images/P/0515124893.01.LZZZZZZZ.jpg,Homeport Nora Roberts Jove Books,13,7.0,7.5142690251415
0671623249,LONESOME DOVE,Larry McMurtry,1986,Pocket,http://images.amazon.com/images/P/0671623249.01.THUMBZZZ.jpg,http://images.amazon.com/images/P/0671623249.01.MZZZZZZZ.jpg,http://images.amazon.com/images/P/0671623249.01.LZZZZZZZ.jpg,LONESOME DOVE Larry McMurtry Pocket,13,8.923076923076923,8.271844782717258
0575400951,About a Boy Uk,Nick Hornby,1998,Trafalgar Square,http://images.amazon.com/images/P/0575400951.01.THUMBZZZ.jpg,http://images.amazon.com/images/P/0575400951.01.MZZZZZZZ.jpg,http://images.amazon.com/images/P/0575400951.01.LZZZZZZZ.jpg,About a Boy Uk Nick Hornby Trafalgar Square,10,8.3,7.9990292609889835
0312275420,Being Dead : A Novel,Jim Crace,2001,Picador,http://images.amazon.com/images/P/0312275420.01.THUMBZZZ.jpg,http://images.amazon.com/images/P/0312275420.01.MZZZZZZZ.jpg,http://images.amazon.com/images/P/0312275420.01.LZZZZZZZ.jpg,Being Dead : A Novel Jim Crace Picador,10,7.2,7.632362594322316
0671755064,SHAMPOO PLANET : SHAMPOO PLANET,Douglas Coupland,1993,Washington Square Press,http://images.amazon.com/images/P/0671755064.01.THUMBZZZ.jpg,http://images.amazon.com/images/P/0671755064.01.MZZZZZZZ.jpg,http://images.amazon.com/images/P/0671755064.01.LZZZZZZZ.jpg,SHAMPOO PLANET : SHAMPOO PLANET Douglas Coupland Washington Square Press,16,6.75,7.360302161935264
034538184X,Degree of Guilt,Richard North Patterson,1995,Ballantine Books,http://images.amazon.com/images/P/034538184X.01.THUMBZZZ.jpg,http://images.amazon.com/images/P/034538184X.01.MZZZZZZZ.jpg,http://images.amazon.com/images/P/034538184X.01.LZZZZZZZ.jpg,Degree of Guilt Richard North Patterson Ballantine Books,17,7.470588235294118,7.674888589991069
0380698714,Sideways Stories from Wayside School (Wayside School),Louis Sachar,1985,HarperTrophy,http://images.amazon.com/images/P/0380698714.01.THUMBZZZ.jpg,http://images.amazon.com/images/P/0380698714.01.MZZZZZZZ.jpg,http://images.amazon.com/images/P/0380698714.01.LZZZZZZZ.jpg,Sideways Stories from Wayside School (Wayside School) Louis Sachar HarperTrophy,13,8.307692307692308,8.029420540293016
0679886370,Stargirl,JERRY SPINELLI,2000,Knopf Books for Young Readers,http://images.amazon.com/images/P/0679886370.01.THUMBZZZ.jpg,http://images.amazon.com/images/P/0679886370.01.MZZZZZZZ.jpg,http://images.amazon.com/images/P/0679886370.01.LZZZZZZZ.jpg,Stargirl JERRY SPINELLI Knopf Books for Young Readers,13,7.0,7.5142690251415
0743411331,Never Change,Elizabeth Berg,2002,Washington Square Press,http://images.amazon.com/images/P/0743411331.01.THUMBZZZ.jpg,http://images.amazon.com/images/P/0743411331.01.MZZZZZZZ.jpg,http://images.amazon.com/images/P/0743411331.01.LZZZZZZZ.jpg,Never Change Elizabeth Berg Washington Square Press,14,7.142857142857143,7.55796699499028
0446365505,Pleading Guilty,Scott Turow,1994,Warner Books,http://images.amazon.com/images/P/0446365505.01.THUMBZZZ.jpg,http://images.amazon.com/images/P/0446365505.01.MZZZZZZZ.jpg,http://images.amazon.com/images/P/0446365505.01.LZZZZZZZ.jpg,Pleading Guilty Scott Turow Warner Books,15,7.066666666666666,7.513453652276271
0743455967,On Writing,Stephen King,2002,Pocket,http://images.amazon.com/images/P/0743455967.01.THUMBZZZ.jpg,http://images.amazon.com/images/P/0743455967.01.MZZZZZZZ.jpg,http://images.amazon.com/images/P/0743455967.01.LZZZZZZZ.jpg,On Writing Stephen King Pocket,13,8.23076923076923,7.9991175099899845
0425151875,Tom Clancy's Op-Center: Games of State (Tom Clancy's Op Center (Paperback)),Tom Clancy,1996,Berkley Publishing Group,http://images.amazon.com/images/P/0425151875.01.THUMBZZZ.jpg,http://images.amazon.com/images/P/0425151875.01.MZZZZZZZ.jpg,http://images.amazon.com/images/P/0425151875.01.LZZZZZZZ.jpg,Tom Clancy's Op-Center: Games of State (Tom Clancy's Op Center (Paperback)) Tom Clancy Berkley Publishing Group,16,6.5,7.2491910508241535
0140131558,"The New York Trilogy: City of Glass, Ghosts, the Locked Room (Contemporary American Fiction Series)",Paul Auster,1994,Penguin Books,http://images.amazon.com/images/P/0140131558.01.THUMBZZZ.jpg,http://images.amazon.com/images/P/0140131558.01.MZZZZZZZ.jpg,http://images.amazon.com/images/P/0140131558.01.LZZZZZZZ.jpg,"The New York Trilogy: City of Glass, Ghosts, the Locked Room (Contemporary American Fiction Series) Paul Auster Penguin Books",12,7.75,7.8115899321771725
0446601977,Parable of the Sower,Octavia E. Butler,1995,Warner Books,http://images.amazon.com/images/P/0446601977.01.THUMBZZZ.jpg,http://images.amazon.com/images/P/0446601977.01.MZZZZZZZ.jpg,http://images.amazon.com/images/P/0446601977.01.LZZZZZZZ.jpg,Parable of the Sower Octavia E. Butler Warner Books,7,8.285714285714286,7.961884364061834
0553582658,Summer Light,Luanne Rice,2002,Bantam Books,http://images.amazon.com/images/P/0553582658.01.THUMBZZZ.jpg,http://images.amazon.com/images/P/0553582658.01.MZZZZZZZ.jpg,http://images.amazon.com/images/P/0553582658.01.LZZZZZZZ.jpg,Summer Light Luanne Rice Bantam Books,15,7.8,7.827739366561985
0552999954,High Society,Ben Elton,2003,"Black Swan Books, Limited",http://images.amazon.com/images/P/0552999954.01.THUMBZZZ.jpg,http://images.amazon.com/images/P/0552999954.01.MZZZZZZZ.jpg,http://images.amazon.com/images/P/0552999954.01.LZZZZZZZ.jpg,"High Society Ben Elton Black Swan Books, Limited",6,7.166666666666667,7.691187608833443
0553287346,Well-Schooled in Murder,Elizabeth George,1991,Bantam Books,http://images.amazon.com/images/P/0553287346.01.THUMBZZZ.jpg,http://images.amazon.com/images/P/0553287346.01.MZZZZZZZ.jpg,http://images.amazon.com/images/P/0553287346.01.LZZZZZZZ.jpg,Well-Schooled in Murder Elizabeth George Bantam Books,15,7.4,7.656310795133415
3746614007,Die PÃ?Â¤pstin.,Donna Woolfolk Cross,1998,Aufbau Tb,http://images.amazon.com/images/P/3746614007.01.THUMBZZZ.jpg,http://images.amazon.com/images/P/3746614007.01.MZZZZZZZ.jpg,http://images.amazon.com/images/P/3746614007.01.LZZZZZZZ.jpg,Die PÃ?Â¤pstin. Donna Woolfolk Cross Aufbau Tb,3,9.333333333333334,8.042212079550849
